Date,Product,Sales_Qty,Stock_Qty
2021-02-17,Rice,50,104
2021-02-17,Wheat,47,94
2021-02-17,Sugar,45,128
2021-02-17,Tea,13,34
2021-02-17,Oil,21,26
2021-02-17,Biscuits,64,159
2021-02-17,Soap,29,85
2021-02-17,Shampoo,26,70
2021-02-18,Rice,46,64
2021-02-18,Wheat,51,110
2021-02-18,Sugar,33,87
2021-02-18,Tea,13,23
2021-02-18,Oil,17,38
2021-02-18,Biscuits,61,129
2021-02-18,Soap,34,93
2021-02-18,Shampoo,25,48
2021-02-19,Rice,55,83
2021-02-19,Wheat,48,115
2021-02-19,Sugar,32,46
2021-02-19,Tea,15,27
2021-02-19,Oil,19,30
2021-02-19,Biscuits,54,65
2021-02-19,Soap,25,62
2021-02-19,Shampoo,20,54
2021-02-20,Rice,60,83
2021-02-20,Wheat,56,72
2021-02-20,Sugar,53,67
2021-02-20,Tea,18,42
2021-02-20,Oil,21,48
2021-02-20,Biscuits,77,106
2021-02-20,Soap,35,60
2021-02-20,Shampoo,31,90
2021-02-21,Rice,55,93
2021-02-21,Wheat,62,112
2021-02-21,Sugar,44,78
2021-02-21,Tea,15,29
2021-02-21,Oil,20,28
2021-02-21,Biscuits,63,122
2021-02-21,Soap,31,50
2021-02-21,Shampoo,28,78
2021-02-22,Rice,50,64
2021-02-22,Wheat,46,79
2021-02-22,Sugar,39,60
2021-02-22,Tea,12,19
2021-02-22,Oil,20,55
2021-02-22,Biscuits,70,131
2021-02-22,Soap,31,81
2021-02-22,Shampoo,28,49
2021-02-23,Rice,55,101
2021-02-23,Wheat,44,119
2021-02-23,Sugar,40,81
2021-02-23,Tea,15,23
2021-02-23,Oil,22,36
2021-02-23,Biscuits,59,161
2021-02-23,Soap,28,66
2021-02-23,Shampoo,26,46
2021-02-24,Rice,47,109
2021-02-24,Wheat,53,79
2021-02-24,Sugar,42,60
2021-02-24,Tea,16,47
2021-02-24,Oil,21,47
2021-02-24,Biscuits,58,70
2021-02-24,Soap,31,81
2021-02-24,Shampoo,25,64
2021-02-25,Rice,44,64
2021-02-25,Wheat,41,115
2021-02-25,Sugar,38,98
2021-02-25,Tea,13,27
2021-02-25,Oil,23,48
2021-02-25,Biscuits,48,81
2021-02-25,Soap,26,72
2021-02-25,Shampoo,25,45
2021-02-26,Rice,55,122
2021-02-26,Wheat,43,128
2021-02-26,Sugar,39,105
2021-02-26,Tea,13,28
2021-02-26,Oil,23,34
2021-02-26,Biscuits,52,130
2021-02-26,Soap,31,51
2021-02-26,Shampoo,25,31
2021-02-27,Rice,57,156
2021-02-27,Wheat,56,161
2021-02-27,Sugar,51,91
2021-02-27,Tea,19,43
2021-02-27,Oil,27,58
2021-02-27,Biscuits,77,219
2021-02-27,Soap,32,59
2021-02-27,Shampoo,36,75
2021-02-28,Rice,60,134
2021-02-28,Wheat,52,126
2021-02-28,Sugar,48,111
2021-02-28,Tea,16,33
2021-02-28,Oil,24,70
2021-02-28,Biscuits,82,105
2021-02-28,Soap,29,85
2021-02-28,Shampoo,26,54
2021-03-01,Rice,49,112
2021-03-01,Wheat,46,126
2021-03-01,Sugar,37,61
2021-03-01,Tea,15,36
2021-03-01,Oil,17,43
2021-03-01,Biscuits,56,116
2021-03-01,Soap,29,61
2021-03-01,Shampoo,20,53
2021-03-02,Rice,56,95
2021-03-02,Wheat,47,104
2021-03-02,Sugar,38,99
2021-03-02,Tea,15,35
2021-03-02,Oil,20,32
2021-03-02,Biscuits,68,170
2021-03-02,Soap,29,72
2021-03-02,Shampoo,29,51
2021-03-03,Rice,44,103
2021-03-03,Wheat,48,108
2021-03-03,Sugar,38,99
2021-03-03,Tea,14,20
2021-03-03,Oil,16,45
2021-03-03,Biscuits,58,105
2021-03-03,Soap,30,66
2021-03-03,Shampoo,23,44
2021-03-04,Rice,57,163
2021-03-04,Wheat,49,78
2021-03-04,Sugar,39,72
2021-03-04,Tea,12,25
2021-03-04,Oil,20,58
2021-03-04,Biscuits,58,160
2021-03-04,Soap,30,79
2021-03-04,Shampoo,24,68
2021-03-05,Rice,44,74
2021-03-05,Wheat,41,63
2021-03-05,Sugar,42,67
2021-03-05,Tea,13,20
2021-03-05,Oil,18,29
2021-03-05,Biscuits,64,126
2021-03-05,Soap,33,67
2021-03-05,Shampoo,21,55
2021-03-06,Rice,68,156
2021-03-06,Wheat,50,79
2021-03-06,Sugar,44,54
2021-03-06,Tea,15,39
2021-03-06,Oil,23,40
2021-03-06,Biscuits,75,198
2021-03-06,Soap,33,67
2021-03-06,Shampoo,28,53
2021-03-07,Rice,68,150
2021-03-07,Wheat,56,107
2021-03-07,Sugar,51,99
2021-03-07,Tea,19,39
2021-03-07,Oil,22,29
2021-03-07,Biscuits,75,154
2021-03-07,Soap,33,40
2021-03-07,Shampoo,28,82
2021-03-08,Rice,48,66
2021-03-08,Wheat,40,101
2021-03-08,Sugar,40,109
2021-03-08,Tea,13,21
2021-03-08,Oil,17,20
2021-03-08,Biscuits,58,76
2021-03-08,Soap,25,37
2021-03-08,Shampoo,23,67
2021-03-09,Rice,44,60
2021-03-09,Wheat,54,81
2021-03-09,Sugar,44,109
2021-03-09,Tea,16,42
2021-03-09,Oil,18,28
2021-03-09,Biscuits,51,104
2021-03-09,Soap,26,41
2021-03-09,Shampoo,25,45
2021-03-10,Rice,53,131
2021-03-10,Wheat,36,104
2021-03-10,Sugar,46,60
2021-03-10,Tea,17,21
2021-03-10,Oil,19,40
2021-03-10,Biscuits,55,133
2021-03-10,Soap,32,69
2021-03-10,Shampoo,24,35
2021-03-11,Rice,60,142
2021-03-11,Wheat,46,85
2021-03-11,Sugar,43,91
2021-03-11,Tea,15,21
2021-03-11,Oil,22,58
2021-03-11,Biscuits,62,114
2021-03-11,Soap,28,77
2021-03-11,Shampoo,21,52
2021-03-12,Rice,53,101
2021-03-12,Wheat,45,93
2021-03-12,Sugar,34,93
2021-03-12,Tea,13,28
2021-03-12,Oil,19,40
2021-03-12,Biscuits,56,140
2021-03-12,Soap,33,94
2021-03-12,Shampoo,25,73
2021-03-13,Rice,59,159
2021-03-13,Wheat,52,109
2021-03-13,Sugar,53,106
2021-03-13,Tea,18,29
2021-03-13,Oil,22,56
2021-03-13,Biscuits,80,187
2021-03-13,Soap,34,47
2021-03-13,Shampoo,28,70
2021-03-14,Rice,62,150
2021-03-14,Wheat,53,133
2021-03-14,Sugar,45,118
2021-03-14,Tea,19,26
2021-03-14,Oil,23,67
2021-03-14,Biscuits,76,100
2021-03-14,Soap,29,38
2021-03-14,Shampoo,25,51
2021-03-15,Rice,49,92
2021-03-15,Wheat,51,118
2021-03-15,Sugar,44,119
2021-03-15,Tea,15,32
2021-03-15,Oil,18,37
2021-03-15,Biscuits,56,68
2021-03-15,Soap,33,82
2021-03-15,Shampoo,22,43
2021-03-16,Rice,43,84
2021-03-16,Wheat,51,140
2021-03-16,Sugar,43,102
2021-03-16,Tea,17,21
2021-03-16,Oil,16,32
2021-03-16,Biscuits,60,139
2021-03-16,Soap,30,88
2021-03-16,Shampoo,25,54
2021-03-17,Rice,50,88
2021-03-17,Wheat,41,80
2021-03-17,Sugar,33,94
2021-03-17,Tea,15,28
2021-03-17,Oil,21,53
2021-03-17,Biscuits,46,119
2021-03-17,Soap,27,42
2021-03-17,Shampoo,29,56
2021-03-18,Rice,54,74
2021-03-18,Wheat,40,58
2021-03-18,Sugar,40,88
2021-03-18,Tea,18,33
2021-03-18,Oil,14,17
2021-03-18,Biscuits,65,93
2021-03-18,Soap,29,73
2021-03-18,Shampoo,21,62
2021-03-19,Rice,49,114
2021-03-19,Wheat,41,114
2021-03-19,Sugar,39,47
2021-03-19,Tea,16,35
2021-03-19,Oil,15,33
2021-03-19,Biscuits,67,159
2021-03-19,Soap,28,35
2021-03-19,Shampoo,25,72
2021-03-20,Rice,67,104
2021-03-20,Wheat,55,97
2021-03-20,Sugar,39,78
2021-03-20,Tea,18,48
2021-03-20,Oil,26,72
2021-03-20,Biscuits,72,204
2021-03-20,Soap,39,78
2021-03-20,Shampoo,27,51
2021-03-21,Rice,53,155
2021-03-21,Wheat,58,159
2021-03-21,Sugar,54,104
2021-03-21,Tea,17,22
2021-03-21,Oil,26,55
2021-03-21,Biscuits,63,178
2021-03-21,Soap,36,50
2021-03-21,Shampoo,37,106
2021-03-22,Rice,57,168
2021-03-22,Wheat,43,94
2021-03-22,Sugar,39,73
2021-03-22,Tea,14,23
2021-03-22,Oil,18,50
2021-03-22,Biscuits,61,106
2021-03-22,Soap,31,92
2021-03-22,Shampoo,25,36
2021-03-23,Rice,47,102
2021-03-23,Wheat,46,97
2021-03-23,Sugar,42,123
2021-03-23,Tea,16,32
2021-03-23,Oil,27,49
2021-03-23,Biscuits,61,133
2021-03-23,Soap,27,50
2021-03-23,Shampoo,23,44
2021-03-24,Rice,47,136
2021-03-24,Wheat,34,41
2021-03-24,Sugar,45,85
2021-03-24,Tea,15,24
2021-03-24,Oil,22,38
2021-03-24,Biscuits,58,111
2021-03-24,Soap,26,66
2021-03-24,Shampoo,21,27
2021-03-25,Rice,48,137
2021-03-25,Wheat,51,93
2021-03-25,Sugar,41,68
2021-03-25,Tea,14,28
2021-03-25,Oil,17,38
2021-03-25,Biscuits,56,144
2021-03-25,Soap,32,84
2021-03-25,Shampoo,22,31
2021-03-26,Rice,41,62
2021-03-26,Wheat,37,67
2021-03-26,Sugar,40,116
2021-03-26,Tea,16,24
2021-03-26,Oil,20,41
2021-03-26,Biscuits,70,154
2021-03-26,Soap,32,40
2021-03-26,Shampoo,24,53
2021-03-27,Rice,64,131
2021-03-27,Wheat,54,77
2021-03-27,Sugar,43,109
2021-03-27,Tea,16,33
2021-03-27,Oil,24,65
2021-03-27,Biscuits,77,120
2021-03-27,Soap,35,66
2021-03-27,Shampoo,27,73
2021-03-28,Rice,49,102
2021-03-28,Wheat,52,134
2021-03-28,Sugar,50,89
2021-03-28,Tea,17,44
2021-03-28,Oil,24,56
2021-03-28,Biscuits,73,102
2021-03-28,Soap,31,39
2021-03-28,Shampoo,27,69
2021-03-29,Rice,43,86
2021-03-29,Wheat,46,82
2021-03-29,Sugar,45,70
2021-03-29,Tea,16,25
2021-03-29,Oil,19,49
2021-03-29,Biscuits,69,169
2021-03-29,Soap,30,38
2021-03-29,Shampoo,22,51
2021-03-30,Rice,43,116
2021-03-30,Wheat,45,120
2021-03-30,Sugar,39,92
2021-03-30,Tea,14,25
2021-03-30,Oil,27,68
2021-03-30,Biscuits,50,62
2021-03-30,Soap,31,49
2021-03-30,Shampoo,21,29
2021-03-31,Rice,44,99
2021-03-31,Wheat,51,122
2021-03-31,Sugar,39,110
2021-03-31,Tea,14,19
2021-03-31,Oil,20,41
2021-03-31,Biscuits,51,148
2021-03-31,Soap,28,72
2021-03-31,Shampoo,22,63
2021-04-01,Rice,54,127
2021-04-01,Wheat,41,98
2021-04-01,Sugar,37,59
2021-04-01,Tea,14,40
2021-04-01,Oil,19,54
2021-04-01,Biscuits,62,98
2021-04-01,Soap,27,55
2021-04-01,Shampoo,24,52
2021-04-02,Rice,43,76
2021-04-02,Wheat,39,48
2021-04-02,Sugar,42,107
2021-04-02,Tea,13,34
2021-04-02,Oil,18,47
2021-04-02,Biscuits,59,120
2021-04-02,Soap,29,60
2021-04-02,Shampoo,23,63
2021-04-03,Rice,54,130
2021-04-03,Wheat,52,85
2021-04-03,Sugar,45,129
2021-04-03,Tea,17,24
2021-04-03,Oil,25,56
2021-04-03,Biscuits,84,224
2021-04-03,Soap,28,61
2021-04-03,Shampoo,27,37
2021-04-04,Rice,62,157
2021-04-04,Wheat,59,90
2021-04-04,Sugar,53,115
2021-04-04,Tea,18,40
2021-04-04,Oil,23,45
2021-04-04,Biscuits,76,155
2021-04-04,Soap,34,61
2021-04-04,Shampoo,31,91
2021-04-05,Rice,40,59
2021-04-05,Wheat,40,59
2021-04-05,Sugar,41,50
2021-04-05,Tea,13,36
2021-04-05,Oil,17,34
2021-04-05,Biscuits,58,90
2021-04-05,Soap,37,103
2021-04-05,Shampoo,26,65
2021-04-06,Rice,45,104
2021-04-06,Wheat,46,125
2021-04-06,Sugar,41,58
2021-04-06,Tea,14,37
2021-04-06,Oil,20,30
2021-04-06,Biscuits,63,127
2021-04-06,Soap,28,65
2021-04-06,Shampoo,24,43
2021-04-07,Rice,42,92
2021-04-07,Wheat,50,133
2021-04-07,Sugar,37,66
2021-04-07,Tea,13,28
2021-04-07,Oil,20,27
2021-04-07,Biscuits,57,72
2021-04-07,Soap,31,73
2021-04-07,Shampoo,24,59
2021-04-08,Rice,47,91
2021-04-08,Wheat,41,96
2021-04-08,Sugar,37,74
2021-04-08,Tea,14,32
2021-04-08,Oil,18,22
2021-04-08,Biscuits,48,97
2021-04-08,Soap,32,49
2021-04-08,Shampoo,26,40
2021-04-09,Rice,53,96
2021-04-09,Wheat,51,123
2021-04-09,Sugar,33,47
2021-04-09,Tea,16,30
2021-04-09,Oil,22,57
2021-04-09,Biscuits,64,85
2021-04-09,Soap,29,48
2021-04-09,Shampoo,23,37
2021-04-10,Rice,54,92
2021-04-10,Wheat,49,59
2021-04-10,Sugar,49,96
2021-04-10,Tea,19,33
2021-04-10,Oil,26,59
2021-04-10,Biscuits,63,130
2021-04-10,Soap,41,119
2021-04-10,Shampoo,27,41
2021-04-11,Rice,63,80
2021-04-11,Wheat,63,112
2021-04-11,Sugar,44,120
2021-04-11,Tea,19,34
2021-04-11,Oil,25,74
2021-04-11,Biscuits,71,89
2021-04-11,Soap,38,94
2021-04-11,Shampoo,30,63
2021-04-12,Rice,56,77
2021-04-12,Wheat,50,92
2021-04-12,Sugar,39,73
2021-04-12,Tea,14,30
2021-04-12,Oil,17,46
2021-04-12,Biscuits,59,107
2021-04-12,Soap,29,80
2021-04-12,Shampoo,24,63
2021-04-13,Rice,51,113
2021-04-13,Wheat,47,68
2021-04-13,Sugar,38,63
2021-04-13,Tea,15,32
2021-04-13,Oil,18,29
2021-04-13,Biscuits,55,149
2021-04-13,Soap,29,54
2021-04-13,Shampoo,25,39
2021-04-14,Rice,51,104
2021-04-14,Wheat,42,105
2021-04-14,Sugar,39,58
2021-04-14,Tea,12,30
2021-04-14,Oil,22,36
2021-04-14,Biscuits,72,151
2021-04-14,Soap,40,108
2021-04-14,Shampoo,26,53
2021-04-15,Rice,50,135
2021-04-15,Wheat,51,122
2021-04-15,Sugar,50,97
2021-04-15,Tea,13,22
2021-04-15,Oil,22,62
2021-04-15,Biscuits,49,104
2021-04-15,Soap,30,78
2021-04-15,Shampoo,27,35
2021-04-16,Rice,58,149
2021-04-16,Wheat,44,130
2021-04-16,Sugar,38,92
2021-04-16,Tea,17,20
2021-04-16,Oil,22,38
2021-04-16,Biscuits,68,116
2021-04-16,Soap,29,59
2021-04-16,Shampoo,25,47
2021-04-17,Rice,53,103
2021-04-17,Wheat,58,143
2021-04-17,Sugar,47,122
2021-04-17,Tea,16,27
2021-04-17,Oil,24,34
2021-04-17,Biscuits,72,180
2021-04-17,Soap,37,102
2021-04-17,Shampoo,31,76
2021-04-18,Rice,65,124
2021-04-18,Wheat,58,82
2021-04-18,Sugar,54,143
2021-04-18,Tea,16,41
2021-04-18,Oil,23,45
2021-04-18,Biscuits,74,154
2021-04-18,Soap,35,56
2021-04-18,Shampoo,33,98
2021-04-19,Rice,48,72
2021-04-19,Wheat,43,96
2021-04-19,Sugar,35,104
2021-04-19,Tea,16,25
2021-04-19,Oil,18,46
2021-04-19,Biscuits,54,106
2021-04-19,Soap,28,45
2021-04-19,Shampoo,21,27
2021-04-20,Rice,46,105
2021-04-20,Wheat,42,54
2021-04-20,Sugar,42,109
2021-04-20,Tea,17,29
2021-04-20,Oil,15,21
2021-04-20,Biscuits,60,172
2021-04-20,Soap,29,64
2021-04-20,Shampoo,26,73
2021-04-21,Rice,52,76
2021-04-21,Wheat,46,68
2021-04-21,Sugar,39,47
2021-04-21,Tea,15,27
2021-04-21,Oil,19,30
2021-04-21,Biscuits,64,96
2021-04-21,Soap,28,73
2021-04-21,Shampoo,21,43
2021-04-22,Rice,48,101
2021-04-22,Wheat,48,102
2021-04-22,Sugar,36,94
2021-04-22,Tea,15,25
2021-04-22,Oil,17,21
2021-04-22,Biscuits,62,158
2021-04-22,Soap,26,40
2021-04-22,Shampoo,20,31
2021-04-23,Rice,64,165
2021-04-23,Wheat,45,97
2021-04-23,Sugar,36,74
2021-04-23,Tea,15,42
2021-04-23,Oil,17,32
2021-04-23,Biscuits,68,85
2021-04-23,Soap,27,49
2021-04-23,Shampoo,24,33
2021-04-24,Rice,62,99
2021-04-24,Wheat,46,73
2021-04-24,Sugar,53,145
2021-04-24,Tea,15,29
2021-04-24,Oil,21,38
2021-04-24,Biscuits,82,213
2021-04-24,Soap,31,42
2021-04-24,Shampoo,31,84
2021-04-25,Rice,58,85
2021-04-25,Wheat,55,156
2021-04-25,Sugar,45,112
2021-04-25,Tea,17,36
2021-04-25,Oil,26,69
2021-04-25,Biscuits,80,230
2021-04-25,Soap,32,76
2021-04-25,Shampoo,27,35
2021-04-26,Rice,48,83
2021-04-26,Wheat,48,124
2021-04-26,Sugar,45,108
2021-04-26,Tea,17,43
2021-04-26,Oil,20,37
2021-04-26,Biscuits,53,138
2021-04-26,Soap,35,86
2021-04-26,Shampoo,26,39
2021-04-27,Rice,50,126
2021-04-27,Wheat,51,135
2021-04-27,Sugar,43,89
2021-04-27,Tea,15,38
2021-04-27,Oil,24,71
2021-04-27,Biscuits,59,164
2021-04-27,Soap,28,69
2021-04-27,Shampoo,25,55
2021-04-28,Rice,50,116
2021-04-28,Wheat,37,107
2021-04-28,Sugar,44,53
2021-04-28,Tea,16,25
2021-04-28,Oil,17,24
2021-04-28,Biscuits,54,133
2021-04-28,Soap,31,41
2021-04-28,Shampoo,27,67
2021-04-29,Rice,53,157
2021-04-29,Wheat,45,121
2021-04-29,Sugar,39,79
2021-04-29,Tea,15,23
2021-04-29,Oil,19,30
2021-04-29,Biscuits,57,127
2021-04-29,Soap,28,73
2021-04-29,Shampoo,23,58
2021-04-30,Rice,52,147
2021-04-30,Wheat,39,56
2021-04-30,Sugar,39,54
2021-04-30,Tea,15,31
2021-04-30,Oil,23,36
2021-04-30,Biscuits,60,132
2021-04-30,Soap,29,50
2021-04-30,Shampoo,25,47
2021-05-01,Rice,55,157
2021-05-01,Wheat,49,117
2021-05-01,Sugar,45,106
2021-05-01,Tea,20,33
2021-05-01,Oil,20,37
2021-05-01,Biscuits,77,119
2021-05-01,Soap,21,38
2021-05-01,Shampoo,29,46
2021-05-02,Rice,52,74
2021-05-02,Wheat,57,141
2021-05-02,Sugar,46,126
2021-05-02,Tea,20,32
2021-05-02,Oil,20,29
2021-05-02,Biscuits,95,235
2021-05-02,Soap,39,58
2021-05-02,Shampoo,24,49
2021-05-03,Rice,50,100
2021-05-03,Wheat,48,82
2021-05-03,Sugar,39,69
2021-05-03,Tea,16,37
2021-05-03,Oil,18,24
2021-05-03,Biscuits,59,116
2021-05-03,Soap,29,61
2021-05-03,Shampoo,23,63
2021-05-04,Rice,52,100
2021-05-04,Wheat,41,88
2021-05-04,Sugar,41,90
2021-05-04,Tea,16,29
2021-05-04,Oil,19,46
2021-05-04,Biscuits,61,100
2021-05-04,Soap,33,75
2021-05-04,Shampoo,27,73
2021-05-05,Rice,54,86
2021-05-05,Wheat,44,88
2021-05-05,Sugar,42,122
2021-05-05,Tea,12,26
2021-05-05,Oil,18,24
2021-05-05,Biscuits,65,171
2021-05-05,Soap,28,41
2021-05-05,Shampoo,23,59
2021-05-06,Rice,40,77
2021-05-06,Wheat,40,98
2021-05-06,Sugar,38,76
2021-05-06,Tea,15,22
2021-05-06,Oil,22,31
2021-05-06,Biscuits,55,151
2021-05-06,Soap,27,51
2021-05-06,Shampoo,27,78
2021-05-07,Rice,44,82
2021-05-07,Wheat,49,99
2021-05-07,Sugar,42,119
2021-05-07,Tea,17,48
2021-05-07,Oil,18,21
2021-05-07,Biscuits,67,87
2021-05-07,Soap,35,56
2021-05-07,Shampoo,27,41
2021-05-08,Rice,64,78
2021-05-08,Wheat,44,111
2021-05-08,Sugar,51,135
2021-05-08,Tea,18,50
2021-05-08,Oil,24,34
2021-05-08,Biscuits,76,148
2021-05-08,Soap,33,84
2021-05-08,Shampoo,29,70
2021-05-09,Rice,55,90
2021-05-09,Wheat,58,82
2021-05-09,Sugar,40,56
2021-05-09,Tea,16,26
2021-05-09,Oil,29,47
2021-05-09,Biscuits,94,259
2021-05-09,Soap,33,61
2021-05-09,Shampoo,27,72
2021-05-10,Rice,48,130
2021-05-10,Wheat,45,109
2021-05-10,Sugar,36,53
2021-05-10,Tea,14,16
2021-05-10,Oil,18,36
2021-05-10,Biscuits,56,87
2021-05-10,Soap,32,74
2021-05-10,Shampoo,24,67
2021-05-11,Rice,53,141
2021-05-11,Wheat,42,104
2021-05-11,Sugar,40,51
2021-05-11,Tea,14,20
2021-05-11,Oil,19,53
2021-05-11,Biscuits,66,174
2021-05-11,Soap,29,44
2021-05-11,Shampoo,21,29
2021-05-12,Rice,54,88
2021-05-12,Wheat,39,96
2021-05-12,Sugar,34,49
2021-05-12,Tea,14,29
2021-05-12,Oil,19,35
2021-05-12,Biscuits,63,95
2021-05-12,Soap,33,61
2021-05-12,Shampoo,30,63
2021-05-13,Rice,46,68
2021-05-13,Wheat,48,97
2021-05-13,Sugar,41,56
2021-05-13,Tea,15,19
2021-05-13,Oil,19,51
2021-05-13,Biscuits,58,150
2021-05-13,Soap,26,50
2021-05-13,Shampoo,25,44
2021-05-14,Rice,46,104
2021-05-14,Wheat,40,92
2021-05-14,Sugar,41,107
2021-05-14,Tea,14,19
2021-05-14,Oil,22,37
2021-05-14,Biscuits,72,214
2021-05-14,Soap,34,41
2021-05-14,Shampoo,28,74
2021-05-15,Rice,59,156
2021-05-15,Wheat,50,107
2021-05-15,Sugar,58,164
2021-05-15,Tea,17,22
2021-05-15,Oil,25,36
2021-05-15,Biscuits,78,150
2021-05-15,Soap,35,47
2021-05-15,Shampoo,32,48
2021-05-16,Rice,55,127
2021-05-16,Wheat,52,155
2021-05-16,Sugar,56,95
2021-05-16,Tea,20,39
2021-05-16,Oil,25,38
2021-05-16,Biscuits,75,133
2021-05-16,Soap,39,104
2021-05-16,Shampoo,29,41
2021-05-17,Rice,45,90
2021-05-17,Wheat,49,94
2021-05-17,Sugar,41,74
2021-05-17,Tea,15,31
2021-05-17,Oil,21,30
2021-05-17,Biscuits,64,189
2021-05-17,Soap,32,54
2021-05-17,Shampoo,28,69
2021-05-18,Rice,44,68
2021-05-18,Wheat,45,101
2021-05-18,Sugar,43,91
2021-05-18,Tea,13,31
2021-05-18,Oil,18,23
2021-05-18,Biscuits,53,94
2021-05-18,Soap,25,57
2021-05-18,Shampoo,25,56
2021-05-19,Rice,59,141
2021-05-19,Wheat,53,71
2021-05-19,Sugar,44,97
2021-05-19,Tea,10,14
2021-05-19,Oil,20,36
2021-05-19,Biscuits,73,99
2021-05-19,Soap,33,43
2021-05-19,Shampoo,24,39
2021-05-20,Rice,54,149
2021-05-20,Wheat,40,76
2021-05-20,Sugar,42,119
2021-05-20,Tea,14,34
2021-05-20,Oil,23,36
2021-05-20,Biscuits,58,161
2021-05-20,Soap,33,84
2021-05-20,Shampoo,25,42
2021-05-21,Rice,47,72
2021-05-21,Wheat,49,108
2021-05-21,Sugar,38,100
2021-05-21,Tea,14,38
2021-05-21,Oil,20,29
2021-05-21,Biscuits,60,104
2021-05-21,Soap,28,82
2021-05-21,Shampoo,22,61
2021-05-22,Rice,67,130
2021-05-22,Wheat,60,155
2021-05-22,Sugar,41,101
2021-05-22,Tea,16,23
2021-05-22,Oil,16,25
2021-05-22,Biscuits,61,76
2021-05-22,Soap,33,70
2021-05-22,Shampoo,31,48
2021-05-23,Rice,53,154
2021-05-23,Wheat,38,112
2021-05-23,Sugar,50,106
2021-05-23,Tea,15,18
2021-05-23,Oil,24,46
2021-05-23,Biscuits,70,205
2021-05-23,Soap,42,86
2021-05-23,Shampoo,32,42
2021-05-24,Rice,50,98
2021-05-24,Wheat,50,90
2021-05-24,Sugar,45,114
2021-05-24,Tea,15,39
2021-05-24,Oil,15,26
2021-05-24,Biscuits,63,179
2021-05-24,Soap,29,34
2021-05-24,Shampoo,28,34
2021-05-25,Rice,50,147
2021-05-25,Wheat,40,54
2021-05-25,Sugar,41,86
2021-05-25,Tea,14,23
2021-05-25,Oil,25,72
2021-05-25,Biscuits,64,142
2021-05-25,Soap,28,82
2021-05-25,Shampoo,24,68
2021-05-26,Rice,53,130
2021-05-26,Wheat,41,82
2021-05-26,Sugar,39,72
2021-05-26,Tea,16,19
2021-05-26,Oil,20,53
2021-05-26,Biscuits,65,151
2021-05-26,Soap,30,87
2021-05-26,Shampoo,18,51
2021-05-27,Rice,46,80
2021-05-27,Wheat,37,109
2021-05-27,Sugar,33,63
2021-05-27,Tea,15,40
2021-05-27,Oil,17,40
2021-05-27,Biscuits,58,126
2021-05-27,Soap,32,75
2021-05-27,Shampoo,26,52
2021-05-28,Rice,47,88
2021-05-28,Wheat,42,67
2021-05-28,Sugar,38,93
2021-05-28,Tea,14,36
2021-05-28,Oil,22,34
2021-05-28,Biscuits,57,123
2021-05-28,Soap,30,49
2021-05-28,Shampoo,26,77
2021-05-29,Rice,62,103
2021-05-29,Wheat,56,103
2021-05-29,Sugar,49,101
2021-05-29,Tea,15,44
2021-05-29,Oil,28,74
2021-05-29,Biscuits,74,126
2021-05-29,Soap,37,80
2021-05-29,Shampoo,28,47
2021-05-30,Rice,63,170
2021-05-30,Wheat,42,52
2021-05-30,Sugar,47,96
2021-05-30,Tea,18,52
2021-05-30,Oil,23,31
2021-05-30,Biscuits,78,157
2021-05-30,Soap,32,77
2021-05-30,Shampoo,25,32
2021-05-31,Rice,46,100
2021-05-31,Wheat,45,113
2021-05-31,Sugar,37,104
2021-05-31,Tea,14,32
2021-05-31,Oil,16,31
2021-05-31,Biscuits,65,155
2021-05-31,Soap,30,88
2021-05-31,Shampoo,29,48
2021-06-01,Rice,46,117
2021-06-01,Wheat,42,122
2021-06-01,Sugar,44,108
2021-06-01,Tea,12,33
2021-06-01,Oil,19,51
2021-06-01,Biscuits,57,91
2021-06-01,Soap,35,56
2021-06-01,Shampoo,22,33
2021-06-02,Rice,48,139
2021-06-02,Wheat,39,77
2021-06-02,Sugar,40,112
2021-06-02,Tea,15,28
2021-06-02,Oil,21,54
2021-06-02,Biscuits,56,124
2021-06-02,Soap,29,48
2021-06-02,Shampoo,28,79
2021-06-03,Rice,51,66
2021-06-03,Wheat,48,99
2021-06-03,Sugar,38,57
2021-06-03,Tea,15,32
2021-06-03,Oil,18,25
2021-06-03,Biscuits,64,134
2021-06-03,Soap,30,69
2021-06-03,Shampoo,25,72
2021-06-04,Rice,62,92
2021-06-04,Wheat,42,97
2021-06-04,Sugar,40,77
2021-06-04,Tea,15,31
2021-06-04,Oil,22,59
2021-06-04,Biscuits,64,188
2021-06-04,Soap,28,79
2021-06-04,Shampoo,25,68
2021-06-05,Rice,68,160
2021-06-05,Wheat,57,108
2021-06-05,Sugar,51,79
2021-06-05,Tea,17,48
2021-06-05,Oil,25,64
2021-06-05,Biscuits,77,135
2021-06-05,Soap,41,87
2021-06-05,Shampoo,34,81
2021-06-06,Rice,61,124
2021-06-06,Wheat,53,113
2021-06-06,Sugar,48,105
2021-06-06,Tea,16,22
2021-06-06,Oil,20,55
2021-06-06,Biscuits,64,142
2021-06-06,Soap,43,103
2021-06-06,Shampoo,29,37
2021-06-07,Rice,45,100
2021-06-07,Wheat,49,81
2021-06-07,Sugar,44,113
2021-06-07,Tea,17,24
2021-06-07,Oil,26,65
2021-06-07,Biscuits,63,175
2021-06-07,Soap,26,50
2021-06-07,Shampoo,29,42
2021-06-08,Rice,49,59
2021-06-08,Wheat,44,113
2021-06-08,Sugar,37,102
2021-06-08,Tea,13,19
2021-06-08,Oil,22,41
2021-06-08,Biscuits,60,158
2021-06-08,Soap,26,59
2021-06-08,Shampoo,26,60
2021-06-09,Rice,51,118
2021-06-09,Wheat,51,117
2021-06-09,Sugar,40,77
2021-06-09,Tea,15,19
2021-06-09,Oil,15,41
2021-06-09,Biscuits,54,138
2021-06-09,Soap,21,26
2021-06-09,Shampoo,24,31
2021-06-10,Rice,55,128
2021-06-10,Wheat,47,120
2021-06-10,Sugar,40,82
2021-06-10,Tea,14,25
2021-06-10,Oil,21,39
2021-06-10,Biscuits,55,110
2021-06-10,Soap,29,57
2021-06-10,Shampoo,25,43
2021-06-11,Rice,46,90
2021-06-11,Wheat,45,85
2021-06-11,Sugar,45,91
2021-06-11,Tea,14,31
2021-06-11,Oil,17,39
2021-06-11,Biscuits,77,229
2021-06-11,Soap,27,70
2021-06-11,Shampoo,29,48
2021-06-12,Rice,59,116
2021-06-12,Wheat,59,143
2021-06-12,Sugar,40,96
2021-06-12,Tea,18,37
2021-06-12,Oil,26,33
2021-06-12,Biscuits,86,134
2021-06-12,Soap,40,99
2021-06-12,Shampoo,25,34
2021-06-13,Rice,61,109
2021-06-13,Wheat,53,86
2021-06-13,Sugar,52,92
2021-06-13,Tea,20,28
2021-06-13,Oil,26,75
2021-06-13,Biscuits,70,177
2021-06-13,Soap,31,68
2021-06-13,Shampoo,32,40
2021-06-14,Rice,44,86
2021-06-14,Wheat,44,106
2021-06-14,Sugar,40,108
2021-06-14,Tea,12,23
2021-06-14,Oil,20,51
2021-06-14,Biscuits,67,95
2021-06-14,Soap,29,35
2021-06-14,Shampoo,25,58
2021-06-15,Rice,53,82
2021-06-15,Wheat,50,79
2021-06-15,Sugar,38,48
2021-06-15,Tea,11,26
2021-06-15,Oil,20,30
2021-06-15,Biscuits,61,154
2021-06-15,Soap,37,107
2021-06-15,Shampoo,25,72
2021-06-16,Rice,48,108
2021-06-16,Wheat,46,77
2021-06-16,Sugar,39,109
2021-06-16,Tea,14,18
2021-06-16,Oil,16,23
2021-06-16,Biscuits,64,138
2021-06-16,Soap,29,84
2021-06-16,Shampoo,22,36
2021-06-17,Rice,42,106
2021-06-17,Wheat,47,59
2021-06-17,Sugar,39,84
2021-06-17,Tea,15,39
2021-06-17,Oil,18,26
2021-06-17,Biscuits,68,85
2021-06-17,Soap,31,88
2021-06-17,Shampoo,23,43
2021-06-18,Rice,53,87
2021-06-18,Wheat,41,120
2021-06-18,Sugar,48,142
2021-06-18,Tea,15,26
2021-06-18,Oil,20,30
2021-06-18,Biscuits,56,94
2021-06-18,Soap,31,54
2021-06-18,Shampoo,25,56
2021-06-19,Rice,71,131
2021-06-19,Wheat,55,131
2021-06-19,Sugar,49,65
2021-06-19,Tea,20,57
2021-06-19,Oil,20,49
2021-06-19,Biscuits,84,165
2021-06-19,Soap,38,90
2021-06-19,Shampoo,25,38
2021-06-20,Rice,68,140
2021-06-20,Wheat,54,150
2021-06-20,Sugar,45,128
2021-06-20,Tea,20,53
2021-06-20,Oil,23,34
2021-06-20,Biscuits,68,114
2021-06-20,Soap,44,111
2021-06-20,Shampoo,28,75
2021-06-21,Rice,47,138
2021-06-21,Wheat,40,80
2021-06-21,Sugar,38,108
2021-06-21,Tea,14,36
2021-06-21,Oil,17,24
2021-06-21,Biscuits,62,178
2021-06-21,Soap,23,65
2021-06-21,Shampoo,26,43
2021-06-22,Rice,50,115
2021-06-22,Wheat,36,57
2021-06-22,Sugar,42,106
2021-06-22,Tea,12,28
2021-06-22,Oil,19,25
2021-06-22,Biscuits,55,109
2021-06-22,Soap,32,50
2021-06-22,Shampoo,23,68
2021-06-23,Rice,49,91
2021-06-23,Wheat,41,96
2021-06-23,Sugar,46,129
2021-06-23,Tea,16,44
2021-06-23,Oil,22,58
2021-06-23,Biscuits,56,86
2021-06-23,Soap,31,43
2021-06-23,Shampoo,30,50
2021-06-24,Rice,52,122
2021-06-24,Wheat,39,59
2021-06-24,Sugar,41,121
2021-06-24,Tea,14,37
2021-06-24,Oil,22,55
2021-06-24,Biscuits,54,100
2021-06-24,Soap,32,67
2021-06-24,Shampoo,26,35
2021-06-25,Rice,48,124
2021-06-25,Wheat,45,102
2021-06-25,Sugar,46,99
2021-06-25,Tea,15,24
2021-06-25,Oil,16,22
2021-06-25,Biscuits,48,117
2021-06-25,Soap,32,57
2021-06-25,Shampoo,22,60
2021-06-26,Rice,74,100
2021-06-26,Wheat,52,70
2021-06-26,Sugar,46,57
2021-06-26,Tea,18,25
2021-06-26,Oil,22,63
2021-06-26,Biscuits,73,97
2021-06-26,Soap,34,88
2021-06-26,Shampoo,26,61
2021-06-27,Rice,53,149
2021-06-27,Wheat,52,120
2021-06-27,Sugar,63,166
2021-06-27,Tea,16,43
2021-06-27,Oil,27,46
2021-06-27,Biscuits,85,248
2021-06-27,Soap,41,70
2021-06-27,Shampoo,34,45
2021-06-28,Rice,55,87
2021-06-28,Wheat,45,130
2021-06-28,Sugar,42,82
2021-06-28,Tea,13,30
2021-06-28,Oil,18,36
2021-06-28,Biscuits,70,149
2021-06-28,Soap,33,78
2021-06-28,Shampoo,26,68
2021-06-29,Rice,44,124
2021-06-29,Wheat,43,63
2021-06-29,Sugar,39,66
2021-06-29,Tea,16,21
2021-06-29,Oil,19,29
2021-06-29,Biscuits,62,129
2021-06-29,Soap,32,94
2021-06-29,Shampoo,23,68
2021-06-30,Rice,54,139
2021-06-30,Wheat,55,149
2021-06-30,Sugar,42,71
2021-06-30,Tea,17,48
2021-06-30,Oil,17,38
2021-06-30,Biscuits,48,118
2021-06-30,Soap,31,70
2021-06-30,Shampoo,22,38
2021-07-01,Rice,54,154
2021-07-01,Wheat,47,110
2021-07-01,Sugar,41,51
2021-07-01,Tea,13,16
2021-07-01,Oil,21,54
2021-07-01,Biscuits,63,180
2021-07-01,Soap,28,39
2021-07-01,Shampoo,28,37
2021-07-02,Rice,43,104
2021-07-02,Wheat,52,86
2021-07-02,Sugar,37,88
2021-07-02,Tea,13,27
2021-07-02,Oil,21,55
2021-07-02,Biscuits,60,160
2021-07-02,Soap,34,52
2021-07-02,Shampoo,28,36
2021-07-03,Rice,58,125
2021-07-03,Wheat,47,58
2021-07-03,Sugar,53,106
2021-07-03,Tea,20,38
2021-07-03,Oil,23,29
2021-07-03,Biscuits,62,184
2021-07-03,Soap,41,115
2021-07-03,Shampoo,27,34
2021-07-04,Rice,65,134
2021-07-04,Wheat,54,101
2021-07-04,Sugar,49,146
2021-07-04,Tea,20,51
2021-07-04,Oil,22,35
2021-07-04,Biscuits,73,165
2021-07-04,Soap,36,78
2021-07-04,Shampoo,24,43
2021-07-05,Rice,50,119
2021-07-05,Wheat,49,134
2021-07-05,Sugar,42,100
2021-07-05,Tea,14,35
2021-07-05,Oil,18,41
2021-07-05,Biscuits,60,140
2021-07-05,Soap,28,72
2021-07-05,Shampoo,23,31
2021-07-06,Rice,51,61
2021-07-06,Wheat,48,134
2021-07-06,Sugar,42,82
2021-07-06,Tea,16,39
2021-07-06,Oil,19,26
2021-07-06,Biscuits,54,73
2021-07-06,Soap,30,74
2021-07-06,Shampoo,25,30
2021-07-07,Rice,57,83
2021-07-07,Wheat,43,75
2021-07-07,Sugar,47,126
2021-07-07,Tea,15,20
2021-07-07,Oil,21,47
2021-07-07,Biscuits,62,158
2021-07-07,Soap,34,97
2021-07-07,Shampoo,25,50
2021-07-08,Rice,52,124
2021-07-08,Wheat,49,73
2021-07-08,Sugar,35,103
2021-07-08,Tea,14,39
2021-07-08,Oil,20,24
2021-07-08,Biscuits,64,156
2021-07-08,Soap,26,58
2021-07-08,Shampoo,27,36
2021-07-09,Rice,55,100
2021-07-09,Wheat,44,119
2021-07-09,Sugar,45,128
2021-07-09,Tea,14,25
2021-07-09,Oil,18,50
2021-07-09,Biscuits,60,90
2021-07-09,Soap,37,56
2021-07-09,Shampoo,26,43
2021-07-10,Rice,58,132
2021-07-10,Wheat,45,94
2021-07-10,Sugar,40,85
2021-07-10,Tea,16,38
2021-07-10,Oil,24,70
2021-07-10,Biscuits,62,178
2021-07-10,Soap,37,60
2021-07-10,Shampoo,28,77
2021-07-11,Rice,57,135
2021-07-11,Wheat,51,88
2021-07-11,Sugar,48,138
2021-07-11,Tea,16,38
2021-07-11,Oil,26,55
2021-07-11,Biscuits,73,193
2021-07-11,Soap,34,99
2021-07-11,Shampoo,30,39
2021-07-12,Rice,58,81
2021-07-12,Wheat,42,82
2021-07-12,Sugar,40,56
2021-07-12,Tea,13,35
2021-07-12,Oil,21,34
2021-07-12,Biscuits,52,73
2021-07-12,Soap,30,89
2021-07-12,Shampoo,19,44
2021-07-13,Rice,55,111
2021-07-13,Wheat,44,81
2021-07-13,Sugar,33,77
2021-07-13,Tea,12,20
2021-07-13,Oil,20,51
2021-07-13,Biscuits,54,141
2021-07-13,Soap,33,87
2021-07-13,Shampoo,29,82
2021-07-14,Rice,46,92
2021-07-14,Wheat,46,90
2021-07-14,Sugar,41,73
2021-07-14,Tea,18,29
2021-07-14,Oil,21,50
2021-07-14,Biscuits,48,98
2021-07-14,Soap,29,63
2021-07-14,Shampoo,29,53
2021-07-15,Rice,53,85
2021-07-15,Wheat,48,113
2021-07-15,Sugar,44,97
2021-07-15,Tea,14,35
2021-07-15,Oil,19,25
2021-07-15,Biscuits,61,165
2021-07-15,Soap,28,38
2021-07-15,Shampoo,24,34
2021-07-16,Rice,57,137
2021-07-16,Wheat,44,127
2021-07-16,Sugar,42,120
2021-07-16,Tea,15,35
2021-07-16,Oil,19,41
2021-07-16,Biscuits,55,103
2021-07-16,Soap,30,49
2021-07-16,Shampoo,24,65
2021-07-17,Rice,60,146
2021-07-17,Wheat,50,67
2021-07-17,Sugar,39,88
2021-07-17,Tea,17,41
2021-07-17,Oil,28,64
2021-07-17,Biscuits,72,161
2021-07-17,Soap,40,117
2021-07-17,Shampoo,28,56
2021-07-18,Rice,55,161
2021-07-18,Wheat,47,110
2021-07-18,Sugar,52,104
2021-07-18,Tea,18,34
2021-07-18,Oil,22,63
2021-07-18,Biscuits,74,117
2021-07-18,Soap,35,66
2021-07-18,Shampoo,30,47
2021-07-19,Rice,56,67
2021-07-19,Wheat,40,97
2021-07-19,Sugar,38,83
2021-07-19,Tea,16,42
2021-07-19,Oil,19,56
2021-07-19,Biscuits,62,112
2021-07-19,Soap,31,37
2021-07-19,Shampoo,25,74
2021-07-20,Rice,47,97
2021-07-20,Wheat,48,88
2021-07-20,Sugar,33,50
2021-07-20,Tea,14,23
2021-07-20,Oil,23,57
2021-07-20,Biscuits,66,177
2021-07-20,Soap,25,37
2021-07-20,Shampoo,27,33
2021-07-21,Rice,48,69
2021-07-21,Wheat,44,58
2021-07-21,Sugar,38,97
2021-07-21,Tea,15,24
2021-07-21,Oil,23,48
2021-07-21,Biscuits,61,113
2021-07-21,Soap,30,81
2021-07-21,Shampoo,25,63
2021-07-22,Rice,50,113
2021-07-22,Wheat,42,101
2021-07-22,Sugar,47,68
2021-07-22,Tea,16,24
2021-07-22,Oil,16,42
2021-07-22,Biscuits,66,80
2021-07-22,Soap,28,81
2021-07-22,Shampoo,22,37
2021-07-23,Rice,48,99
2021-07-23,Wheat,46,81
2021-07-23,Sugar,41,103
2021-07-23,Tea,13,25
2021-07-23,Oil,21,46
2021-07-23,Biscuits,60,172
2021-07-23,Soap,23,56
2021-07-23,Shampoo,23,66
2021-07-24,Rice,71,184
2021-07-24,Wheat,51,97
2021-07-24,Sugar,46,61
2021-07-24,Tea,18,26
2021-07-24,Oil,19,48
2021-07-24,Biscuits,72,177
2021-07-24,Soap,39,80
2021-07-24,Shampoo,26,49
2021-07-25,Rice,65,103
2021-07-25,Wheat,57,139
2021-07-25,Sugar,43,106
2021-07-25,Tea,16,44
2021-07-25,Oil,27,66
2021-07-25,Biscuits,78,166
2021-07-25,Soap,28,70
2021-07-25,Shampoo,29,43
2021-07-26,Rice,49,128
2021-07-26,Wheat,50,132
2021-07-26,Sugar,37,85
2021-07-26,Tea,12,19
2021-07-26,Oil,20,56
2021-07-26,Biscuits,56,110
2021-07-26,Soap,31,53
2021-07-26,Shampoo,23,38
2021-07-27,Rice,47,127
2021-07-27,Wheat,43,120
2021-07-27,Sugar,40,76
2021-07-27,Tea,15,24
2021-07-27,Oil,22,62
2021-07-27,Biscuits,61,143
2021-07-27,Soap,26,32
2021-07-27,Shampoo,24,65
2021-07-28,Rice,51,100
2021-07-28,Wheat,43,79
2021-07-28,Sugar,44,113
2021-07-28,Tea,15,20
2021-07-28,Oil,20,41
2021-07-28,Biscuits,49,120
2021-07-28,Soap,32,61
2021-07-28,Shampoo,28,59
2021-07-29,Rice,51,134
2021-07-29,Wheat,39,98
2021-07-29,Sugar,40,110
2021-07-29,Tea,19,37
2021-07-29,Oil,18,44
2021-07-29,Biscuits,65,135
2021-07-29,Soap,28,36
2021-07-29,Shampoo,18,40
2021-07-30,Rice,52,152
2021-07-30,Wheat,54,87
2021-07-30,Sugar,36,101
2021-07-30,Tea,12,16
2021-07-30,Oil,17,39
2021-07-30,Biscuits,59,102
2021-07-30,Soap,33,86
2021-07-30,Shampoo,29,77
2021-07-31,Rice,68,121
2021-07-31,Wheat,57,86
2021-07-31,Sugar,43,105
2021-07-31,Tea,21,46
2021-07-31,Oil,22,62
2021-07-31,Biscuits,88,181
2021-07-31,Soap,32,50
2021-07-31,Shampoo,26,57
2021-08-01,Rice,56,100
2021-08-01,Wheat,67,164
2021-08-01,Sugar,54,78
2021-08-01,Tea,20,51
2021-08-01,Oil,21,25
2021-08-01,Biscuits,78,229
2021-08-01,Soap,37,71
2021-08-01,Shampoo,32,62
2021-08-02,Rice,57,86
2021-08-02,Wheat,47,121
2021-08-02,Sugar,38,89
2021-08-02,Tea,17,48
2021-08-02,Oil,18,36
2021-08-02,Biscuits,70,128
2021-08-02,Soap,32,49
2021-08-02,Shampoo,30,37
2021-08-03,Rice,52,116
2021-08-03,Wheat,57,73
2021-08-03,Sugar,37,82
2021-08-03,Tea,15,33
2021-08-03,Oil,21,62
2021-08-03,Biscuits,55,138
2021-08-03,Soap,35,96
2021-08-03,Shampoo,24,34
2021-08-04,Rice,44,130
2021-08-04,Wheat,43,123
2021-08-04,Sugar,44,107
2021-08-04,Tea,15,28
2021-08-04,Oil,19,42
2021-08-04,Biscuits,54,85
2021-08-04,Soap,31,81
2021-08-04,Shampoo,31,81
2021-08-05,Rice,52,125
2021-08-05,Wheat,44,89
2021-08-05,Sugar,37,76
2021-08-05,Tea,15,31
2021-08-05,Oil,18,25
2021-08-05,Biscuits,48,113
2021-08-05,Soap,31,78
2021-08-05,Shampoo,24,40
2021-08-06,Rice,41,52
2021-08-06,Wheat,40,85
2021-08-06,Sugar,37,72
2021-08-06,Tea,14,24
2021-08-06,Oil,22,39
2021-08-06,Biscuits,60,79
2021-08-06,Soap,31,44
2021-08-06,Shampoo,27,39
2021-08-07,Rice,56,122
2021-08-07,Wheat,47,136
2021-08-07,Sugar,49,138
2021-08-07,Tea,20,59
2021-08-07,Oil,24,32
2021-08-07,Biscuits,85,120
2021-08-07,Soap,33,59
2021-08-07,Shampoo,32,44
2021-08-08,Rice,51,81
2021-08-08,Wheat,56,150
2021-08-08,Sugar,59,142
2021-08-08,Tea,16,34
2021-08-08,Oil,25,35
2021-08-08,Biscuits,83,166
2021-08-08,Soap,30,89
2021-08-08,Shampoo,31,48
2021-08-09,Rice,51,147
2021-08-09,Wheat,48,142
2021-08-09,Sugar,37,48
2021-08-09,Tea,14,23
2021-08-09,Oil,22,55
2021-08-09,Biscuits,74,212
2021-08-09,Soap,31,60
2021-08-09,Shampoo,25,50
2021-08-10,Rice,54,67
2021-08-10,Wheat,45,77
2021-08-10,Sugar,39,115
2021-08-10,Tea,15,26
2021-08-10,Oil,17,50
2021-08-10,Biscuits,63,97
2021-08-10,Soap,34,91
2021-08-10,Shampoo,25,36
2021-08-11,Rice,55,89
2021-08-11,Wheat,41,65
2021-08-11,Sugar,38,110
2021-08-11,Tea,17,49
2021-08-11,Oil,20,25
2021-08-11,Biscuits,60,78
2021-08-11,Soap,30,75
2021-08-11,Shampoo,24,38
2021-08-12,Rice,47,88
2021-08-12,Wheat,47,60
2021-08-12,Sugar,43,58
2021-08-12,Tea,16,38
2021-08-12,Oil,20,35
2021-08-12,Biscuits,56,74
2021-08-12,Soap,29,86
2021-08-12,Shampoo,25,42
2021-08-13,Rice,48,75
2021-08-13,Wheat,47,119
2021-08-13,Sugar,44,124
2021-08-13,Tea,17,32
2021-08-13,Oil,22,64
2021-08-13,Biscuits,61,86
2021-08-13,Soap,33,42
2021-08-13,Shampoo,21,56
2021-08-14,Rice,65,105
2021-08-14,Wheat,49,58
2021-08-14,Sugar,46,104
2021-08-14,Tea,20,58
2021-08-14,Oil,30,72
2021-08-14,Biscuits,79,134
2021-08-14,Soap,38,84
2021-08-14,Shampoo,24,30
2021-08-15,Rice,62,182
2021-08-15,Wheat,49,141
2021-08-15,Sugar,43,106
2021-08-15,Tea,17,39
2021-08-15,Oil,26,32
2021-08-15,Biscuits,93,223
2021-08-15,Soap,36,56
2021-08-15,Shampoo,29,66
2021-08-16,Rice,49,93
2021-08-16,Wheat,46,91
2021-08-16,Sugar,42,103
2021-08-16,Tea,16,45
2021-08-16,Oil,21,61
2021-08-16,Biscuits,60,148
2021-08-16,Soap,29,77
2021-08-16,Shampoo,25,64
2021-08-17,Rice,51,66
2021-08-17,Wheat,49,101
2021-08-17,Sugar,43,60
2021-08-17,Tea,17,26
2021-08-17,Oil,20,56
2021-08-17,Biscuits,72,126
2021-08-17,Soap,31,56
2021-08-17,Shampoo,25,50
2021-08-18,Rice,47,67
2021-08-18,Wheat,47,86
2021-08-18,Sugar,43,110
2021-08-18,Tea,15,40
2021-08-18,Oil,22,36
2021-08-18,Biscuits,58,163
2021-08-18,Soap,33,63
2021-08-18,Shampoo,25,73
2021-08-19,Rice,44,55
2021-08-19,Wheat,44,94
2021-08-19,Sugar,38,101
2021-08-19,Tea,15,44
2021-08-19,Oil,19,28
2021-08-19,Biscuits,68,176
2021-08-19,Soap,31,76
2021-08-19,Shampoo,26,61
2021-08-20,Rice,47,140
2021-08-20,Wheat,46,111
2021-08-20,Sugar,41,57
2021-08-20,Tea,14,28
2021-08-20,Oil,17,49
2021-08-20,Biscuits,55,70
2021-08-20,Soap,32,73
2021-08-20,Shampoo,27,79
2021-08-21,Rice,55,137
2021-08-21,Wheat,54,70
2021-08-21,Sugar,40,75
2021-08-21,Tea,22,64
2021-08-21,Oil,28,37
2021-08-21,Biscuits,68,84
2021-08-21,Soap,30,70
2021-08-21,Shampoo,31,50
2021-08-22,Rice,59,71
2021-08-22,Wheat,56,95
2021-08-22,Sugar,50,114
2021-08-22,Tea,17,38
2021-08-22,Oil,21,48
2021-08-22,Biscuits,71,149
2021-08-22,Soap,38,57
2021-08-22,Shampoo,32,65
2021-08-23,Rice,45,126
2021-08-23,Wheat,41,64
2021-08-23,Sugar,50,66
2021-08-23,Tea,14,27
2021-08-23,Oil,24,62
2021-08-23,Biscuits,57,133
2021-08-23,Soap,27,74
2021-08-23,Shampoo,26,32
2021-08-24,Rice,48,93
2021-08-24,Wheat,47,75
2021-08-24,Sugar,43,68
2021-08-24,Tea,16,28
2021-08-24,Oil,23,65
2021-08-24,Biscuits,64,142
2021-08-24,Soap,34,99
2021-08-24,Shampoo,24,40
2021-08-25,Rice,47,102
2021-08-25,Wheat,46,100
2021-08-25,Sugar,40,72
2021-08-25,Tea,15,35
2021-08-25,Oil,22,52
2021-08-25,Biscuits,55,67
2021-08-25,Soap,27,65
2021-08-25,Shampoo,25,64
2021-08-26,Rice,52,128
2021-08-26,Wheat,49,81
2021-08-26,Sugar,43,115
2021-08-26,Tea,13,27
2021-08-26,Oil,20,54
2021-08-26,Biscuits,65,96
2021-08-26,Soap,31,52
2021-08-26,Shampoo,27,34
2021-08-27,Rice,48,115
2021-08-27,Wheat,42,78
2021-08-27,Sugar,34,73
2021-08-27,Tea,15,37
2021-08-27,Oil,22,52
2021-08-27,Biscuits,48,102
2021-08-27,Soap,36,61
2021-08-27,Shampoo,25,57
2021-08-28,Rice,61,170
2021-08-28,Wheat,54,124
2021-08-28,Sugar,43,55
2021-08-28,Tea,14,33
2021-08-28,Oil,25,50
2021-08-28,Biscuits,62,162
2021-08-28,Soap,41,64
2021-08-28,Shampoo,33,50
2021-08-29,Rice,53,152
2021-08-29,Wheat,51,73
2021-08-29,Sugar,46,78
2021-08-29,Tea,21,59
2021-08-29,Oil,22,56
2021-08-29,Biscuits,75,127
2021-08-29,Soap,34,63
2021-08-29,Shampoo,35,54
2021-08-30,Rice,51,118
2021-08-30,Wheat,43,63
2021-08-30,Sugar,41,56
2021-08-30,Tea,16,47
2021-08-30,Oil,20,30
2021-08-30,Biscuits,56,153
2021-08-30,Soap,28,74
2021-08-30,Shampoo,22,51
2021-08-31,Rice,47,138
2021-08-31,Wheat,43,116
2021-08-31,Sugar,42,96
2021-08-31,Tea,15,32
2021-08-31,Oil,21,34
2021-08-31,Biscuits,61,176
2021-08-31,Soap,28,76
2021-08-31,Shampoo,19,44
2021-09-01,Rice,57,167
2021-09-01,Wheat,47,98
2021-09-01,Sugar,42,106
2021-09-01,Tea,14,23
2021-09-01,Oil,21,29
2021-09-01,Biscuits,53,134
2021-09-01,Soap,32,91
2021-09-01,Shampoo,27,67
2021-09-02,Rice,56,83
2021-09-02,Wheat,38,56
2021-09-02,Sugar,42,92
2021-09-02,Tea,13,32
2021-09-02,Oil,18,43
2021-09-02,Biscuits,52,122
2021-09-02,Soap,31,57
2021-09-02,Shampoo,27,48
2021-09-03,Rice,56,144
2021-09-03,Wheat,40,99
2021-09-03,Sugar,45,102
2021-09-03,Tea,15,35
2021-09-03,Oil,20,25
2021-09-03,Biscuits,55,76
2021-09-03,Soap,28,44
2021-09-03,Shampoo,25,33
2021-09-04,Rice,59,127
2021-09-04,Wheat,54,88
2021-09-04,Sugar,43,126
2021-09-04,Tea,18,53
2021-09-04,Oil,30,79
2021-09-04,Biscuits,72,211
2021-09-04,Soap,40,67
2021-09-04,Shampoo,32,40
2021-09-05,Rice,58,140
2021-09-05,Wheat,54,130
2021-09-05,Sugar,44,121
2021-09-05,Tea,19,55
2021-09-05,Oil,23,46
2021-09-05,Biscuits,85,174
2021-09-05,Soap,44,64
2021-09-05,Shampoo,34,93
2021-09-06,Rice,47,87
2021-09-06,Wheat,38,93
2021-09-06,Sugar,37,60
2021-09-06,Tea,15,26
2021-09-06,Oil,19,25
2021-09-06,Biscuits,56,118
2021-09-06,Soap,29,48
2021-09-06,Shampoo,27,76
2021-09-07,Rice,61,122
2021-09-07,Wheat,49,109
2021-09-07,Sugar,32,73
2021-09-07,Tea,14,17
2021-09-07,Oil,16,22
2021-09-07,Biscuits,71,210
2021-09-07,Soap,35,54
2021-09-07,Shampoo,24,67
2021-09-08,Rice,50,93
2021-09-08,Wheat,48,132
2021-09-08,Sugar,35,47
2021-09-08,Tea,15,26
2021-09-08,Oil,19,29
2021-09-08,Biscuits,64,181
2021-09-08,Soap,31,57
2021-09-08,Shampoo,26,51
2021-09-09,Rice,48,140
2021-09-09,Wheat,44,90
2021-09-09,Sugar,37,50
2021-09-09,Tea,17,48
2021-09-09,Oil,19,34
2021-09-09,Biscuits,48,77
2021-09-09,Soap,33,58
2021-09-09,Shampoo,26,44
2021-09-10,Rice,48,98
2021-09-10,Wheat,42,63
2021-09-10,Sugar,42,59
2021-09-10,Tea,15,42
2021-09-10,Oil,18,41
2021-09-10,Biscuits,60,112
2021-09-10,Soap,32,51
2021-09-10,Shampoo,22,45
2021-09-11,Rice,66,99
2021-09-11,Wheat,57,111
2021-09-11,Sugar,56,146
2021-09-11,Tea,18,46
2021-09-11,Oil,25,69
2021-09-11,Biscuits,80,150
2021-09-11,Soap,40,72
2021-09-11,Shampoo,34,60
2021-09-12,Rice,57,88
2021-09-12,Wheat,47,130
2021-09-12,Sugar,51,140
2021-09-12,Tea,20,39
2021-09-12,Oil,26,47
2021-09-12,Biscuits,80,176
2021-09-12,Soap,39,80
2021-09-12,Shampoo,32,87
2021-09-13,Rice,50,140
2021-09-13,Wheat,42,91
2021-09-13,Sugar,40,106
2021-09-13,Tea,15,37
2021-09-13,Oil,21,49
2021-09-13,Biscuits,64,112
2021-09-13,Soap,25,43
2021-09-13,Shampoo,22,31
2021-09-14,Rice,46,137
2021-09-14,Wheat,47,118
2021-09-14,Sugar,44,130
2021-09-14,Tea,14,39
2021-09-14,Oil,20,59
2021-09-14,Biscuits,68,126
2021-09-14,Soap,27,65
2021-09-14,Shampoo,26,44
2021-09-15,Rice,48,93
2021-09-15,Wheat,48,119
2021-09-15,Sugar,36,73
2021-09-15,Tea,14,36
2021-09-15,Oil,20,53
2021-09-15,Biscuits,60,127
2021-09-15,Soap,30,53
2021-09-15,Shampoo,23,59
2021-09-16,Rice,60,111
2021-09-16,Wheat,42,116
2021-09-16,Sugar,44,87
2021-09-16,Tea,15,18
2021-09-16,Oil,21,34
2021-09-16,Biscuits,62,162
2021-09-16,Soap,32,93
2021-09-16,Shampoo,26,41
2021-09-17,Rice,58,108
2021-09-17,Wheat,48,93
2021-09-17,Sugar,35,55
2021-09-17,Tea,17,36
2021-09-17,Oil,17,30
2021-09-17,Biscuits,65,92
2021-09-17,Soap,27,49
2021-09-17,Shampoo,25,67
2021-09-18,Rice,62,138
2021-09-18,Wheat,56,67
2021-09-18,Sugar,50,118
2021-09-18,Tea,18,26
2021-09-18,Oil,26,65
2021-09-18,Biscuits,75,142
2021-09-18,Soap,37,63
2021-09-18,Shampoo,29,85
2021-09-19,Rice,63,147
2021-09-19,Wheat,46,118
2021-09-19,Sugar,38,104
2021-09-19,Tea,17,24
2021-09-19,Oil,26,75
2021-09-19,Biscuits,84,177
2021-09-19,Soap,36,56
2021-09-19,Shampoo,35,104
2021-09-20,Rice,50,106
2021-09-20,Wheat,42,108
2021-09-20,Sugar,45,122
2021-09-20,Tea,19,28
2021-09-20,Oil,19,29
2021-09-20,Biscuits,64,159
2021-09-20,Soap,22,27
2021-09-20,Shampoo,22,47
2021-09-21,Rice,48,82
2021-09-21,Wheat,46,113
2021-09-21,Sugar,40,65
2021-09-21,Tea,16,34
2021-09-21,Oil,20,59
2021-09-21,Biscuits,67,200
2021-09-21,Soap,25,72
2021-09-21,Shampoo,21,30
2021-09-22,Rice,45,115
2021-09-22,Wheat,45,133
2021-09-22,Sugar,40,74
2021-09-22,Tea,18,45
2021-09-22,Oil,14,31
2021-09-22,Biscuits,60,133
2021-09-22,Soap,31,87
2021-09-22,Shampoo,23,58
2021-09-23,Rice,55,138
2021-09-23,Wheat,39,86
2021-09-23,Sugar,39,72
2021-09-23,Tea,14,23
2021-09-23,Oil,19,54
2021-09-23,Biscuits,55,94
2021-09-23,Soap,26,32
2021-09-23,Shampoo,24,61
2021-09-24,Rice,53,132
2021-09-24,Wheat,50,141
2021-09-24,Sugar,37,56
2021-09-24,Tea,14,19
2021-09-24,Oil,18,53
2021-09-24,Biscuits,62,93
2021-09-24,Soap,31,75
2021-09-24,Shampoo,22,52
2021-09-25,Rice,53,124
2021-09-25,Wheat,57,150
2021-09-25,Sugar,53,115
2021-09-25,Tea,18,53
2021-09-25,Oil,25,53
2021-09-25,Biscuits,82,164
2021-09-25,Soap,43,117
2021-09-25,Shampoo,24,53
2021-09-26,Rice,51,79
2021-09-26,Wheat,61,124
2021-09-26,Sugar,52,153
2021-09-26,Tea,18,44
2021-09-26,Oil,23,47
2021-09-26,Biscuits,69,171
2021-09-26,Soap,35,69
2021-09-26,Shampoo,34,55
2021-09-27,Rice,55,137
2021-09-27,Wheat,54,144
2021-09-27,Sugar,41,106
2021-09-27,Tea,15,29
2021-09-27,Oil,24,29
2021-09-27,Biscuits,66,95
2021-09-27,Soap,26,33
2021-09-27,Shampoo,24,47
2021-09-28,Rice,60,159
2021-09-28,Wheat,43,112
2021-09-28,Sugar,38,64
2021-09-28,Tea,18,31
2021-09-28,Oil,21,46
2021-09-28,Biscuits,62,97
2021-09-28,Soap,28,81
2021-09-28,Shampoo,24,41
2021-09-29,Rice,43,82
2021-09-29,Wheat,41,71
2021-09-29,Sugar,37,69
2021-09-29,Tea,15,41
2021-09-29,Oil,22,48
2021-09-29,Biscuits,57,112
2021-09-29,Soap,34,60
2021-09-29,Shampoo,28,67
2021-09-30,Rice,46,58
2021-09-30,Wheat,42,101
2021-09-30,Sugar,41,87
2021-09-30,Tea,17,38
2021-09-30,Oil,20,59
2021-09-30,Biscuits,63,95
2021-09-30,Soap,28,59
2021-09-30,Shampoo,26,74
2021-10-01,Rice,54,110
2021-10-01,Wheat,47,101
2021-10-01,Sugar,35,81
2021-10-01,Tea,14,40
2021-10-01,Oil,24,43
2021-10-01,Biscuits,61,143
2021-10-01,Soap,29,40
2021-10-01,Shampoo,26,40
2021-10-02,Rice,63,135
2021-10-02,Wheat,53,100
2021-10-02,Sugar,46,62
2021-10-02,Tea,18,29
2021-10-02,Oil,24,37
2021-10-02,Biscuits,77,199
2021-10-02,Soap,39,94
2021-10-02,Shampoo,33,88
2021-10-03,Rice,63,171
2021-10-03,Wheat,52,92
2021-10-03,Sugar,47,131
2021-10-03,Tea,18,24
2021-10-03,Oil,23,36
2021-10-03,Biscuits,60,94
2021-10-03,Soap,37,72
2021-10-03,Shampoo,34,41
2021-10-04,Rice,52,123
2021-10-04,Wheat,42,110
2021-10-04,Sugar,42,113
2021-10-04,Tea,16,23
2021-10-04,Oil,20,38
2021-10-04,Biscuits,64,153
2021-10-04,Soap,30,44
2021-10-04,Shampoo,27,43
2021-10-05,Rice,61,133
2021-10-05,Wheat,52,115
2021-10-05,Sugar,36,86
2021-10-05,Tea,13,32
2021-10-05,Oil,19,44
2021-10-05,Biscuits,46,60
2021-10-05,Soap,35,97
2021-10-05,Shampoo,26,59
2021-10-06,Rice,49,126
2021-10-06,Wheat,43,87
2021-10-06,Sugar,45,109
2021-10-06,Tea,12,31
2021-10-06,Oil,18,30
2021-10-06,Biscuits,61,154
2021-10-06,Soap,31,52
2021-10-06,Shampoo,26,32
2021-10-07,Rice,46,67
2021-10-07,Wheat,46,87
2021-10-07,Sugar,46,58
2021-10-07,Tea,15,37
2021-10-07,Oil,23,64
2021-10-07,Biscuits,59,175
2021-10-07,Soap,27,36
2021-10-07,Shampoo,24,66
2021-10-08,Rice,49,143
2021-10-08,Wheat,44,61
2021-10-08,Sugar,40,89
2021-10-08,Tea,16,29
2021-10-08,Oil,16,42
2021-10-08,Biscuits,67,133
2021-10-08,Soap,25,34
2021-10-08,Shampoo,28,35
2021-10-09,Rice,58,81
2021-10-09,Wheat,52,123
2021-10-09,Sugar,48,82
2021-10-09,Tea,18,53
2021-10-09,Oil,22,52
2021-10-09,Biscuits,78,136
2021-10-09,Soap,39,112
2021-10-09,Shampoo,32,94
2021-10-10,Rice,61,102
2021-10-10,Wheat,64,132
2021-10-10,Sugar,56,89
2021-10-10,Tea,20,57
2021-10-10,Oil,23,35
2021-10-10,Biscuits,62,138
2021-10-10,Soap,32,75
2021-10-10,Shampoo,22,26
2021-10-11,Rice,53,65
2021-10-11,Wheat,44,114
2021-10-11,Sugar,38,69
2021-10-11,Tea,13,25
2021-10-11,Oil,21,45
2021-10-11,Biscuits,65,135
2021-10-11,Soap,26,51
2021-10-11,Shampoo,22,42
2021-10-12,Rice,52,144
2021-10-12,Wheat,48,61
2021-10-12,Sugar,36,102
2021-10-12,Tea,13,29
2021-10-12,Oil,20,49
2021-10-12,Biscuits,73,122
2021-10-12,Soap,29,50
2021-10-12,Shampoo,30,68
2021-10-13,Rice,49,129
2021-10-13,Wheat,54,111
2021-10-13,Sugar,42,59
2021-10-13,Tea,17,47
2021-10-13,Oil,18,32
2021-10-13,Biscuits,54,146
2021-10-13,Soap,26,33
2021-10-13,Shampoo,29,40
2021-10-14,Rice,50,109
2021-10-14,Wheat,51,115
2021-10-14,Sugar,46,97
2021-10-14,Tea,18,24
2021-10-14,Oil,17,31
2021-10-14,Biscuits,60,77
2021-10-14,Soap,34,97
2021-10-14,Shampoo,21,59
2021-10-15,Rice,49,69
2021-10-15,Wheat,41,114
2021-10-15,Sugar,42,51
2021-10-15,Tea,14,34
2021-10-15,Oil,21,35
2021-10-15,Biscuits,60,171
2021-10-15,Soap,31,91
2021-10-15,Shampoo,20,56
2021-10-16,Rice,62,110
2021-10-16,Wheat,53,122
2021-10-16,Sugar,44,116
2021-10-16,Tea,18,45
2021-10-16,Oil,24,52
2021-10-16,Biscuits,70,161
2021-10-16,Soap,30,54
2021-10-16,Shampoo,33,77
2021-10-17,Rice,93,122
2021-10-17,Wheat,85,247
2021-10-17,Sugar,77,220
2021-10-17,Tea,26,57
2021-10-17,Oil,39,109
2021-10-17,Biscuits,131,325
2021-10-17,Soap,68,109
2021-10-17,Shampoo,41,72
2021-10-18,Rice,89,201
2021-10-18,Wheat,73,199
2021-10-18,Sugar,55,101
2021-10-18,Tea,23,50
2021-10-18,Oil,33,41
2021-10-18,Biscuits,99,177
2021-10-18,Soap,43,89
2021-10-18,Shampoo,34,91
2021-10-19,Rice,74,191
2021-10-19,Wheat,77,210
2021-10-19,Sugar,69,170
2021-10-19,Tea,27,44
2021-10-19,Oil,27,62
2021-10-19,Biscuits,95,274
2021-10-19,Soap,42,93
2021-10-19,Shampoo,37,101
2021-10-20,Rice,78,94
2021-10-20,Wheat,75,191
2021-10-20,Sugar,69,120
2021-10-20,Tea,22,52
2021-10-20,Oil,34,68
2021-10-20,Biscuits,106,150
2021-10-20,Soap,44,56
2021-10-20,Shampoo,37,110
2021-10-21,Rice,70,184
2021-10-21,Wheat,77,149
2021-10-21,Sugar,57,101
2021-10-21,Tea,26,61
2021-10-21,Oil,34,80
2021-10-21,Biscuits,92,213
2021-10-21,Soap,44,98
2021-10-21,Shampoo,39,108
2021-10-22,Rice,78,157
2021-10-22,Wheat,64,84
2021-10-22,Sugar,50,66
2021-10-22,Tea,23,30
2021-10-22,Oil,34,88
2021-10-22,Biscuits,101,254
2021-10-22,Soap,49,70
2021-10-22,Shampoo,39,110
2021-10-23,Rice,101,286
2021-10-23,Wheat,73,159
2021-10-23,Sugar,81,109
2021-10-23,Tea,26,60
2021-10-23,Oil,41,89
2021-10-23,Biscuits,106,170
2021-10-23,Soap,59,171
2021-10-23,Shampoo,39,99
2021-10-24,Rice,92,186
2021-10-24,Wheat,85,186
2021-10-24,Sugar,72,87
2021-10-24,Tea,27,43
2021-10-24,Oil,37,58
2021-10-24,Biscuits,124,214
2021-10-24,Soap,47,76
2021-10-24,Shampoo,48,98
2021-10-25,Rice,80,165
2021-10-25,Wheat,63,87
2021-10-25,Sugar,53,149
2021-10-25,Tea,23,40
2021-10-25,Oil,28,69
2021-10-25,Biscuits,80,192
2021-10-25,Soap,54,124
2021-10-25,Shampoo,44,127
2021-10-26,Rice,81,198
2021-10-26,Wheat,69,193
2021-10-26,Sugar,57,121
2021-10-26,Tea,21,33
2021-10-26,Oil,22,45
2021-10-26,Biscuits,92,251
2021-10-26,Soap,42,79
2021-10-26,Shampoo,37,72
2021-10-27,Rice,67,142
2021-10-27,Wheat,94,237
2021-10-27,Sugar,58,156
2021-10-27,Tea,19,45
2021-10-27,Oil,30,57
2021-10-27,Biscuits,91,141
2021-10-27,Soap,54,89
2021-10-27,Shampoo,38,65
2021-10-28,Rice,69,197
2021-10-28,Wheat,71,184
2021-10-28,Sugar,64,164
2021-10-28,Tea,25,65
2021-10-28,Oil,32,92
2021-10-28,Biscuits,93,264
2021-10-28,Soap,48,137
2021-10-28,Shampoo,32,93
2021-10-29,Rice,76,224
2021-10-29,Wheat,69,121
2021-10-29,Sugar,53,131
2021-10-29,Tea,21,30
2021-10-29,Oil,26,75
2021-10-29,Biscuits,87,157
2021-10-29,Soap,45,56
2021-10-29,Shampoo,39,95
2021-10-30,Rice,115,174
2021-10-30,Wheat,81,107
2021-10-30,Sugar,81,123
2021-10-30,Tea,26,69
2021-10-30,Oil,31,60
2021-10-30,Biscuits,99,282
2021-10-30,Soap,59,160
2021-10-30,Shampoo,36,95
2021-10-31,Rice,87,242
2021-10-31,Wheat,78,180
2021-10-31,Sugar,60,130
2021-10-31,Tea,24,38
2021-10-31,Oil,31,73
2021-10-31,Biscuits,111,222
2021-10-31,Soap,51,102
2021-10-31,Shampoo,42,51
2021-11-01,Rice,50,87
2021-11-01,Wheat,42,74
2021-11-01,Sugar,42,124
2021-11-01,Tea,13,21
2021-11-01,Oil,21,33
2021-11-01,Biscuits,66,158
2021-11-01,Soap,31,81
2021-11-01,Shampoo,22,37
2021-11-02,Rice,55,85
2021-11-02,Wheat,45,113
2021-11-02,Sugar,40,102
2021-11-02,Tea,15,38
2021-11-02,Oil,24,29
2021-11-02,Biscuits,66,138
2021-11-02,Soap,31,73
2021-11-02,Shampoo,24,52
2021-11-03,Rice,61,157
2021-11-03,Wheat,51,77
2021-11-03,Sugar,39,72
2021-11-03,Tea,14,30
2021-11-03,Oil,19,31
2021-11-03,Biscuits,53,77
2021-11-03,Soap,29,63
2021-11-03,Shampoo,28,52
2021-11-04,Rice,55,134
2021-11-04,Wheat,48,137
2021-11-04,Sugar,41,51
2021-11-04,Tea,12,22
2021-11-04,Oil,16,30
2021-11-04,Biscuits,62,97
2021-11-04,Soap,32,56
2021-11-04,Shampoo,22,48
2021-11-05,Rice,79,154
2021-11-05,Wheat,78,219
2021-11-05,Sugar,50,95
2021-11-05,Tea,21,36
2021-11-05,Oil,29,73
2021-11-05,Biscuits,79,150
2021-11-05,Soap,43,114
2021-11-05,Shampoo,35,71
2021-11-06,Rice,78,188
2021-11-06,Wheat,93,150
2021-11-06,Sugar,60,87
2021-11-06,Tea,28,57
2021-11-06,Oil,37,50
2021-11-06,Biscuits,119,174
2021-11-06,Soap,61,107
2021-11-06,Shampoo,41,65
2021-11-07,Rice,92,136
2021-11-07,Wheat,71,182
2021-11-07,Sugar,83,155
2021-11-07,Tea,28,38
2021-11-07,Oil,32,75
2021-11-07,Biscuits,114,272
2021-11-07,Soap,59,106
2021-11-07,Shampoo,50,65
2021-11-08,Rice,63,99
2021-11-08,Wheat,73,109
2021-11-08,Sugar,62,129
2021-11-08,Tea,22,47
2021-11-08,Oil,35,81
2021-11-08,Biscuits,84,242
2021-11-08,Soap,52,112
2021-11-08,Shampoo,39,109
2021-11-09,Rice,73,156
2021-11-09,Wheat,57,97
2021-11-09,Sugar,53,115
2021-11-09,Tea,20,46
2021-11-09,Oil,28,37
2021-11-09,Biscuits,95,158
2021-11-09,Soap,47,64
2021-11-09,Shampoo,43,55
2021-11-10,Rice,73,91
2021-11-10,Wheat,74,146
2021-11-10,Sugar,55,75
2021-11-10,Tea,22,38
2021-11-10,Oil,25,60
2021-11-10,Biscuits,87,114
2021-11-10,Soap,51,128
2021-11-10,Shampoo,45,74
2021-11-11,Rice,82,213
2021-11-11,Wheat,67,150
2021-11-11,Sugar,65,164
2021-11-11,Tea,23,45
2021-11-11,Oil,30,60
2021-11-11,Biscuits,85,179
2021-11-11,Soap,58,125
2021-11-11,Shampoo,33,96
2021-11-12,Rice,81,238
2021-11-12,Wheat,66,112
2021-11-12,Sugar,58,71
2021-11-12,Tea,17,41
2021-11-12,Oil,35,84
2021-11-12,Biscuits,73,89
2021-11-12,Soap,47,62
2021-11-12,Shampoo,37,76
2021-11-13,Rice,100,180
2021-11-13,Wheat,90,163
2021-11-13,Sugar,80,176
2021-11-13,Tea,28,40
2021-11-13,Oil,35,82
2021-11-13,Biscuits,127,212
2021-11-13,Soap,52,151
2021-11-13,Shampoo,47,70
2021-11-14,Rice,100,184
2021-11-14,Wheat,76,147
2021-11-14,Sugar,77,132
2021-11-14,Tea,26,45
2021-11-14,Oil,39,56
2021-11-14,Biscuits,106,311
2021-11-14,Soap,41,59
2021-11-14,Shampoo,49,114
2021-11-15,Rice,66,111
2021-11-15,Wheat,82,231
2021-11-15,Sugar,64,182
2021-11-15,Tea,24,34
2021-11-15,Oil,35,87
2021-11-15,Biscuits,84,207
2021-11-15,Soap,51,131
2021-11-15,Shampoo,37,86
2021-11-16,Rice,72,89
2021-11-16,Wheat,56,71
2021-11-16,Sugar,61,88
2021-11-16,Tea,31,88
2021-11-16,Oil,28,36
2021-11-16,Biscuits,91,117
2021-11-16,Soap,37,103
2021-11-16,Shampoo,35,46
2021-11-17,Rice,80,235
2021-11-17,Wheat,84,171
2021-11-17,Sugar,68,186
2021-11-17,Tea,26,77
2021-11-17,Oil,37,65
2021-11-17,Biscuits,99,195
2021-11-17,Soap,41,64
2021-11-17,Shampoo,40,78
2021-11-18,Rice,77,152
2021-11-18,Wheat,65,191
2021-11-18,Sugar,60,139
2021-11-18,Tea,22,55
2021-11-18,Oil,33,74
2021-11-18,Biscuits,79,116
2021-11-18,Soap,47,113
2021-11-18,Shampoo,37,107
2021-11-19,Rice,79,194
2021-11-19,Wheat,70,84
2021-11-19,Sugar,61,131
2021-11-19,Tea,26,59
2021-11-19,Oil,32,95
2021-11-19,Biscuits,92,249
2021-11-19,Soap,43,71
2021-11-19,Shampoo,31,77
2021-11-20,Rice,62,155
2021-11-20,Wheat,55,138
2021-11-20,Sugar,48,139
2021-11-20,Tea,19,55
2021-11-20,Oil,23,50
2021-11-20,Biscuits,70,125
2021-11-20,Soap,35,100
2021-11-20,Shampoo,30,36
2021-11-21,Rice,68,188
2021-11-21,Wheat,59,172
2021-11-21,Sugar,45,94
2021-11-21,Tea,18,21
2021-11-21,Oil,21,36
2021-11-21,Biscuits,67,133
2021-11-21,Soap,32,53
2021-11-21,Shampoo,31,75
2021-11-22,Rice,56,124
2021-11-22,Wheat,53,77
2021-11-22,Sugar,46,74
2021-11-22,Tea,18,52
2021-11-22,Oil,19,29
2021-11-22,Biscuits,57,82
2021-11-22,Soap,32,47
2021-11-22,Shampoo,25,57
2021-11-23,Rice,54,154
2021-11-23,Wheat,44,60
2021-11-23,Sugar,46,137
2021-11-23,Tea,11,22
2021-11-23,Oil,17,42
2021-11-23,Biscuits,66,167
2021-11-23,Soap,27,63
2021-11-23,Shampoo,26,33
2021-11-24,Rice,49,103
2021-11-24,Wheat,40,48
2021-11-24,Sugar,46,95
2021-11-24,Tea,16,38
2021-11-24,Oil,22,38
2021-11-24,Biscuits,53,123
2021-11-24,Soap,25,73
2021-11-24,Shampoo,25,39
2021-11-25,Rice,48,86
2021-11-25,Wheat,44,72
2021-11-25,Sugar,44,85
2021-11-25,Tea,11,28
2021-11-25,Oil,19,54
2021-11-25,Biscuits,67,118
2021-11-25,Soap,29,86
2021-11-25,Shampoo,29,85
2021-11-26,Rice,47,82
2021-11-26,Wheat,45,130
2021-11-26,Sugar,43,55
2021-11-26,Tea,17,50
2021-11-26,Oil,19,30
2021-11-26,Biscuits,49,77
2021-11-26,Soap,30,83
2021-11-26,Shampoo,26,73
2021-11-27,Rice,68,203
2021-11-27,Wheat,60,131
2021-11-27,Sugar,48,123
2021-11-27,Tea,20,54
2021-11-27,Oil,22,36
2021-11-27,Biscuits,69,99
2021-11-27,Soap,44,85
2021-11-27,Shampoo,35,70
2021-11-28,Rice,69,197
2021-11-28,Wheat,64,147
2021-11-28,Sugar,57,69
2021-11-28,Tea,18,39
2021-11-28,Oil,29,59
2021-11-28,Biscuits,77,147
2021-11-28,Soap,33,72
2021-11-28,Shampoo,32,93
2021-11-29,Rice,54,147
2021-11-29,Wheat,45,93
2021-11-29,Sugar,40,57
2021-11-29,Tea,14,34
2021-11-29,Oil,20,24
2021-11-29,Biscuits,66,154
2021-11-29,Soap,34,52
2021-11-29,Shampoo,26,61
2021-11-30,Rice,42,96
2021-11-30,Wheat,50,144
2021-11-30,Sugar,43,79
2021-11-30,Tea,14,20
2021-11-30,Oil,18,43
2021-11-30,Biscuits,69,159
2021-11-30,Soap,37,52
2021-11-30,Shampoo,26,46
2021-12-01,Rice,50,114
2021-12-01,Wheat,49,77
2021-12-01,Sugar,41,77
2021-12-01,Tea,17,34
2021-12-01,Oil,20,59
2021-12-01,Biscuits,57,169
2021-12-01,Soap,31,38
2021-12-01,Shampoo,26,59
2021-12-02,Rice,50,125
2021-12-02,Wheat,47,72
2021-12-02,Sugar,41,119
2021-12-02,Tea,15,44
2021-12-02,Oil,17,44
2021-12-02,Biscuits,59,156
2021-12-02,Soap,29,36
2021-12-02,Shampoo,26,64
2021-12-03,Rice,52,72
2021-12-03,Wheat,52,137
2021-12-03,Sugar,43,57
2021-12-03,Tea,14,39
2021-12-03,Oil,19,41
2021-12-03,Biscuits,65,182
2021-12-03,Soap,31,90
2021-12-03,Shampoo,26,49
2021-12-04,Rice,63,157
2021-12-04,Wheat,61,160
2021-12-04,Sugar,39,77
2021-12-04,Tea,18,42
2021-12-04,Oil,24,63
2021-12-04,Biscuits,72,213
2021-12-04,Soap,37,87
2021-12-04,Shampoo,29,60
2021-12-05,Rice,65,83
2021-12-05,Wheat,60,139
2021-12-05,Sugar,54,145
2021-12-05,Tea,16,38
2021-12-05,Oil,24,51
2021-12-05,Biscuits,60,161
2021-12-05,Soap,36,98
2021-12-05,Shampoo,26,63
2021-12-06,Rice,49,91
2021-12-06,Wheat,51,87
2021-12-06,Sugar,38,51
2021-12-06,Tea,15,32
2021-12-06,Oil,20,56
2021-12-06,Biscuits,70,144
2021-12-06,Soap,31,89
2021-12-06,Shampoo,26,66
2021-12-07,Rice,50,134
2021-12-07,Wheat,57,168
2021-12-07,Sugar,39,113
2021-12-07,Tea,14,17
2021-12-07,Oil,24,46
2021-12-07,Biscuits,67,186
2021-12-07,Soap,26,60
2021-12-07,Shampoo,24,40
2021-12-08,Rice,58,135
2021-12-08,Wheat,48,116
2021-12-08,Sugar,39,108
2021-12-08,Tea,15,28
2021-12-08,Oil,20,50
2021-12-08,Biscuits,65,86
2021-12-08,Soap,36,86
2021-12-08,Shampoo,27,52
2021-12-09,Rice,61,83
2021-12-09,Wheat,47,86
2021-12-09,Sugar,41,83
2021-12-09,Tea,19,44
2021-12-09,Oil,24,61
2021-12-09,Biscuits,69,121
2021-12-09,Soap,37,48
2021-12-09,Shampoo,26,49
2021-12-10,Rice,49,144
2021-12-10,Wheat,42,71
2021-12-10,Sugar,38,69
2021-12-10,Tea,15,33
2021-12-10,Oil,19,30
2021-12-10,Biscuits,57,71
2021-12-10,Soap,31,42
2021-12-10,Shampoo,27,64
2021-12-11,Rice,58,104
2021-12-11,Wheat,65,85
2021-12-11,Sugar,46,90
2021-12-11,Tea,17,32
2021-12-11,Oil,26,36
2021-12-11,Biscuits,70,200
2021-12-11,Soap,34,98
2021-12-11,Shampoo,28,80
2021-12-12,Rice,61,144
2021-12-12,Wheat,51,98
2021-12-12,Sugar,42,58
2021-12-12,Tea,18,40
2021-12-12,Oil,23,56
2021-12-12,Biscuits,71,93
2021-12-12,Soap,34,97
2021-12-12,Shampoo,33,62
2021-12-13,Rice,45,123
2021-12-13,Wheat,35,54
2021-12-13,Sugar,44,90
2021-12-13,Tea,15,20
2021-12-13,Oil,20,42
2021-12-13,Biscuits,64,150
2021-12-13,Soap,28,71
2021-12-13,Shampoo,32,41
2021-12-14,Rice,48,72
2021-12-14,Wheat,40,74
2021-12-14,Sugar,38,83
2021-12-14,Tea,13,23
2021-12-14,Oil,20,24
2021-12-14,Biscuits,62,154
2021-12-14,Soap,33,85
2021-12-14,Shampoo,25,37
2021-12-15,Rice,44,69
2021-12-15,Wheat,36,107
2021-12-15,Sugar,41,122
2021-12-15,Tea,16,28
2021-12-15,Oil,22,53
2021-12-15,Biscuits,64,157
2021-12-15,Soap,32,62
2021-12-15,Shampoo,28,80
2021-12-16,Rice,53,64
2021-12-16,Wheat,43,64
2021-12-16,Sugar,43,96
2021-12-16,Tea,16,45
2021-12-16,Oil,20,37
2021-12-16,Biscuits,60,145
2021-12-16,Soap,34,81
2021-12-16,Shampoo,23,30
2021-12-17,Rice,56,84
2021-12-17,Wheat,46,121
2021-12-17,Sugar,42,71
2021-12-17,Tea,13,23
2021-12-17,Oil,24,59
2021-12-17,Biscuits,65,152
2021-12-17,Soap,31,86
2021-12-17,Shampoo,28,68
2021-12-18,Rice,96,260
2021-12-18,Wheat,91,187
2021-12-18,Sugar,78,109
2021-12-18,Tea,30,62
2021-12-18,Oil,39,113
2021-12-18,Biscuits,123,247
2021-12-18,Soap,56,77
2021-12-18,Shampoo,41,104
2021-12-19,Rice,102,269
2021-12-19,Wheat,102,122
2021-12-19,Sugar,63,121
2021-12-19,Tea,27,38
2021-12-19,Oil,32,57
2021-12-19,Biscuits,109,210
2021-12-19,Soap,60,83
2021-12-19,Shampoo,51,68
2021-12-20,Rice,81,234
2021-12-20,Wheat,49,81
2021-12-20,Sugar,64,163
2021-12-20,Tea,23,29
2021-12-20,Oil,25,54
2021-12-20,Biscuits,87,162
2021-12-20,Soap,36,88
2021-12-20,Shampoo,38,95
2021-12-21,Rice,80,190
2021-12-21,Wheat,72,98
2021-12-21,Sugar,71,117
2021-12-21,Tea,22,49
2021-12-21,Oil,26,47
2021-12-21,Biscuits,80,160
2021-12-21,Soap,46,75
2021-12-21,Shampoo,38,47
2021-12-22,Rice,78,150
2021-12-22,Wheat,59,78
2021-12-22,Sugar,61,120
2021-12-22,Tea,17,31
2021-12-22,Oil,32,40
2021-12-22,Biscuits,84,202
2021-12-22,Soap,50,133
2021-12-22,Shampoo,45,63
2021-12-23,Rice,81,141
2021-12-23,Wheat,65,169
2021-12-23,Sugar,57,118
2021-12-23,Tea,18,36
2021-12-23,Oil,31,60
2021-12-23,Biscuits,72,123
2021-12-23,Soap,45,91
2021-12-23,Shampoo,40,109
2021-12-24,Rice,79,206
2021-12-24,Wheat,68,86
2021-12-24,Sugar,67,119
2021-12-24,Tea,18,23
2021-12-24,Oil,34,97
2021-12-24,Biscuits,90,218
2021-12-24,Soap,43,88
2021-12-24,Shampoo,36,71
2021-12-25,Rice,95,168
2021-12-25,Wheat,89,208
2021-12-25,Sugar,71,114
2021-12-25,Tea,26,54
2021-12-25,Oil,42,55
2021-12-25,Biscuits,108,185
2021-12-25,Soap,47,108
2021-12-25,Shampoo,43,78
2021-12-26,Rice,92,216
2021-12-26,Wheat,81,98
2021-12-26,Sugar,80,177
2021-12-26,Tea,29,80
2021-12-26,Oil,30,37
2021-12-26,Biscuits,139,183
2021-12-26,Soap,65,188
2021-12-26,Shampoo,47,102
2021-12-27,Rice,74,138
2021-12-27,Wheat,75,189
2021-12-27,Sugar,75,145
2021-12-27,Tea,28,46
2021-12-27,Oil,35,102
2021-12-27,Biscuits,105,273
2021-12-27,Soap,41,82
2021-12-27,Shampoo,43,125
2021-12-28,Rice,74,112
2021-12-28,Wheat,79,98
2021-12-28,Sugar,70,90
2021-12-28,Tea,22,51
2021-12-28,Oil,32,88
2021-12-28,Biscuits,113,267
2021-12-28,Soap,45,110
2021-12-28,Shampoo,41,81
2021-12-29,Rice,82,105
2021-12-29,Wheat,65,194
2021-12-29,Sugar,69,99
2021-12-29,Tea,23,50
2021-12-29,Oil,29,68
2021-12-29,Biscuits,89,165
2021-12-29,Soap,48,95
2021-12-29,Shampoo,33,66
2021-12-30,Rice,78,193
2021-12-30,Wheat,72,126
2021-12-30,Sugar,67,94
2021-12-30,Tea,22,54
2021-12-30,Oil,29,77
2021-12-30,Biscuits,84,205
2021-12-30,Soap,42,58
2021-12-30,Shampoo,38,53
2021-12-31,Rice,79,127
2021-12-31,Wheat,65,84
2021-12-31,Sugar,60,168
2021-12-31,Tea,25,62
2021-12-31,Oil,30,66
2021-12-31,Biscuits,95,211
2021-12-31,Soap,46,103
2021-12-31,Shampoo,39,66
2022-01-01,Rice,96,175
2022-01-01,Wheat,82,127
2022-01-01,Sugar,80,117
2022-01-01,Tea,24,70
2022-01-01,Oil,36,94
2022-01-01,Biscuits,131,330
2022-01-01,Soap,65,168
2022-01-01,Shampoo,48,124
2022-01-02,Rice,78,127
2022-01-02,Wheat,67,151
2022-01-02,Sugar,67,110
2022-01-02,Tea,27,61
2022-01-02,Oil,38,97
2022-01-02,Biscuits,123,260
2022-01-02,Soap,50,126
2022-01-02,Shampoo,46,122
2022-01-03,Rice,74,127
2022-01-03,Wheat,81,188
2022-01-03,Sugar,66,128
2022-01-03,Tea,20,41
2022-01-03,Oil,29,79
2022-01-03,Biscuits,105,148
2022-01-03,Soap,45,68
2022-01-03,Shampoo,35,42
2022-01-04,Rice,79,168
2022-01-04,Wheat,81,129
2022-01-04,Sugar,64,165
2022-01-04,Tea,20,29
2022-01-04,Oil,31,66
2022-01-04,Biscuits,109,144
2022-01-04,Soap,55,122
2022-01-04,Shampoo,37,71
2022-01-05,Rice,79,178
2022-01-05,Wheat,67,107
2022-01-05,Sugar,58,75
2022-01-05,Tea,24,35
2022-01-05,Oil,26,56
2022-01-05,Biscuits,103,230
2022-01-05,Soap,40,96
2022-01-05,Shampoo,44,93
2022-01-06,Rice,75,177
2022-01-06,Wheat,84,233
2022-01-06,Sugar,72,97
2022-01-06,Tea,23,68
2022-01-06,Oil,37,69
2022-01-06,Biscuits,92,271
2022-01-06,Soap,42,92
2022-01-06,Shampoo,36,77
2022-01-07,Rice,72,94
2022-01-07,Wheat,74,180
2022-01-07,Sugar,56,74
2022-01-07,Tea,20,28
2022-01-07,Oil,26,66
2022-01-07,Biscuits,91,146
2022-01-07,Soap,50,124
2022-01-07,Shampoo,42,76
2022-01-08,Rice,106,178
2022-01-08,Wheat,87,112
2022-01-08,Sugar,71,135
2022-01-08,Tea,25,34
2022-01-08,Oil,37,52
2022-01-08,Biscuits,87,171
2022-01-08,Soap,66,132
2022-01-08,Shampoo,41,88
2022-01-09,Rice,98,240
2022-01-09,Wheat,90,201
2022-01-09,Sugar,67,105
2022-01-09,Tea,23,44
2022-01-09,Oil,40,107
2022-01-09,Biscuits,119,267
2022-01-09,Soap,54,143
2022-01-09,Shampoo,44,57
2022-01-10,Rice,77,169
2022-01-10,Wheat,79,215
2022-01-10,Sugar,51,76
2022-01-10,Tea,18,42
2022-01-10,Oil,32,84
2022-01-10,Biscuits,74,187
2022-01-10,Soap,44,122
2022-01-10,Shampoo,34,93
2022-01-11,Rice,74,180
2022-01-11,Wheat,73,113
2022-01-11,Sugar,61,104
2022-01-11,Tea,21,58
2022-01-11,Oil,28,40
2022-01-11,Biscuits,84,114
2022-01-11,Soap,45,63
2022-01-11,Shampoo,41,59
2022-01-12,Rice,75,189
2022-01-12,Wheat,72,96
2022-01-12,Sugar,56,117
2022-01-12,Tea,21,50
2022-01-12,Oil,32,88
2022-01-12,Biscuits,95,168
2022-01-12,Soap,47,135
2022-01-12,Shampoo,46,134
2022-01-13,Rice,69,161
2022-01-13,Wheat,59,118
2022-01-13,Sugar,56,120
2022-01-13,Tea,25,56
2022-01-13,Oil,29,50
2022-01-13,Biscuits,105,223
2022-01-13,Soap,45,93
2022-01-13,Shampoo,28,73
2022-01-14,Rice,81,125
2022-01-14,Wheat,65,114
2022-01-14,Sugar,59,90
2022-01-14,Tea,21,47
2022-01-14,Oil,31,84
2022-01-14,Biscuits,112,171
2022-01-14,Soap,41,106
2022-01-14,Shampoo,39,91
2022-01-15,Rice,76,211
2022-01-15,Wheat,79,128
2022-01-15,Sugar,69,142
2022-01-15,Tea,26,46
2022-01-15,Oil,35,57
2022-01-15,Biscuits,122,292
2022-01-15,Soap,45,129
2022-01-15,Shampoo,40,117
2022-01-16,Rice,109,180
2022-01-16,Wheat,65,146
2022-01-16,Sugar,78,184
2022-01-16,Tea,25,74
2022-01-16,Oil,36,57
2022-01-16,Biscuits,121,287
2022-01-16,Soap,54,82
2022-01-16,Shampoo,45,55
2022-01-17,Rice,74,119
2022-01-17,Wheat,63,121
2022-01-17,Sugar,69,162
2022-01-17,Tea,25,31
2022-01-17,Oil,34,100
2022-01-17,Biscuits,94,177
2022-01-17,Soap,50,118
2022-01-17,Shampoo,40,55
2022-01-18,Rice,81,226
2022-01-18,Wheat,62,127
2022-01-18,Sugar,65,154
2022-01-18,Tea,23,32
2022-01-18,Oil,33,59
2022-01-18,Biscuits,84,140
2022-01-18,Soap,44,124
2022-01-18,Shampoo,37,106
2022-01-19,Rice,82,112
2022-01-19,Wheat,72,199
2022-01-19,Sugar,62,91
2022-01-19,Tea,27,77
2022-01-19,Oil,28,81
2022-01-19,Biscuits,91,127
2022-01-19,Soap,48,88
2022-01-19,Shampoo,34,54
2022-01-20,Rice,90,218
2022-01-20,Wheat,78,123
2022-01-20,Sugar,71,176
2022-01-20,Tea,24,58
2022-01-20,Oil,33,96
2022-01-20,Biscuits,109,201
2022-01-20,Soap,48,102
2022-01-20,Shampoo,40,101
2022-01-21,Rice,80,104
2022-01-21,Wheat,65,118
2022-01-21,Sugar,60,120
2022-01-21,Tea,20,45
2022-01-21,Oil,37,51
2022-01-21,Biscuits,83,178
2022-01-21,Soap,50,103
2022-01-21,Shampoo,45,85
2022-01-22,Rice,99,189
2022-01-22,Wheat,91,133
2022-01-22,Sugar,75,202
2022-01-22,Tea,28,68
2022-01-22,Oil,41,74
2022-01-22,Biscuits,101,206
2022-01-22,Soap,57,158
2022-01-22,Shampoo,49,108
2022-01-23,Rice,68,153
2022-01-23,Wheat,58,108
2022-01-23,Sugar,43,88
2022-01-23,Tea,15,24
2022-01-23,Oil,24,47
2022-01-23,Biscuits,70,155
2022-01-23,Soap,37,74
2022-01-23,Shampoo,33,63
2022-01-24,Rice,50,111
2022-01-24,Wheat,45,110
2022-01-24,Sugar,40,117
2022-01-24,Tea,14,25
2022-01-24,Oil,21,47
2022-01-24,Biscuits,62,95
2022-01-24,Soap,35,95
2022-01-24,Shampoo,27,78
2022-01-25,Rice,46,101
2022-01-25,Wheat,49,130
2022-01-25,Sugar,45,60
2022-01-25,Tea,15,26
2022-01-25,Oil,19,31
2022-01-25,Biscuits,75,120
2022-01-25,Soap,30,72
2022-01-25,Shampoo,22,38
2022-01-26,Rice,54,73
2022-01-26,Wheat,47,88
2022-01-26,Sugar,42,64
2022-01-26,Tea,12,32
2022-01-26,Oil,23,53
2022-01-26,Biscuits,56,161
2022-01-26,Soap,33,50
2022-01-26,Shampoo,33,46
2022-01-27,Rice,53,66
2022-01-27,Wheat,54,152
2022-01-27,Sugar,43,55
2022-01-27,Tea,12,17
2022-01-27,Oil,17,49
2022-01-27,Biscuits,53,111
2022-01-27,Soap,28,60
2022-01-27,Shampoo,25,62
2022-01-28,Rice,52,145
2022-01-28,Wheat,41,75
2022-01-28,Sugar,45,120
2022-01-28,Tea,15,28
2022-01-28,Oil,15,44
2022-01-28,Biscuits,60,132
2022-01-28,Soap,32,65
2022-01-28,Shampoo,25,31
2022-01-29,Rice,62,147
2022-01-29,Wheat,60,157
2022-01-29,Sugar,51,122
2022-01-29,Tea,19,43
2022-01-29,Oil,23,34
2022-01-29,Biscuits,70,169
2022-01-29,Soap,38,112
2022-01-29,Shampoo,35,42
2022-01-30,Rice,65,161
2022-01-30,Wheat,60,160
2022-01-30,Sugar,47,105
2022-01-30,Tea,17,45
2022-01-30,Oil,24,64
2022-01-30,Biscuits,72,211
2022-01-30,Soap,39,51
2022-01-30,Shampoo,32,89
2022-01-31,Rice,55,144
2022-01-31,Wheat,44,105
2022-01-31,Sugar,42,54
2022-01-31,Tea,15,34
2022-01-31,Oil,22,44
2022-01-31,Biscuits,61,128
2022-01-31,Soap,28,47
2022-01-31,Shampoo,25,65
2022-02-01,Rice,58,73
2022-02-01,Wheat,39,80
2022-02-01,Sugar,40,102
2022-02-01,Tea,14,34
2022-02-01,Oil,22,26
2022-02-01,Biscuits,55,115
2022-02-01,Soap,29,71
2022-02-01,Shampoo,25,74
2022-02-02,Rice,57,144
2022-02-02,Wheat,40,115
2022-02-02,Sugar,45,86
2022-02-02,Tea,12,17
2022-02-02,Oil,17,44
2022-02-02,Biscuits,60,75
2022-02-02,Soap,29,81
2022-02-02,Shampoo,27,61
2022-02-03,Rice,51,108
2022-02-03,Wheat,43,56
2022-02-03,Sugar,34,80
2022-02-03,Tea,15,40
2022-02-03,Oil,19,54
2022-02-03,Biscuits,62,120
2022-02-03,Soap,29,78
2022-02-03,Shampoo,24,69
2022-02-04,Rice,59,147
2022-02-04,Wheat,43,54
2022-02-04,Sugar,40,106
2022-02-04,Tea,13,33
2022-02-04,Oil,21,36
2022-02-04,Biscuits,52,101
2022-02-04,Soap,25,61
2022-02-04,Shampoo,26,73
2022-02-05,Rice,58,171
2022-02-05,Wheat,57,99
2022-02-05,Sugar,53,102
2022-02-05,Tea,19,35
2022-02-05,Oil,24,33
2022-02-05,Biscuits,80,171
2022-02-05,Soap,31,61
2022-02-05,Shampoo,32,86
2022-02-06,Rice,69,89
2022-02-06,Wheat,57,151
2022-02-06,Sugar,52,142
2022-02-06,Tea,17,27
2022-02-06,Oil,24,33
2022-02-06,Biscuits,91,209
2022-02-06,Soap,44,69
2022-02-06,Shampoo,35,45
2022-02-07,Rice,56,152
2022-02-07,Wheat,44,65
2022-02-07,Sugar,40,50
2022-02-07,Tea,17,29
2022-02-07,Oil,21,29
2022-02-07,Biscuits,59,140
2022-02-07,Soap,35,48
2022-02-07,Shampoo,28,59
2022-02-08,Rice,53,81
2022-02-08,Wheat,47,124
2022-02-08,Sugar,51,66
2022-02-08,Tea,17,42
2022-02-08,Oil,20,47
2022-02-08,Biscuits,60,163
2022-02-08,Soap,28,73
2022-02-08,Shampoo,28,40
2022-02-09,Rice,45,60
2022-02-09,Wheat,53,113
2022-02-09,Sugar,42,93
2022-02-09,Tea,14,41
2022-02-09,Oil,21,39
2022-02-09,Biscuits,65,131
2022-02-09,Soap,29,72
2022-02-09,Shampoo,24,46
2022-02-10,Rice,51,77
2022-02-10,Wheat,51,117
2022-02-10,Sugar,40,56
2022-02-10,Tea,15,36
2022-02-10,Oil,27,46
2022-02-10,Biscuits,59,109
2022-02-10,Soap,30,61
2022-02-10,Shampoo,25,55
2022-02-11,Rice,54,124
2022-02-11,Wheat,47,58
2022-02-11,Sugar,34,54
2022-02-11,Tea,18,50
2022-02-11,Oil,19,53
2022-02-11,Biscuits,80,213
2022-02-11,Soap,31,84
2022-02-11,Shampoo,23,55
2022-02-12,Rice,62,88
2022-02-12,Wheat,50,115
2022-02-12,Sugar,47,123
2022-02-12,Tea,18,48
2022-02-12,Oil,24,28
2022-02-12,Biscuits,72,170
2022-02-12,Soap,33,92
2022-02-12,Shampoo,30,88
2022-02-13,Rice,59,72
2022-02-13,Wheat,68,100
2022-02-13,Sugar,53,109
2022-02-13,Tea,14,29
2022-02-13,Oil,22,44
2022-02-13,Biscuits,70,175
2022-02-13,Soap,32,82
2022-02-13,Shampoo,29,75
2022-02-14,Rice,43,60
2022-02-14,Wheat,44,125
2022-02-14,Sugar,34,41
2022-02-14,Tea,15,20
2022-02-14,Oil,19,32
2022-02-14,Biscuits,55,149
2022-02-14,Soap,34,62
2022-02-14,Shampoo,27,73
2022-02-15,Rice,62,104
2022-02-15,Wheat,54,137
2022-02-15,Sugar,42,63
2022-02-15,Tea,13,19
2022-02-15,Oil,22,60
2022-02-15,Biscuits,78,178
2022-02-15,Soap,31,73
2022-02-15,Shampoo,25,45
2022-02-16,Rice,61,91
2022-02-16,Wheat,43,120
2022-02-16,Sugar,53,147
2022-02-16,Tea,14,38
2022-02-16,Oil,24,63
2022-02-16,Biscuits,71,116
2022-02-16,Soap,26,40
2022-02-16,Shampoo,25,43
2022-02-17,Rice,45,70
2022-02-17,Wheat,47,102
2022-02-17,Sugar,38,90
2022-02-17,Tea,16,19
2022-02-17,Oil,18,32
2022-02-17,Biscuits,62,119
2022-02-17,Soap,30,39
2022-02-17,Shampoo,32,42
2022-02-18,Rice,46,136
2022-02-18,Wheat,45,59
2022-02-18,Sugar,40,112
2022-02-18,Tea,16,30
2022-02-18,Oil,21,42
2022-02-18,Biscuits,64,164
2022-02-18,Soap,30,78
2022-02-18,Shampoo,21,55
2022-02-19,Rice,65,83
2022-02-19,Wheat,60,176
2022-02-19,Sugar,50,71
2022-02-19,Tea,21,48
2022-02-19,Oil,27,41
2022-02-19,Biscuits,78,170
2022-02-19,Soap,33,55
2022-02-19,Shampoo,33,80
2022-02-20,Rice,50,131
2022-02-20,Wheat,46,128
2022-02-20,Sugar,50,100
2022-02-20,Tea,15,29
2022-02-20,Oil,22,26
2022-02-20,Biscuits,79,190
2022-02-20,Soap,36,53
2022-02-20,Shampoo,30,63
2022-02-21,Rice,56,69
2022-02-21,Wheat,48,105
2022-02-21,Sugar,41,61
2022-02-21,Tea,15,37
2022-02-21,Oil,18,31
2022-02-21,Biscuits,62,171
2022-02-21,Soap,28,38
2022-02-21,Shampoo,21,44
2022-02-22,Rice,53,155
2022-02-22,Wheat,49,85
2022-02-22,Sugar,38,105
2022-02-22,Tea,14,37
2022-02-22,Oil,19,29
2022-02-22,Biscuits,73,167
2022-02-22,Soap,22,41
2022-02-22,Shampoo,25,73
2022-02-23,Rice,50,131
2022-02-23,Wheat,47,94
2022-02-23,Sugar,47,85
2022-02-23,Tea,16,20
2022-02-23,Oil,19,46
2022-02-23,Biscuits,59,86
2022-02-23,Soap,30,76
2022-02-23,Shampoo,24,43
2022-02-24,Rice,48,86
2022-02-24,Wheat,49,63
2022-02-24,Sugar,39,113
2022-02-24,Tea,15,41
2022-02-24,Oil,18,35
2022-02-24,Biscuits,62,128
2022-02-24,Soap,29,41
2022-02-24,Shampoo,31,85
2022-02-25,Rice,54,84
2022-02-25,Wheat,48,107
2022-02-25,Sugar,43,63
2022-02-25,Tea,14,41
2022-02-25,Oil,18,48
2022-02-25,Biscuits,64,96
2022-02-25,Soap,32,68
2022-02-25,Shampoo,24,60
2022-02-26,Rice,61,180
2022-02-26,Wheat,50,116
2022-02-26,Sugar,51,146
2022-02-26,Tea,20,27
2022-02-26,Oil,22,48
2022-02-26,Biscuits,81,198
2022-02-26,Soap,35,56
2022-02-26,Shampoo,27,79
2022-02-27,Rice,61,95
2022-02-27,Wheat,54,126
2022-02-27,Sugar,54,111
2022-02-27,Tea,19,54
2022-02-27,Oil,25,73
2022-02-27,Biscuits,85,180
2022-02-27,Soap,38,84
2022-02-27,Shampoo,33,57
2022-02-28,Rice,51,101
2022-02-28,Wheat,48,79
2022-02-28,Sugar,37,68
2022-02-28,Tea,13,32
2022-02-28,Oil,21,55
2022-02-28,Biscuits,69,196
2022-02-28,Soap,37,92
2022-02-28,Shampoo,27,34
2022-03-01,Rice,47,112
2022-03-01,Wheat,50,118
2022-03-01,Sugar,44,110
2022-03-01,Tea,12,35
2022-03-01,Oil,26,33
2022-03-01,Biscuits,58,95
2022-03-01,Soap,32,69
2022-03-01,Shampoo,24,40
2022-03-02,Rice,51,105
2022-03-02,Wheat,45,131
2022-03-02,Sugar,40,102
2022-03-02,Tea,14,39
2022-03-02,Oil,21,33
2022-03-02,Biscuits,66,184
2022-03-02,Soap,33,75
2022-03-02,Shampoo,25,43
2022-03-03,Rice,55,155
2022-03-03,Wheat,42,101
2022-03-03,Sugar,47,140
2022-03-03,Tea,11,18
2022-03-03,Oil,24,70
2022-03-03,Biscuits,58,112
2022-03-03,Soap,33,75
2022-03-03,Shampoo,28,42
2022-03-04,Rice,52,154
2022-03-04,Wheat,38,107
2022-03-04,Sugar,45,114
2022-03-04,Tea,15,36
2022-03-04,Oil,23,34
2022-03-04,Biscuits,61,128
2022-03-04,Soap,31,71
2022-03-04,Shampoo,25,32
2022-03-05,Rice,60,113
2022-03-05,Wheat,53,76
2022-03-05,Sugar,61,97
2022-03-05,Tea,18,26
2022-03-05,Oil,24,29
2022-03-05,Biscuits,68,125
2022-03-05,Soap,35,80
2022-03-05,Shampoo,28,68
2022-03-06,Rice,68,137
2022-03-06,Wheat,44,97
2022-03-06,Sugar,51,103
2022-03-06,Tea,16,46
2022-03-06,Oil,29,43
2022-03-06,Biscuits,76,193
2022-03-06,Soap,41,88
2022-03-06,Shampoo,32,84
2022-03-07,Rice,50,104
2022-03-07,Wheat,49,80
2022-03-07,Sugar,38,46
2022-03-07,Tea,16,39
2022-03-07,Oil,16,26
2022-03-07,Biscuits,70,109
2022-03-07,Soap,30,83
2022-03-07,Shampoo,25,67
2022-03-08,Rice,48,86
2022-03-08,Wheat,43,123
2022-03-08,Sugar,46,93
2022-03-08,Tea,11,31
2022-03-08,Oil,21,50
2022-03-08,Biscuits,72,133
2022-03-08,Soap,32,82
2022-03-08,Shampoo,22,54
2022-03-09,Rice,52,99
2022-03-09,Wheat,52,78
2022-03-09,Sugar,40,91
2022-03-09,Tea,14,21
2022-03-09,Oil,21,62
2022-03-09,Biscuits,49,113
2022-03-09,Soap,30,69
2022-03-09,Shampoo,26,68
2022-03-10,Rice,58,140
2022-03-10,Wheat,48,110
2022-03-10,Sugar,38,63
2022-03-10,Tea,16,32
2022-03-10,Oil,24,65
2022-03-10,Biscuits,65,149
2022-03-10,Soap,29,40
2022-03-10,Shampoo,24,32
2022-03-11,Rice,57,81
2022-03-11,Wheat,41,60
2022-03-11,Sugar,44,91
2022-03-11,Tea,17,39
2022-03-11,Oil,17,47
2022-03-11,Biscuits,70,164
2022-03-11,Soap,34,89
2022-03-11,Shampoo,26,41
2022-03-12,Rice,54,140
2022-03-12,Wheat,57,143
2022-03-12,Sugar,54,130
2022-03-12,Tea,20,58
2022-03-12,Oil,25,31
2022-03-12,Biscuits,67,102
2022-03-12,Soap,37,65
2022-03-12,Shampoo,30,69
2022-03-13,Rice,66,127
2022-03-13,Wheat,54,89
2022-03-13,Sugar,48,66
2022-03-13,Tea,18,47
2022-03-13,Oil,23,62
2022-03-13,Biscuits,79,192
2022-03-13,Soap,38,77
2022-03-13,Shampoo,28,37
2022-03-14,Rice,48,129
2022-03-14,Wheat,49,84
2022-03-14,Sugar,44,102
2022-03-14,Tea,14,20
2022-03-14,Oil,22,47
2022-03-14,Biscuits,70,120
2022-03-14,Soap,37,70
2022-03-14,Shampoo,31,50
2022-03-15,Rice,55,79
2022-03-15,Wheat,46,118
2022-03-15,Sugar,37,97
2022-03-15,Tea,14,37
2022-03-15,Oil,21,57
2022-03-15,Biscuits,61,117
2022-03-15,Soap,28,67
2022-03-15,Shampoo,24,39
2022-03-16,Rice,55,137
2022-03-16,Wheat,51,120
2022-03-16,Sugar,43,128
2022-03-16,Tea,14,30
2022-03-16,Oil,18,48
2022-03-16,Biscuits,60,162
2022-03-16,Soap,29,74
2022-03-16,Shampoo,28,75
2022-03-17,Rice,65,174
2022-03-17,Wheat,50,146
2022-03-17,Sugar,50,142
2022-03-17,Tea,16,22
2022-03-17,Oil,19,33
2022-03-17,Biscuits,67,102
2022-03-17,Soap,25,71
2022-03-17,Shampoo,26,40
2022-03-18,Rice,42,125
2022-03-18,Wheat,48,124
2022-03-18,Sugar,39,97
2022-03-18,Tea,19,26
2022-03-18,Oil,16,44
2022-03-18,Biscuits,53,81
2022-03-18,Soap,33,58
2022-03-18,Shampoo,26,55
2022-03-19,Rice,60,163
2022-03-19,Wheat,58,171
2022-03-19,Sugar,59,95
2022-03-19,Tea,14,26
2022-03-19,Oil,28,76
2022-03-19,Biscuits,75,145
2022-03-19,Soap,35,61
2022-03-19,Shampoo,25,74
2022-03-20,Rice,64,179
2022-03-20,Wheat,52,128
2022-03-20,Sugar,55,139
2022-03-20,Tea,19,48
2022-03-20,Oil,25,63
2022-03-20,Biscuits,80,105
2022-03-20,Soap,39,60
2022-03-20,Shampoo,31,61
2022-03-21,Rice,55,109
2022-03-21,Wheat,47,112
2022-03-21,Sugar,38,72
2022-03-21,Tea,16,20
2022-03-21,Oil,23,43
2022-03-21,Biscuits,69,143
2022-03-21,Soap,25,52
2022-03-21,Shampoo,28,47
2022-03-22,Rice,53,86
2022-03-22,Wheat,42,105
2022-03-22,Sugar,44,64
2022-03-22,Tea,15,28
2022-03-22,Oil,18,39
2022-03-22,Biscuits,65,155
2022-03-22,Soap,34,66
2022-03-22,Shampoo,23,64
2022-03-23,Rice,52,75
2022-03-23,Wheat,44,61
2022-03-23,Sugar,37,81
2022-03-23,Tea,14,41
2022-03-23,Oil,16,40
2022-03-23,Biscuits,59,119
2022-03-23,Soap,33,63
2022-03-23,Shampoo,26,54
2022-03-24,Rice,47,91
2022-03-24,Wheat,49,129
2022-03-24,Sugar,34,48
2022-03-24,Tea,13,33
2022-03-24,Oil,20,52
2022-03-24,Biscuits,50,148
2022-03-24,Soap,31,80
2022-03-24,Shampoo,22,38
2022-03-25,Rice,47,138
2022-03-25,Wheat,46,58
2022-03-25,Sugar,39,68
2022-03-25,Tea,15,42
2022-03-25,Oil,21,47
2022-03-25,Biscuits,66,94
2022-03-25,Soap,35,69
2022-03-25,Shampoo,27,71
2022-03-26,Rice,59,172
2022-03-26,Wheat,59,156
2022-03-26,Sugar,43,127
2022-03-26,Tea,19,27
2022-03-26,Oil,21,36
2022-03-26,Biscuits,89,239
2022-03-26,Soap,30,66
2022-03-26,Shampoo,28,68
2022-03-27,Rice,59,157
2022-03-27,Wheat,49,121
2022-03-27,Sugar,56,114
2022-03-27,Tea,17,43
2022-03-27,Oil,26,38
2022-03-27,Biscuits,76,161
2022-03-27,Soap,39,103
2022-03-27,Shampoo,27,46
2022-03-28,Rice,44,116
2022-03-28,Wheat,49,70
2022-03-28,Sugar,42,53
2022-03-28,Tea,16,33
2022-03-28,Oil,20,31
2022-03-28,Biscuits,60,129
2022-03-28,Soap,38,60
2022-03-28,Shampoo,31,85
2022-03-29,Rice,55,145
2022-03-29,Wheat,44,116
2022-03-29,Sugar,42,95
2022-03-29,Tea,11,27
2022-03-29,Oil,22,55
2022-03-29,Biscuits,52,145
2022-03-29,Soap,35,59
2022-03-29,Shampoo,26,41
2022-03-30,Rice,52,66
2022-03-30,Wheat,46,127
2022-03-30,Sugar,39,84
2022-03-30,Tea,14,21
2022-03-30,Oil,19,26
2022-03-30,Biscuits,49,79
2022-03-30,Soap,32,76
2022-03-30,Shampoo,26,40
2022-03-31,Rice,56,143
2022-03-31,Wheat,37,56
2022-03-31,Sugar,45,113
2022-03-31,Tea,14,26
2022-03-31,Oil,18,24
2022-03-31,Biscuits,65,161
2022-03-31,Soap,30,74
2022-03-31,Shampoo,25,49
2022-04-01,Rice,46,62
2022-04-01,Wheat,46,136
2022-04-01,Sugar,42,87
2022-04-01,Tea,16,43
2022-04-01,Oil,23,58
2022-04-01,Biscuits,70,148
2022-04-01,Soap,29,75
2022-04-01,Shampoo,26,32
2022-04-02,Rice,57,84
2022-04-02,Wheat,60,169
2022-04-02,Sugar,44,78
2022-04-02,Tea,22,27
2022-04-02,Oil,28,59
2022-04-02,Biscuits,64,145
2022-04-02,Soap,33,44
2022-04-02,Shampoo,33,58
2022-04-03,Rice,66,143
2022-04-03,Wheat,53,145
2022-04-03,Sugar,51,150
2022-04-03,Tea,18,48
2022-04-03,Oil,27,67
2022-04-03,Biscuits,85,190
2022-04-03,Soap,33,45
2022-04-03,Shampoo,30,55
2022-04-04,Rice,50,66
2022-04-04,Wheat,46,111
2022-04-04,Sugar,45,69
2022-04-04,Tea,14,37
2022-04-04,Oil,20,30
2022-04-04,Biscuits,62,117
2022-04-04,Soap,30,62
2022-04-04,Shampoo,27,69
2022-04-05,Rice,50,112
2022-04-05,Wheat,46,75
2022-04-05,Sugar,42,79
2022-04-05,Tea,15,22
2022-04-05,Oil,22,56
2022-04-05,Biscuits,61,93
2022-04-05,Soap,29,74
2022-04-05,Shampoo,24,49
2022-04-06,Rice,53,122
2022-04-06,Wheat,47,116
2022-04-06,Sugar,39,52
2022-04-06,Tea,16,28
2022-04-06,Oil,22,39
2022-04-06,Biscuits,62,93
2022-04-06,Soap,33,58
2022-04-06,Shampoo,25,48
2022-04-07,Rice,52,152
2022-04-07,Wheat,50,120
2022-04-07,Sugar,44,92
2022-04-07,Tea,11,24
2022-04-07,Oil,20,47
2022-04-07,Biscuits,65,114
2022-04-07,Soap,28,76
2022-04-07,Shampoo,27,42
2022-04-08,Rice,56,84
2022-04-08,Wheat,56,146
2022-04-08,Sugar,36,94
2022-04-08,Tea,14,19
2022-04-08,Oil,20,47
2022-04-08,Biscuits,62,152
2022-04-08,Soap,29,74
2022-04-08,Shampoo,28,71
2022-04-09,Rice,61,141
2022-04-09,Wheat,50,80
2022-04-09,Sugar,50,79
2022-04-09,Tea,17,42
2022-04-09,Oil,23,42
2022-04-09,Biscuits,79,224
2022-04-09,Soap,34,94
2022-04-09,Shampoo,28,53
2022-04-10,Rice,66,181
2022-04-10,Wheat,68,141
2022-04-10,Sugar,54,134
2022-04-10,Tea,17,48
2022-04-10,Oil,27,64
2022-04-10,Biscuits,70,142
2022-04-10,Soap,40,59
2022-04-10,Shampoo,30,85
2022-04-11,Rice,57,138
2022-04-11,Wheat,48,99
2022-04-11,Sugar,38,84
2022-04-11,Tea,18,31
2022-04-11,Oil,20,28
2022-04-11,Biscuits,65,135
2022-04-11,Soap,33,93
2022-04-11,Shampoo,30,83
2022-04-12,Rice,61,101
2022-04-12,Wheat,41,53
2022-04-12,Sugar,51,100
2022-04-12,Tea,14,28
2022-04-12,Oil,20,56
2022-04-12,Biscuits,60,133
2022-04-12,Soap,27,80
2022-04-12,Shampoo,27,34
2022-04-13,Rice,50,68
2022-04-13,Wheat,46,93
2022-04-13,Sugar,44,66
2022-04-13,Tea,16,29
2022-04-13,Oil,18,24
2022-04-13,Biscuits,66,155
2022-04-13,Soap,32,79
2022-04-13,Shampoo,24,69
2022-04-14,Rice,53,66
2022-04-14,Wheat,48,108
2022-04-14,Sugar,42,53
2022-04-14,Tea,15,25
2022-04-14,Oil,22,45
2022-04-14,Biscuits,72,141
2022-04-14,Soap,33,97
2022-04-14,Shampoo,23,65
2022-04-15,Rice,49,71
2022-04-15,Wheat,46,134
2022-04-15,Sugar,48,101
2022-04-15,Tea,13,16
2022-04-15,Oil,20,40
2022-04-15,Biscuits,67,113
2022-04-15,Soap,29,61
2022-04-15,Shampoo,27,45
2022-04-16,Rice,50,109
2022-04-16,Wheat,61,138
2022-04-16,Sugar,55,143
2022-04-16,Tea,19,28
2022-04-16,Oil,27,59
2022-04-16,Biscuits,79,129
2022-04-16,Soap,39,77
2022-04-16,Shampoo,33,49
2022-04-17,Rice,68,93
2022-04-17,Wheat,56,164
2022-04-17,Sugar,43,125
2022-04-17,Tea,18,46
2022-04-17,Oil,29,49
2022-04-17,Biscuits,84,186
2022-04-17,Soap,34,68
2022-04-17,Shampoo,30,65
2022-04-18,Rice,55,89
2022-04-18,Wheat,54,157
2022-04-18,Sugar,46,77
2022-04-18,Tea,16,23
2022-04-18,Oil,24,62
2022-04-18,Biscuits,63,161
2022-04-18,Soap,26,52
2022-04-18,Shampoo,27,39
2022-04-19,Rice,57,143
2022-04-19,Wheat,48,65
2022-04-19,Sugar,44,69
2022-04-19,Tea,18,46
2022-04-19,Oil,20,47
2022-04-19,Biscuits,55,104
2022-04-19,Soap,36,98
2022-04-19,Shampoo,28,40
2022-04-20,Rice,52,82
2022-04-20,Wheat,43,68
2022-04-20,Sugar,41,90
2022-04-20,Tea,13,27
2022-04-20,Oil,26,45
2022-04-20,Biscuits,51,111
2022-04-20,Soap,30,70
2022-04-20,Shampoo,30,38
2022-04-21,Rice,49,110
2022-04-21,Wheat,50,86
2022-04-21,Sugar,41,93
2022-04-21,Tea,13,37
2022-04-21,Oil,24,65
2022-04-21,Biscuits,64,113
2022-04-21,Soap,29,72
2022-04-21,Shampoo,27,36
2022-04-22,Rice,47,122
2022-04-22,Wheat,46,84
2022-04-22,Sugar,34,43
2022-04-22,Tea,17,44
2022-04-22,Oil,22,28
2022-04-22,Biscuits,56,68
2022-04-22,Soap,33,47
2022-04-22,Shampoo,25,56
2022-04-23,Rice,64,140
2022-04-23,Wheat,54,148
2022-04-23,Sugar,52,71
2022-04-23,Tea,19,40
2022-04-23,Oil,24,51
2022-04-23,Biscuits,86,147
2022-04-23,Soap,35,92
2022-04-23,Shampoo,38,55
2022-04-24,Rice,69,136
2022-04-24,Wheat,59,115
2022-04-24,Sugar,50,129
2022-04-24,Tea,17,36
2022-04-24,Oil,30,50
2022-04-24,Biscuits,70,191
2022-04-24,Soap,41,96
2022-04-24,Shampoo,24,37
2022-04-25,Rice,49,90
2022-04-25,Wheat,41,76
2022-04-25,Sugar,43,60
2022-04-25,Tea,12,18
2022-04-25,Oil,23,59
2022-04-25,Biscuits,64,130
2022-04-25,Soap,34,89
2022-04-25,Shampoo,28,56
2022-04-26,Rice,59,97
2022-04-26,Wheat,52,112
2022-04-26,Sugar,46,60
2022-04-26,Tea,18,47
2022-04-26,Oil,23,35
2022-04-26,Biscuits,63,101
2022-04-26,Soap,30,64
2022-04-26,Shampoo,21,48
2022-04-27,Rice,50,73
2022-04-27,Wheat,46,123
2022-04-27,Sugar,43,91
2022-04-27,Tea,16,37
2022-04-27,Oil,18,32
2022-04-27,Biscuits,54,106
2022-04-27,Soap,33,71
2022-04-27,Shampoo,26,52
2022-04-28,Rice,58,128
2022-04-28,Wheat,48,139
2022-04-28,Sugar,41,98
2022-04-28,Tea,14,19
2022-04-28,Oil,20,40
2022-04-28,Biscuits,61,84
2022-04-28,Soap,30,82
2022-04-28,Shampoo,26,65
2022-04-29,Rice,50,127
2022-04-29,Wheat,50,148
2022-04-29,Sugar,37,52
2022-04-29,Tea,17,33
2022-04-29,Oil,21,53
2022-04-29,Biscuits,59,106
2022-04-29,Soap,30,69
2022-04-29,Shampoo,26,50
2022-04-30,Rice,52,126
2022-04-30,Wheat,55,148
2022-04-30,Sugar,54,120
2022-04-30,Tea,19,33
2022-04-30,Oil,24,57
2022-04-30,Biscuits,80,225
2022-04-30,Soap,35,76
2022-04-30,Shampoo,32,88
2022-05-01,Rice,61,123
2022-05-01,Wheat,52,139
2022-05-01,Sugar,55,108
2022-05-01,Tea,15,24
2022-05-01,Oil,22,65
2022-05-01,Biscuits,64,78
2022-05-01,Soap,31,69
2022-05-01,Shampoo,28,56
2022-05-02,Rice,53,74
2022-05-02,Wheat,38,45
2022-05-02,Sugar,46,81
2022-05-02,Tea,15,28
2022-05-02,Oil,22,59
2022-05-02,Biscuits,77,151
2022-05-02,Soap,32,64
2022-05-02,Shampoo,28,37
2022-05-03,Rice,56,165
2022-05-03,Wheat,51,129
2022-05-03,Sugar,43,110
2022-05-03,Tea,16,36
2022-05-03,Oil,24,52
2022-05-03,Biscuits,64,133
2022-05-03,Soap,31,85
2022-05-03,Shampoo,22,62
2022-05-04,Rice,54,90
2022-05-04,Wheat,47,139
2022-05-04,Sugar,38,77
2022-05-04,Tea,15,37
2022-05-04,Oil,19,34
2022-05-04,Biscuits,57,168
2022-05-04,Soap,35,62
2022-05-04,Shampoo,31,84
2022-05-05,Rice,42,64
2022-05-05,Wheat,42,68
2022-05-05,Sugar,38,107
2022-05-05,Tea,14,27
2022-05-05,Oil,22,37
2022-05-05,Biscuits,49,94
2022-05-05,Soap,35,75
2022-05-05,Shampoo,29,78
2022-05-06,Rice,55,120
2022-05-06,Wheat,45,77
2022-05-06,Sugar,40,81
2022-05-06,Tea,16,47
2022-05-06,Oil,19,54
2022-05-06,Biscuits,62,122
2022-05-06,Soap,31,78
2022-05-06,Shampoo,27,59
2022-05-07,Rice,51,102
2022-05-07,Wheat,60,94
2022-05-07,Sugar,42,72
2022-05-07,Tea,18,32
2022-05-07,Oil,26,51
2022-05-07,Biscuits,75,188
2022-05-07,Soap,35,97
2022-05-07,Shampoo,27,55
2022-05-08,Rice,50,97
2022-05-08,Wheat,47,57
2022-05-08,Sugar,48,109
2022-05-08,Tea,25,33
2022-05-08,Oil,28,35
2022-05-08,Biscuits,82,118
2022-05-08,Soap,40,69
2022-05-08,Shampoo,33,78
2022-05-09,Rice,57,163
2022-05-09,Wheat,46,111
2022-05-09,Sugar,44,95
2022-05-09,Tea,14,21
2022-05-09,Oil,22,64
2022-05-09,Biscuits,59,118
2022-05-09,Soap,30,51
2022-05-09,Shampoo,23,36
2022-05-10,Rice,54,151
2022-05-10,Wheat,40,63
2022-05-10,Sugar,42,96
2022-05-10,Tea,14,25
2022-05-10,Oil,21,61
2022-05-10,Biscuits,70,192
2022-05-10,Soap,28,41
2022-05-10,Shampoo,27,53
2022-05-11,Rice,48,81
2022-05-11,Wheat,49,113
2022-05-11,Sugar,37,98
2022-05-11,Tea,16,32
2022-05-11,Oil,23,65
2022-05-11,Biscuits,65,143
2022-05-11,Soap,31,43
2022-05-11,Shampoo,24,68
2022-05-12,Rice,58,84
2022-05-12,Wheat,53,145
2022-05-12,Sugar,43,77
2022-05-12,Tea,17,20
2022-05-12,Oil,20,30
2022-05-12,Biscuits,51,119
2022-05-12,Soap,26,62
2022-05-12,Shampoo,24,45
2022-05-13,Rice,50,87
2022-05-13,Wheat,39,84
2022-05-13,Sugar,37,77
2022-05-13,Tea,15,30
2022-05-13,Oil,22,27
2022-05-13,Biscuits,58,169
2022-05-13,Soap,32,80
2022-05-13,Shampoo,24,71
2022-05-14,Rice,64,175
2022-05-14,Wheat,60,76
2022-05-14,Sugar,53,129
2022-05-14,Tea,17,33
2022-05-14,Oil,23,51
2022-05-14,Biscuits,78,229
2022-05-14,Soap,38,81
2022-05-14,Shampoo,23,63
2022-05-15,Rice,66,87
2022-05-15,Wheat,64,78
2022-05-15,Sugar,47,140
2022-05-15,Tea,16,27
2022-05-15,Oil,29,45
2022-05-15,Biscuits,75,135
2022-05-15,Soap,43,80
2022-05-15,Shampoo,32,48
2022-05-16,Rice,41,106
2022-05-16,Wheat,42,75
2022-05-16,Sugar,46,59
2022-05-16,Tea,14,32
2022-05-16,Oil,19,52
2022-05-16,Biscuits,72,195
2022-05-16,Soap,27,78
2022-05-16,Shampoo,21,48
2022-05-17,Rice,55,146
2022-05-17,Wheat,51,130
2022-05-17,Sugar,45,57
2022-05-17,Tea,13,20
2022-05-17,Oil,22,34
2022-05-17,Biscuits,67,110
2022-05-17,Soap,28,73
2022-05-17,Shampoo,24,55
2022-05-18,Rice,48,126
2022-05-18,Wheat,50,83
2022-05-18,Sugar,43,121
2022-05-18,Tea,15,42
2022-05-18,Oil,21,55
2022-05-18,Biscuits,63,119
2022-05-18,Soap,28,46
2022-05-18,Shampoo,26,43
2022-05-19,Rice,50,124
2022-05-19,Wheat,49,125
2022-05-19,Sugar,40,55
2022-05-19,Tea,16,35
2022-05-19,Oil,20,50
2022-05-19,Biscuits,52,105
2022-05-19,Soap,34,78
2022-05-19,Shampoo,24,46
2022-05-20,Rice,56,71
2022-05-20,Wheat,43,96
2022-05-20,Sugar,40,81
2022-05-20,Tea,18,21
2022-05-20,Oil,20,27
2022-05-20,Biscuits,71,179
2022-05-20,Soap,32,84
2022-05-20,Shampoo,23,68
2022-05-21,Rice,69,95
2022-05-21,Wheat,55,114
2022-05-21,Sugar,54,102
2022-05-21,Tea,19,30
2022-05-21,Oil,21,41
2022-05-21,Biscuits,79,182
2022-05-21,Soap,39,78
2022-05-21,Shampoo,33,96
2022-05-22,Rice,65,184
2022-05-22,Wheat,58,153
2022-05-22,Sugar,49,88
2022-05-22,Tea,22,32
2022-05-22,Oil,25,35
2022-05-22,Biscuits,84,163
2022-05-22,Soap,38,72
2022-05-22,Shampoo,31,88
2022-05-23,Rice,53,134
2022-05-23,Wheat,44,78
2022-05-23,Sugar,42,108
2022-05-23,Tea,16,43
2022-05-23,Oil,18,25
2022-05-23,Biscuits,67,137
2022-05-23,Soap,27,40
2022-05-23,Shampoo,24,51
2022-05-24,Rice,54,139
2022-05-24,Wheat,45,134
2022-05-24,Sugar,40,67
2022-05-24,Tea,15,36
2022-05-24,Oil,19,46
2022-05-24,Biscuits,64,155
2022-05-24,Soap,26,44
2022-05-24,Shampoo,24,57
2022-05-25,Rice,49,140
2022-05-25,Wheat,50,85
2022-05-25,Sugar,51,110
2022-05-25,Tea,16,35
2022-05-25,Oil,22,40
2022-05-25,Biscuits,58,101
2022-05-25,Soap,33,95
2022-05-25,Shampoo,25,30
2022-05-26,Rice,52,95
2022-05-26,Wheat,48,87
2022-05-26,Sugar,33,42
2022-05-26,Tea,14,23
2022-05-26,Oil,20,26
2022-05-26,Biscuits,55,121
2022-05-26,Soap,26,66
2022-05-26,Shampoo,24,70
2022-05-27,Rice,63,103
2022-05-27,Wheat,52,134
2022-05-27,Sugar,40,89
2022-05-27,Tea,16,35
2022-05-27,Oil,22,57
2022-05-27,Biscuits,62,84
2022-05-27,Soap,28,69
2022-05-27,Shampoo,24,61
2022-05-28,Rice,59,168
2022-05-28,Wheat,59,161
2022-05-28,Sugar,44,96
2022-05-28,Tea,20,31
2022-05-28,Oil,25,58
2022-05-28,Biscuits,74,183
2022-05-28,Soap,36,92
2022-05-28,Shampoo,32,61
2022-05-29,Rice,47,65
2022-05-29,Wheat,56,113
2022-05-29,Sugar,58,158
2022-05-29,Tea,15,30
2022-05-29,Oil,23,42
2022-05-29,Biscuits,71,132
2022-05-29,Soap,28,46
2022-05-29,Shampoo,33,56
2022-05-30,Rice,49,78
2022-05-30,Wheat,47,123
2022-05-30,Sugar,31,83
2022-05-30,Tea,15,20
2022-05-30,Oil,18,51
2022-05-30,Biscuits,67,132
2022-05-30,Soap,31,59
2022-05-30,Shampoo,28,39
2022-05-31,Rice,65,127
2022-05-31,Wheat,44,91
2022-05-31,Sugar,40,72
2022-05-31,Tea,14,40
2022-05-31,Oil,20,46
2022-05-31,Biscuits,53,143
2022-05-31,Soap,32,67
2022-05-31,Shampoo,25,33
2022-06-01,Rice,55,66
2022-06-01,Wheat,45,118
2022-06-01,Sugar,38,88
2022-06-01,Tea,16,20
2022-06-01,Oil,17,34
2022-06-01,Biscuits,51,104
2022-06-01,Soap,29,36
2022-06-01,Shampoo,29,70
2022-06-02,Rice,55,122
2022-06-02,Wheat,51,88
2022-06-02,Sugar,38,99
2022-06-02,Tea,13,20
2022-06-02,Oil,20,24
2022-06-02,Biscuits,59,119
2022-06-02,Soap,29,48
2022-06-02,Shampoo,27,56
2022-06-03,Rice,44,73
2022-06-03,Wheat,49,139
2022-06-03,Sugar,39,89
2022-06-03,Tea,12,15
2022-06-03,Oil,19,36
2022-06-03,Biscuits,68,201
2022-06-03,Soap,29,83
2022-06-03,Shampoo,28,37
2022-06-04,Rice,64,132
2022-06-04,Wheat,51,132
2022-06-04,Sugar,53,99
2022-06-04,Tea,20,46
2022-06-04,Oil,24,52
2022-06-04,Biscuits,82,170
2022-06-04,Soap,43,65
2022-06-04,Shampoo,32,64
2022-06-05,Rice,63,88
2022-06-05,Wheat,55,156
2022-06-05,Sugar,55,76
2022-06-05,Tea,19,56
2022-06-05,Oil,26,49
2022-06-05,Biscuits,64,133
2022-06-05,Soap,31,45
2022-06-05,Shampoo,35,104
2022-06-06,Rice,46,62
2022-06-06,Wheat,48,74
2022-06-06,Sugar,45,102
2022-06-06,Tea,16,46
2022-06-06,Oil,18,34
2022-06-06,Biscuits,59,154
2022-06-06,Soap,30,81
2022-06-06,Shampoo,27,62
2022-06-07,Rice,59,171
2022-06-07,Wheat,43,76
2022-06-07,Sugar,41,106
2022-06-07,Tea,14,17
2022-06-07,Oil,25,50
2022-06-07,Biscuits,66,184
2022-06-07,Soap,28,67
2022-06-07,Shampoo,23,64
2022-06-08,Rice,45,131
2022-06-08,Wheat,46,99
2022-06-08,Sugar,38,112
2022-06-08,Tea,14,28
2022-06-08,Oil,20,53
2022-06-08,Biscuits,73,194
2022-06-08,Soap,33,90
2022-06-08,Shampoo,26,63
2022-06-09,Rice,52,69
2022-06-09,Wheat,47,124
2022-06-09,Sugar,41,61
2022-06-09,Tea,14,34
2022-06-09,Oil,20,50
2022-06-09,Biscuits,62,79
2022-06-09,Soap,32,71
2022-06-09,Shampoo,27,66
2022-06-10,Rice,42,102
2022-06-10,Wheat,46,130
2022-06-10,Sugar,35,51
2022-06-10,Tea,17,36
2022-06-10,Oil,21,62
2022-06-10,Biscuits,67,92
2022-06-10,Soap,33,85
2022-06-10,Shampoo,27,53
2022-06-11,Rice,78,95
2022-06-11,Wheat,54,146
2022-06-11,Sugar,42,99
2022-06-11,Tea,19,47
2022-06-11,Oil,22,49
2022-06-11,Biscuits,83,191
2022-06-11,Soap,38,51
2022-06-11,Shampoo,30,65
2022-06-12,Rice,66,160
2022-06-12,Wheat,56,120
2022-06-12,Sugar,50,70
2022-06-12,Tea,22,52
2022-06-12,Oil,29,54
2022-06-12,Biscuits,64,81
2022-06-12,Soap,35,44
2022-06-12,Shampoo,31,86
2022-06-13,Rice,64,108
2022-06-13,Wheat,47,77
2022-06-13,Sugar,45,113
2022-06-13,Tea,16,27
2022-06-13,Oil,24,59
2022-06-13,Biscuits,62,168
2022-06-13,Soap,30,78
2022-06-13,Shampoo,30,61
2022-06-14,Rice,51,81
2022-06-14,Wheat,41,121
2022-06-14,Sugar,40,85
2022-06-14,Tea,14,17
2022-06-14,Oil,19,28
2022-06-14,Biscuits,68,119
2022-06-14,Soap,29,76
2022-06-14,Shampoo,24,38
2022-06-15,Rice,46,125
2022-06-15,Wheat,40,98
2022-06-15,Sugar,38,76
2022-06-15,Tea,12,34
2022-06-15,Oil,22,42
2022-06-15,Biscuits,49,62
2022-06-15,Soap,30,74
2022-06-15,Shampoo,25,73
2022-06-16,Rice,56,77
2022-06-16,Wheat,47,106
2022-06-16,Sugar,40,119
2022-06-16,Tea,13,16
2022-06-16,Oil,24,39
2022-06-16,Biscuits,68,172
2022-06-16,Soap,35,52
2022-06-16,Shampoo,24,41
2022-06-17,Rice,51,111
2022-06-17,Wheat,50,90
2022-06-17,Sugar,39,89
2022-06-17,Tea,15,19
2022-06-17,Oil,21,43
2022-06-17,Biscuits,65,96
2022-06-17,Soap,31,53
2022-06-17,Shampoo,20,37
2022-06-18,Rice,62,76
2022-06-18,Wheat,53,64
2022-06-18,Sugar,51,147
2022-06-18,Tea,18,37
2022-06-18,Oil,25,56
2022-06-18,Biscuits,81,232
2022-06-18,Soap,36,64
2022-06-18,Shampoo,33,80
2022-06-19,Rice,58,98
2022-06-19,Wheat,62,120
2022-06-19,Sugar,49,63
2022-06-19,Tea,22,46
2022-06-19,Oil,21,34
2022-06-19,Biscuits,94,193
2022-06-19,Soap,37,55
2022-06-19,Shampoo,31,47
2022-06-20,Rice,47,61
2022-06-20,Wheat,53,145
2022-06-20,Sugar,42,91
2022-06-20,Tea,16,37
2022-06-20,Oil,18,28
2022-06-20,Biscuits,75,117
2022-06-20,Soap,34,76
2022-06-20,Shampoo,29,76
2022-06-21,Rice,58,123
2022-06-21,Wheat,48,124
2022-06-21,Sugar,38,68
2022-06-21,Tea,13,18
2022-06-21,Oil,21,51
2022-06-21,Biscuits,58,120
2022-06-21,Soap,29,45
2022-06-21,Shampoo,29,82
2022-06-22,Rice,50,105
2022-06-22,Wheat,41,54
2022-06-22,Sugar,49,102
2022-06-22,Tea,16,44
2022-06-22,Oil,22,29
2022-06-22,Biscuits,66,122
2022-06-22,Soap,32,71
2022-06-22,Shampoo,27,73
2022-06-23,Rice,54,155
2022-06-23,Wheat,39,70
2022-06-23,Sugar,45,103
2022-06-23,Tea,14,35
2022-06-23,Oil,23,40
2022-06-23,Biscuits,64,97
2022-06-23,Soap,31,43
2022-06-23,Shampoo,22,34
2022-06-24,Rice,46,132
2022-06-24,Wheat,43,117
2022-06-24,Sugar,41,53
2022-06-24,Tea,16,44
2022-06-24,Oil,25,33
2022-06-24,Biscuits,60,154
2022-06-24,Soap,26,66
2022-06-24,Shampoo,27,49
2022-06-25,Rice,63,87
2022-06-25,Wheat,54,73
2022-06-25,Sugar,52,82
2022-06-25,Tea,16,38
2022-06-25,Oil,25,53
2022-06-25,Biscuits,93,116
2022-06-25,Soap,29,58
2022-06-25,Shampoo,33,70
2022-06-26,Rice,72,196
2022-06-26,Wheat,61,85
2022-06-26,Sugar,54,117
2022-06-26,Tea,22,33
2022-06-26,Oil,27,75
2022-06-26,Biscuits,61,93
2022-06-26,Soap,40,110
2022-06-26,Shampoo,25,43
2022-06-27,Rice,55,136
2022-06-27,Wheat,53,143
2022-06-27,Sugar,40,115
2022-06-27,Tea,17,36
2022-06-27,Oil,21,60
2022-06-27,Biscuits,57,113
2022-06-27,Soap,36,48
2022-06-27,Shampoo,26,72
2022-06-28,Rice,51,82
2022-06-28,Wheat,48,139
2022-06-28,Sugar,43,107
2022-06-28,Tea,15,19
2022-06-28,Oil,20,28
2022-06-28,Biscuits,53,76
2022-06-28,Soap,26,59
2022-06-28,Shampoo,24,66
2022-06-29,Rice,43,68
2022-06-29,Wheat,44,65
2022-06-29,Sugar,36,46
2022-06-29,Tea,17,46
2022-06-29,Oil,21,55
2022-06-29,Biscuits,62,180
2022-06-29,Soap,29,82
2022-06-29,Shampoo,25,73
2022-06-30,Rice,50,87
2022-06-30,Wheat,54,125
2022-06-30,Sugar,45,95
2022-06-30,Tea,15,44
2022-06-30,Oil,21,46
2022-06-30,Biscuits,68,153
2022-06-30,Soap,27,36
2022-06-30,Shampoo,26,60
2022-07-01,Rice,56,124
2022-07-01,Wheat,46,96
2022-07-01,Sugar,46,120
2022-07-01,Tea,15,29
2022-07-01,Oil,18,46
2022-07-01,Biscuits,55,90
2022-07-01,Soap,34,58
2022-07-01,Shampoo,28,81
2022-07-02,Rice,51,63
2022-07-02,Wheat,55,99
2022-07-02,Sugar,45,81
2022-07-02,Tea,18,29
2022-07-02,Oil,26,69
2022-07-02,Biscuits,79,162
2022-07-02,Soap,39,101
2022-07-02,Shampoo,29,71
2022-07-03,Rice,73,94
2022-07-03,Wheat,52,149
2022-07-03,Sugar,49,109
2022-07-03,Tea,16,19
2022-07-03,Oil,21,30
2022-07-03,Biscuits,74,189
2022-07-03,Soap,38,74
2022-07-03,Shampoo,30,60
2022-07-04,Rice,52,155
2022-07-04,Wheat,53,145
2022-07-04,Sugar,39,104
2022-07-04,Tea,15,36
2022-07-04,Oil,19,53
2022-07-04,Biscuits,66,90
2022-07-04,Soap,28,83
2022-07-04,Shampoo,28,70
2022-07-05,Rice,48,89
2022-07-05,Wheat,47,108
2022-07-05,Sugar,40,83
2022-07-05,Tea,15,19
2022-07-05,Oil,20,49
2022-07-05,Biscuits,58,112
2022-07-05,Soap,26,73
2022-07-05,Shampoo,27,61
2022-07-06,Rice,50,104
2022-07-06,Wheat,49,122
2022-07-06,Sugar,43,107
2022-07-06,Tea,14,18
2022-07-06,Oil,21,61
2022-07-06,Biscuits,74,131
2022-07-06,Soap,37,110
2022-07-06,Shampoo,31,65
2022-07-07,Rice,53,78
2022-07-07,Wheat,54,100
2022-07-07,Sugar,48,143
2022-07-07,Tea,12,25
2022-07-07,Oil,23,51
2022-07-07,Biscuits,66,144
2022-07-07,Soap,33,71
2022-07-07,Shampoo,24,57
2022-07-08,Rice,55,158
2022-07-08,Wheat,41,104
2022-07-08,Sugar,33,57
2022-07-08,Tea,15,38
2022-07-08,Oil,21,33
2022-07-08,Biscuits,66,169
2022-07-08,Soap,30,62
2022-07-08,Shampoo,27,42
2022-07-09,Rice,62,107
2022-07-09,Wheat,48,74
2022-07-09,Sugar,45,116
2022-07-09,Tea,15,33
2022-07-09,Oil,23,48
2022-07-09,Biscuits,64,151
2022-07-09,Soap,35,74
2022-07-09,Shampoo,30,65
2022-07-10,Rice,74,147
2022-07-10,Wheat,52,143
2022-07-10,Sugar,45,55
2022-07-10,Tea,19,24
2022-07-10,Oil,27,77
2022-07-10,Biscuits,76,160
2022-07-10,Soap,33,95
2022-07-10,Shampoo,30,48
2022-07-11,Rice,50,113
2022-07-11,Wheat,54,74
2022-07-11,Sugar,37,67
2022-07-11,Tea,17,36
2022-07-11,Oil,18,53
2022-07-11,Biscuits,63,84
2022-07-11,Soap,34,81
2022-07-11,Shampoo,29,73
2022-07-12,Rice,52,108
2022-07-12,Wheat,52,100
2022-07-12,Sugar,42,116
2022-07-12,Tea,17,49
2022-07-12,Oil,24,42
2022-07-12,Biscuits,67,161
2022-07-12,Soap,31,75
2022-07-12,Shampoo,27,59
2022-07-13,Rice,52,87
2022-07-13,Wheat,45,123
2022-07-13,Sugar,46,99
2022-07-13,Tea,11,30
2022-07-13,Oil,20,29
2022-07-13,Biscuits,61,152
2022-07-13,Soap,34,92
2022-07-13,Shampoo,27,62
2022-07-14,Rice,57,160
2022-07-14,Wheat,49,126
2022-07-14,Sugar,33,65
2022-07-14,Tea,15,27
2022-07-14,Oil,26,61
2022-07-14,Biscuits,69,203
2022-07-14,Soap,32,50
2022-07-14,Shampoo,22,35
2022-07-15,Rice,50,145
2022-07-15,Wheat,46,122
2022-07-15,Sugar,41,90
2022-07-15,Tea,14,37
2022-07-15,Oil,19,41
2022-07-15,Biscuits,59,116
2022-07-15,Soap,28,66
2022-07-15,Shampoo,24,57
2022-07-16,Rice,61,168
2022-07-16,Wheat,58,106
2022-07-16,Sugar,39,73
2022-07-16,Tea,19,41
2022-07-16,Oil,22,54
2022-07-16,Biscuits,80,179
2022-07-16,Soap,32,73
2022-07-16,Shampoo,26,56
2022-07-17,Rice,61,144
2022-07-17,Wheat,59,113
2022-07-17,Sugar,60,117
2022-07-17,Tea,19,33
2022-07-17,Oil,24,62
2022-07-17,Biscuits,77,117
2022-07-17,Soap,36,81
2022-07-17,Shampoo,33,82
2022-07-18,Rice,49,64
2022-07-18,Wheat,42,51
2022-07-18,Sugar,36,78
2022-07-18,Tea,15,44
2022-07-18,Oil,20,55
2022-07-18,Biscuits,66,183
2022-07-18,Soap,29,55
2022-07-18,Shampoo,25,62
2022-07-19,Rice,53,68
2022-07-19,Wheat,55,69
2022-07-19,Sugar,48,134
2022-07-19,Tea,14,17
2022-07-19,Oil,22,60
2022-07-19,Biscuits,64,111
2022-07-19,Soap,32,93
2022-07-19,Shampoo,26,37
2022-07-20,Rice,59,101
2022-07-20,Wheat,45,72
2022-07-20,Sugar,44,78
2022-07-20,Tea,15,19
2022-07-20,Oil,22,36
2022-07-20,Biscuits,54,102
2022-07-20,Soap,26,50
2022-07-20,Shampoo,25,42
2022-07-21,Rice,56,105
2022-07-21,Wheat,48,89
2022-07-21,Sugar,41,66
2022-07-21,Tea,15,33
2022-07-21,Oil,22,37
2022-07-21,Biscuits,57,164
2022-07-21,Soap,35,85
2022-07-21,Shampoo,24,54
2022-07-22,Rice,62,96
2022-07-22,Wheat,46,63
2022-07-22,Sugar,46,94
2022-07-22,Tea,16,27
2022-07-22,Oil,22,32
2022-07-22,Biscuits,66,94
2022-07-22,Soap,29,83
2022-07-22,Shampoo,28,68
2022-07-23,Rice,65,163
2022-07-23,Wheat,55,141
2022-07-23,Sugar,50,75
2022-07-23,Tea,19,40
2022-07-23,Oil,24,41
2022-07-23,Biscuits,73,126
2022-07-23,Soap,36,77
2022-07-23,Shampoo,38,101
2022-07-24,Rice,76,159
2022-07-24,Wheat,58,73
2022-07-24,Sugar,45,91
2022-07-24,Tea,18,22
2022-07-24,Oil,23,61
2022-07-24,Biscuits,72,198
2022-07-24,Soap,38,93
2022-07-24,Shampoo,37,49
2022-07-25,Rice,64,81
2022-07-25,Wheat,52,141
2022-07-25,Sugar,46,98
2022-07-25,Tea,16,22
2022-07-25,Oil,22,59
2022-07-25,Biscuits,61,78
2022-07-25,Soap,30,56
2022-07-25,Shampoo,29,60
2022-07-26,Rice,52,98
2022-07-26,Wheat,45,84
2022-07-26,Sugar,46,85
2022-07-26,Tea,16,22
2022-07-26,Oil,20,40
2022-07-26,Biscuits,73,208
2022-07-26,Soap,33,76
2022-07-26,Shampoo,29,67
2022-07-27,Rice,51,78
2022-07-27,Wheat,51,72
2022-07-27,Sugar,39,107
2022-07-27,Tea,14,27
2022-07-27,Oil,27,49
2022-07-27,Biscuits,58,99
2022-07-27,Soap,30,74
2022-07-27,Shampoo,25,46
2022-07-28,Rice,49,78
2022-07-28,Wheat,56,78
2022-07-28,Sugar,46,134
2022-07-28,Tea,15,19
2022-07-28,Oil,18,26
2022-07-28,Biscuits,59,114
2022-07-28,Soap,30,47
2022-07-28,Shampoo,19,43
2022-07-29,Rice,58,170
2022-07-29,Wheat,53,136
2022-07-29,Sugar,43,100
2022-07-29,Tea,16,35
2022-07-29,Oil,17,43
2022-07-29,Biscuits,62,76
2022-07-29,Soap,36,97
2022-07-29,Shampoo,24,43
2022-07-30,Rice,75,106
2022-07-30,Wheat,49,66
2022-07-30,Sugar,42,77
2022-07-30,Tea,21,55
2022-07-30,Oil,23,36
2022-07-30,Biscuits,73,126
2022-07-30,Soap,37,92
2022-07-30,Shampoo,28,55
2022-07-31,Rice,56,123
2022-07-31,Wheat,53,154
2022-07-31,Sugar,53,115
2022-07-31,Tea,20,33
2022-07-31,Oil,24,66
2022-07-31,Biscuits,64,134
2022-07-31,Soap,37,79
2022-07-31,Shampoo,31,69
2022-08-01,Rice,50,73
2022-08-01,Wheat,46,67
2022-08-01,Sugar,39,57
2022-08-01,Tea,16,42
2022-08-01,Oil,19,41
2022-08-01,Biscuits,70,179
2022-08-01,Soap,36,90
2022-08-01,Shampoo,25,43
2022-08-02,Rice,56,135
2022-08-02,Wheat,49,136
2022-08-02,Sugar,34,99
2022-08-02,Tea,16,28
2022-08-02,Oil,18,29
2022-08-02,Biscuits,66,116
2022-08-02,Soap,34,75
2022-08-02,Shampoo,28,82
2022-08-03,Rice,59,110
2022-08-03,Wheat,40,99
2022-08-03,Sugar,45,67
2022-08-03,Tea,16,41
2022-08-03,Oil,21,60
2022-08-03,Biscuits,64,186
2022-08-03,Soap,31,63
2022-08-03,Shampoo,27,33
2022-08-04,Rice,56,147
2022-08-04,Wheat,54,76
2022-08-04,Sugar,37,91
2022-08-04,Tea,14,33
2022-08-04,Oil,22,52
2022-08-04,Biscuits,72,137
2022-08-04,Soap,37,100
2022-08-04,Shampoo,26,54
2022-08-05,Rice,42,93
2022-08-05,Wheat,40,58
2022-08-05,Sugar,44,77
2022-08-05,Tea,17,25
2022-08-05,Oil,22,33
2022-08-05,Biscuits,49,67
2022-08-05,Soap,38,100
2022-08-05,Shampoo,26,62
2022-08-06,Rice,68,175
2022-08-06,Wheat,55,156
2022-08-06,Sugar,49,119
2022-08-06,Tea,22,28
2022-08-06,Oil,25,31
2022-08-06,Biscuits,63,151
2022-08-06,Soap,41,105
2022-08-06,Shampoo,30,38
2022-08-07,Rice,68,167
2022-08-07,Wheat,65,147
2022-08-07,Sugar,51,104
2022-08-07,Tea,18,27
2022-08-07,Oil,23,31
2022-08-07,Biscuits,68,143
2022-08-07,Soap,37,78
2022-08-07,Shampoo,30,61
2022-08-08,Rice,47,104
2022-08-08,Wheat,41,75
2022-08-08,Sugar,40,76
2022-08-08,Tea,13,25
2022-08-08,Oil,22,48
2022-08-08,Biscuits,58,159
2022-08-08,Soap,30,71
2022-08-08,Shampoo,24,34
2022-08-09,Rice,56,77
2022-08-09,Wheat,46,115
2022-08-09,Sugar,44,56
2022-08-09,Tea,15,41
2022-08-09,Oil,23,67
2022-08-09,Biscuits,66,190
2022-08-09,Soap,32,63
2022-08-09,Shampoo,25,52
2022-08-10,Rice,45,56
2022-08-10,Wheat,46,63
2022-08-10,Sugar,40,48
2022-08-10,Tea,15,40
2022-08-10,Oil,17,46
2022-08-10,Biscuits,75,185
2022-08-10,Soap,31,73
2022-08-10,Shampoo,25,67
2022-08-11,Rice,50,82
2022-08-11,Wheat,46,62
2022-08-11,Sugar,36,87
2022-08-11,Tea,15,38
2022-08-11,Oil,19,28
2022-08-11,Biscuits,58,155
2022-08-11,Soap,33,93
2022-08-11,Shampoo,23,66
2022-08-12,Rice,54,72
2022-08-12,Wheat,50,132
2022-08-12,Sugar,38,80
2022-08-12,Tea,15,22
2022-08-12,Oil,17,32
2022-08-12,Biscuits,62,144
2022-08-12,Soap,33,87
2022-08-12,Shampoo,27,36
2022-08-13,Rice,61,166
2022-08-13,Wheat,67,189
2022-08-13,Sugar,45,95
2022-08-13,Tea,20,36
2022-08-13,Oil,27,41
2022-08-13,Biscuits,77,103
2022-08-13,Soap,35,99
2022-08-13,Shampoo,27,48
2022-08-14,Rice,56,134
2022-08-14,Wheat,63,179
2022-08-14,Sugar,54,80
2022-08-14,Tea,15,23
2022-08-14,Oil,28,58
2022-08-14,Biscuits,80,169
2022-08-14,Soap,33,58
2022-08-14,Shampoo,36,45
2022-08-15,Rice,48,59
2022-08-15,Wheat,45,129
2022-08-15,Sugar,48,69
2022-08-15,Tea,17,38
2022-08-15,Oil,21,56
2022-08-15,Biscuits,57,161
2022-08-15,Soap,28,38
2022-08-15,Shampoo,30,46
2022-08-16,Rice,49,80
2022-08-16,Wheat,51,118
2022-08-16,Sugar,44,102
2022-08-16,Tea,13,24
2022-08-16,Oil,22,56
2022-08-16,Biscuits,63,87
2022-08-16,Soap,31,55
2022-08-16,Shampoo,25,57
2022-08-17,Rice,49,81
2022-08-17,Wheat,51,100
2022-08-17,Sugar,37,50
2022-08-17,Tea,16,43
2022-08-17,Oil,24,47
2022-08-17,Biscuits,53,120
2022-08-17,Soap,25,55
2022-08-17,Shampoo,24,52
2022-08-18,Rice,52,91
2022-08-18,Wheat,49,77
2022-08-18,Sugar,39,85
2022-08-18,Tea,14,20
2022-08-18,Oil,23,59
2022-08-18,Biscuits,65,109
2022-08-18,Soap,30,40
2022-08-18,Shampoo,22,32
2022-08-19,Rice,53,107
2022-08-19,Wheat,41,105
2022-08-19,Sugar,42,64
2022-08-19,Tea,14,19
2022-08-19,Oil,20,52
2022-08-19,Biscuits,65,108
2022-08-19,Soap,31,75
2022-08-19,Shampoo,27,53
2022-08-20,Rice,58,93
2022-08-20,Wheat,55,163
2022-08-20,Sugar,47,110
2022-08-20,Tea,18,40
2022-08-20,Oil,27,80
2022-08-20,Biscuits,78,228
2022-08-20,Soap,33,57
2022-08-20,Shampoo,40,48
2022-08-21,Rice,72,188
2022-08-21,Wheat,59,167
2022-08-21,Sugar,59,142
2022-08-21,Tea,17,34
2022-08-21,Oil,29,57
2022-08-21,Biscuits,66,87
2022-08-21,Soap,38,75
2022-08-21,Shampoo,37,72
2022-08-22,Rice,49,138
2022-08-22,Wheat,43,55
2022-08-22,Sugar,42,84
2022-08-22,Tea,16,32
2022-08-22,Oil,18,53
2022-08-22,Biscuits,76,150
2022-08-22,Soap,30,64
2022-08-22,Shampoo,29,68
2022-08-23,Rice,48,94
2022-08-23,Wheat,44,61
2022-08-23,Sugar,43,125
2022-08-23,Tea,14,17
2022-08-23,Oil,16,39
2022-08-23,Biscuits,71,89
2022-08-23,Soap,26,46
2022-08-23,Shampoo,24,63
2022-08-24,Rice,51,63
2022-08-24,Wheat,46,119
2022-08-24,Sugar,40,53
2022-08-24,Tea,15,30
2022-08-24,Oil,19,53
2022-08-24,Biscuits,58,113
2022-08-24,Soap,32,58
2022-08-24,Shampoo,22,44
2022-08-25,Rice,49,134
2022-08-25,Wheat,45,84
2022-08-25,Sugar,41,66
2022-08-25,Tea,12,18
2022-08-25,Oil,18,51
2022-08-25,Biscuits,56,161
2022-08-25,Soap,29,68
2022-08-25,Shampoo,24,60
2022-08-26,Rice,51,103
2022-08-26,Wheat,50,72
2022-08-26,Sugar,43,56
2022-08-26,Tea,15,42
2022-08-26,Oil,20,54
2022-08-26,Biscuits,63,124
2022-08-26,Soap,26,43
2022-08-26,Shampoo,29,56
2022-08-27,Rice,69,92
2022-08-27,Wheat,49,74
2022-08-27,Sugar,52,90
2022-08-27,Tea,21,26
2022-08-27,Oil,27,61
2022-08-27,Biscuits,68,113
2022-08-27,Soap,31,64
2022-08-27,Shampoo,35,94
2022-08-28,Rice,66,88
2022-08-28,Wheat,60,170
2022-08-28,Sugar,59,145
2022-08-28,Tea,18,24
2022-08-28,Oil,24,43
2022-08-28,Biscuits,78,133
2022-08-28,Soap,34,53
2022-08-28,Shampoo,33,95
2022-08-29,Rice,51,101
2022-08-29,Wheat,40,52
2022-08-29,Sugar,46,99
2022-08-29,Tea,17,45
2022-08-29,Oil,19,36
2022-08-29,Biscuits,66,151
2022-08-29,Soap,27,35
2022-08-29,Shampoo,27,71
2022-08-30,Rice,54,114
2022-08-30,Wheat,50,72
2022-08-30,Sugar,45,102
2022-08-30,Tea,18,48
2022-08-30,Oil,21,25
2022-08-30,Biscuits,58,126
2022-08-30,Soap,31,39
2022-08-30,Shampoo,25,38
2022-08-31,Rice,51,123
2022-08-31,Wheat,42,84
2022-08-31,Sugar,42,74
2022-08-31,Tea,16,25
2022-08-31,Oil,20,56
2022-08-31,Biscuits,59,155
2022-08-31,Soap,37,84
2022-08-31,Shampoo,25,72
2022-09-01,Rice,59,82
2022-09-01,Wheat,50,129
2022-09-01,Sugar,38,74
2022-09-01,Tea,16,20
2022-09-01,Oil,21,58
2022-09-01,Biscuits,60,175
2022-09-01,Soap,33,63
2022-09-01,Shampoo,26,77
2022-09-02,Rice,51,81
2022-09-02,Wheat,48,83
2022-09-02,Sugar,44,99
2022-09-02,Tea,18,30
2022-09-02,Oil,19,35
2022-09-02,Biscuits,57,169
2022-09-02,Soap,27,59
2022-09-02,Shampoo,24,47
2022-09-03,Rice,59,167
2022-09-03,Wheat,57,138
2022-09-03,Sugar,48,131
2022-09-03,Tea,18,33
2022-09-03,Oil,22,42
2022-09-03,Biscuits,81,176
2022-09-03,Soap,31,56
2022-09-03,Shampoo,31,47
2022-09-04,Rice,61,177
2022-09-04,Wheat,57,90
2022-09-04,Sugar,61,123
2022-09-04,Tea,24,35
2022-09-04,Oil,25,57
2022-09-04,Biscuits,80,101
2022-09-04,Soap,33,83
2022-09-04,Shampoo,31,67
2022-09-05,Rice,51,95
2022-09-05,Wheat,47,77
2022-09-05,Sugar,47,107
2022-09-05,Tea,16,28
2022-09-05,Oil,17,48
2022-09-05,Biscuits,63,161
2022-09-05,Soap,28,36
2022-09-05,Shampoo,26,52
2022-09-06,Rice,58,72
2022-09-06,Wheat,46,85
2022-09-06,Sugar,39,114
2022-09-06,Tea,13,38
2022-09-06,Oil,22,62
2022-09-06,Biscuits,52,127
2022-09-06,Soap,30,82
2022-09-06,Shampoo,26,51
2022-09-07,Rice,44,118
2022-09-07,Wheat,50,122
2022-09-07,Sugar,36,87
2022-09-07,Tea,16,38
2022-09-07,Oil,18,37
2022-09-07,Biscuits,75,107
2022-09-07,Soap,36,106
2022-09-07,Shampoo,27,70
2022-09-08,Rice,50,135
2022-09-08,Wheat,39,82
2022-09-08,Sugar,39,110
2022-09-08,Tea,17,50
2022-09-08,Oil,22,56
2022-09-08,Biscuits,56,92
2022-09-08,Soap,36,57
2022-09-08,Shampoo,31,76
2022-09-09,Rice,53,98
2022-09-09,Wheat,39,67
2022-09-09,Sugar,41,93
2022-09-09,Tea,17,21
2022-09-09,Oil,25,36
2022-09-09,Biscuits,51,66
2022-09-09,Soap,24,42
2022-09-09,Shampoo,28,42
2022-09-10,Rice,64,138
2022-09-10,Wheat,49,116
2022-09-10,Sugar,53,95
2022-09-10,Tea,16,37
2022-09-10,Oil,24,33
2022-09-10,Biscuits,72,131
2022-09-10,Soap,34,73
2022-09-10,Shampoo,31,83
2022-09-11,Rice,57,116
2022-09-11,Wheat,65,104
2022-09-11,Sugar,52,92
2022-09-11,Tea,16,41
2022-09-11,Oil,26,59
2022-09-11,Biscuits,87,150
2022-09-11,Soap,45,78
2022-09-11,Shampoo,32,42
2022-09-12,Rice,54,127
2022-09-12,Wheat,47,102
2022-09-12,Sugar,42,107
2022-09-12,Tea,15,36
2022-09-12,Oil,18,38
2022-09-12,Biscuits,64,173
2022-09-12,Soap,31,66
2022-09-12,Shampoo,26,34
2022-09-13,Rice,46,100
2022-09-13,Wheat,40,51
2022-09-13,Sugar,43,121
2022-09-13,Tea,15,20
2022-09-13,Oil,20,28
2022-09-13,Biscuits,67,173
2022-09-13,Soap,33,81
2022-09-13,Shampoo,28,67
2022-09-14,Rice,62,105
2022-09-14,Wheat,43,88
2022-09-14,Sugar,49,142
2022-09-14,Tea,15,22
2022-09-14,Oil,22,44
2022-09-14,Biscuits,58,74
2022-09-14,Soap,37,61
2022-09-14,Shampoo,26,50
2022-09-15,Rice,60,146
2022-09-15,Wheat,43,124
2022-09-15,Sugar,45,82
2022-09-15,Tea,18,28
2022-09-15,Oil,21,30
2022-09-15,Biscuits,68,112
2022-09-15,Soap,26,41
2022-09-15,Shampoo,28,75
2022-09-16,Rice,56,98
2022-09-16,Wheat,47,94
2022-09-16,Sugar,35,88
2022-09-16,Tea,14,24
2022-09-16,Oil,21,30
2022-09-16,Biscuits,64,90
2022-09-16,Soap,29,62
2022-09-16,Shampoo,31,72
2022-09-17,Rice,70,164
2022-09-17,Wheat,59,77
2022-09-17,Sugar,46,71
2022-09-17,Tea,16,43
2022-09-17,Oil,24,69
2022-09-17,Biscuits,68,203
2022-09-17,Soap,27,37
2022-09-17,Shampoo,34,43
2022-09-18,Rice,66,84
2022-09-18,Wheat,51,146
2022-09-18,Sugar,50,137
2022-09-18,Tea,19,42
2022-09-18,Oil,24,52
2022-09-18,Biscuits,85,174
2022-09-18,Soap,41,58
2022-09-18,Shampoo,30,75
2022-09-19,Rice,55,103
2022-09-19,Wheat,47,92
2022-09-19,Sugar,43,128
2022-09-19,Tea,13,26
2022-09-19,Oil,22,60
2022-09-19,Biscuits,52,121
2022-09-19,Soap,28,58
2022-09-19,Shampoo,25,68
2022-09-20,Rice,56,146
2022-09-20,Wheat,48,59
2022-09-20,Sugar,38,99
2022-09-20,Tea,11,29
2022-09-20,Oil,19,25
2022-09-20,Biscuits,65,185
2022-09-20,Soap,27,69
2022-09-20,Shampoo,22,40
2022-09-21,Rice,45,55
2022-09-21,Wheat,54,110
2022-09-21,Sugar,51,84
2022-09-21,Tea,13,38
2022-09-21,Oil,22,58
2022-09-21,Biscuits,70,131
2022-09-21,Soap,37,51
2022-09-21,Shampoo,26,65
2022-09-22,Rice,47,74
2022-09-22,Wheat,49,90
2022-09-22,Sugar,50,93
2022-09-22,Tea,13,21
2022-09-22,Oil,22,35
2022-09-22,Biscuits,57,114
2022-09-22,Soap,35,86
2022-09-22,Shampoo,27,49
2022-09-23,Rice,55,125
2022-09-23,Wheat,53,87
2022-09-23,Sugar,39,68
2022-09-23,Tea,15,30
2022-09-23,Oil,18,38
2022-09-23,Biscuits,69,121
2022-09-23,Soap,28,57
2022-09-23,Shampoo,25,58
2022-09-24,Rice,68,146
2022-09-24,Wheat,60,109
2022-09-24,Sugar,54,132
2022-09-24,Tea,19,47
2022-09-24,Oil,24,58
2022-09-24,Biscuits,80,122
2022-09-24,Soap,37,102
2022-09-24,Shampoo,31,57
2022-09-25,Rice,68,176
2022-09-25,Wheat,56,148
2022-09-25,Sugar,48,115
2022-09-25,Tea,19,44
2022-09-25,Oil,28,59
2022-09-25,Biscuits,67,122
2022-09-25,Soap,41,53
2022-09-25,Shampoo,29,41
2022-09-26,Rice,64,178
2022-09-26,Wheat,46,115
2022-09-26,Sugar,46,110
2022-09-26,Tea,17,41
2022-09-26,Oil,22,54
2022-09-26,Biscuits,72,123
2022-09-26,Soap,34,58
2022-09-26,Shampoo,24,59
2022-09-27,Rice,61,165
2022-09-27,Wheat,56,75
2022-09-27,Sugar,45,117
2022-09-27,Tea,14,19
2022-09-27,Oil,18,46
2022-09-27,Biscuits,61,91
2022-09-27,Soap,33,77
2022-09-27,Shampoo,31,77
2022-09-28,Rice,53,109
2022-09-28,Wheat,46,94
2022-09-28,Sugar,48,88
2022-09-28,Tea,16,36
2022-09-28,Oil,21,40
2022-09-28,Biscuits,69,164
2022-09-28,Soap,34,101
2022-09-28,Shampoo,30,68
2022-09-29,Rice,53,99
2022-09-29,Wheat,46,95
2022-09-29,Sugar,42,111
2022-09-29,Tea,13,23
2022-09-29,Oil,22,63
2022-09-29,Biscuits,72,207
2022-09-29,Soap,35,50
2022-09-29,Shampoo,30,81
2022-09-30,Rice,54,120
2022-09-30,Wheat,52,76
2022-09-30,Sugar,43,128
2022-09-30,Tea,15,21
2022-09-30,Oil,22,52
2022-09-30,Biscuits,63,158
2022-09-30,Soap,28,78
2022-09-30,Shampoo,26,49
2022-10-01,Rice,64,92
2022-10-01,Wheat,54,83
2022-10-01,Sugar,55,88
2022-10-01,Tea,21,47
2022-10-01,Oil,29,67
2022-10-01,Biscuits,64,114
2022-10-01,Soap,33,44
2022-10-01,Shampoo,34,78
2022-10-02,Rice,62,116
2022-10-02,Wheat,58,158
2022-10-02,Sugar,51,148
2022-10-02,Tea,19,53
2022-10-02,Oil,26,63
2022-10-02,Biscuits,77,229
2022-10-02,Soap,41,91
2022-10-02,Shampoo,33,73
2022-10-03,Rice,54,128
2022-10-03,Wheat,44,112
2022-10-03,Sugar,38,49
2022-10-03,Tea,18,37
2022-10-03,Oil,17,50
2022-10-03,Biscuits,66,99
2022-10-03,Soap,32,50
2022-10-03,Shampoo,27,73
2022-10-04,Rice,48,136
2022-10-04,Wheat,41,113
2022-10-04,Sugar,34,95
2022-10-04,Tea,14,28
2022-10-04,Oil,21,60
2022-10-04,Biscuits,72,93
2022-10-04,Soap,29,70
2022-10-04,Shampoo,27,70
2022-10-05,Rice,67,102
2022-10-05,Wheat,54,103
2022-10-05,Sugar,44,111
2022-10-05,Tea,13,19
2022-10-05,Oil,22,37
2022-10-05,Biscuits,59,100
2022-10-05,Soap,29,62
2022-10-05,Shampoo,23,60
2022-10-06,Rice,48,62
2022-10-06,Wheat,50,86
2022-10-06,Sugar,43,67
2022-10-06,Tea,18,23
2022-10-06,Oil,21,61
2022-10-06,Biscuits,70,153
2022-10-06,Soap,33,93
2022-10-06,Shampoo,24,30
2022-10-07,Rice,58,123
2022-10-07,Wheat,49,123
2022-10-07,Sugar,43,93
2022-10-07,Tea,16,45
2022-10-07,Oil,22,29
2022-10-07,Biscuits,56,92
2022-10-07,Soap,30,83
2022-10-07,Shampoo,24,46
2022-10-08,Rice,75,205
2022-10-08,Wheat,58,144
2022-10-08,Sugar,47,104
2022-10-08,Tea,20,48
2022-10-08,Oil,26,41
2022-10-08,Biscuits,80,133
2022-10-08,Soap,41,66
2022-10-08,Shampoo,30,67
2022-10-09,Rice,73,141
2022-10-09,Wheat,65,188
2022-10-09,Sugar,49,122
2022-10-09,Tea,17,36
2022-10-09,Oil,28,52
2022-10-09,Biscuits,84,135
2022-10-09,Soap,35,50
2022-10-09,Shampoo,34,72
2022-10-10,Rice,48,114
2022-10-10,Wheat,49,124
2022-10-10,Sugar,42,110
2022-10-10,Tea,15,28
2022-10-10,Oil,22,61
2022-10-10,Biscuits,66,159
2022-10-10,Soap,27,38
2022-10-10,Shampoo,25,38
2022-10-11,Rice,55,142
2022-10-11,Wheat,56,140
2022-10-11,Sugar,41,93
2022-10-11,Tea,17,44
2022-10-11,Oil,26,67
2022-10-11,Biscuits,60,81
2022-10-11,Soap,33,85
2022-10-11,Shampoo,29,86
2022-10-12,Rice,51,67
2022-10-12,Wheat,47,122
2022-10-12,Sugar,42,81
2022-10-12,Tea,16,41
2022-10-12,Oil,18,48
2022-10-12,Biscuits,63,124
2022-10-12,Soap,24,45
2022-10-12,Shampoo,19,25
2022-10-13,Rice,47,94
2022-10-13,Wheat,44,66
2022-10-13,Sugar,48,103
2022-10-13,Tea,14,26
2022-10-13,Oil,18,30
2022-10-13,Biscuits,57,131
2022-10-13,Soap,35,65
2022-10-13,Shampoo,27,77
2022-10-14,Rice,44,61
2022-10-14,Wheat,46,125
2022-10-14,Sugar,48,97
2022-10-14,Tea,15,23
2022-10-14,Oil,22,64
2022-10-14,Biscuits,77,216
2022-10-14,Soap,32,75
2022-10-14,Shampoo,26,57
2022-10-15,Rice,68,173
2022-10-15,Wheat,59,165
2022-10-15,Sugar,46,61
2022-10-15,Tea,19,44
2022-10-15,Oil,28,46
2022-10-15,Biscuits,79,222
2022-10-15,Soap,38,69
2022-10-15,Shampoo,34,51
2022-10-16,Rice,72,121
2022-10-16,Wheat,59,149
2022-10-16,Sugar,46,89
2022-10-16,Tea,19,35
2022-10-16,Oil,25,40
2022-10-16,Biscuits,69,108
2022-10-16,Soap,40,59
2022-10-16,Shampoo,35,82
2022-10-17,Rice,75,162
2022-10-17,Wheat,60,107
2022-10-17,Sugar,64,98
2022-10-17,Tea,24,50
2022-10-17,Oil,30,46
2022-10-17,Biscuits,78,128
2022-10-17,Soap,53,109
2022-10-17,Shampoo,38,53
2022-10-18,Rice,71,164
2022-10-18,Wheat,61,98
2022-10-18,Sugar,67,94
2022-10-18,Tea,25,45
2022-10-18,Oil,28,50
2022-10-18,Biscuits,88,174
2022-10-18,Soap,46,135
2022-10-18,Shampoo,38,68
2022-10-19,Rice,81,149
2022-10-19,Wheat,73,106
2022-10-19,Sugar,55,155
2022-10-19,Tea,20,55
2022-10-19,Oil,37,70
2022-10-19,Biscuits,111,325
2022-10-19,Soap,44,86
2022-10-19,Shampoo,37,76
2022-10-20,Rice,82,166
2022-10-20,Wheat,81,213
2022-10-20,Sugar,55,89
2022-10-20,Tea,24,69
2022-10-20,Oil,29,50
2022-10-20,Biscuits,102,204
2022-10-20,Soap,48,85
2022-10-20,Shampoo,41,57
2022-10-21,Rice,95,152
2022-10-21,Wheat,72,126
2022-10-21,Sugar,61,101
2022-10-21,Tea,21,33
2022-10-21,Oil,31,67
2022-10-21,Biscuits,104,170
2022-10-21,Soap,48,122
2022-10-21,Shampoo,41,55
2022-10-22,Rice,112,179
2022-10-22,Wheat,98,284
2022-10-22,Sugar,89,151
2022-10-22,Tea,30,39
2022-10-22,Oil,41,99
2022-10-22,Biscuits,127,260
2022-10-22,Soap,60,129
2022-10-22,Shampoo,42,62
2022-10-23,Rice,120,186
2022-10-23,Wheat,82,236
2022-10-23,Sugar,71,91
2022-10-23,Tea,29,36
2022-10-23,Oil,42,114
2022-10-23,Biscuits,126,270
2022-10-23,Soap,58,164
2022-10-23,Shampoo,53,92
2022-10-24,Rice,76,104
2022-10-24,Wheat,74,157
2022-10-24,Sugar,68,192
2022-10-24,Tea,24,48
2022-10-24,Oil,37,49
2022-10-24,Biscuits,89,183
2022-10-24,Soap,47,121
2022-10-24,Shampoo,39,112
2022-10-25,Rice,77,106
2022-10-25,Wheat,81,102
2022-10-25,Sugar,69,183
2022-10-25,Tea,20,42
2022-10-25,Oil,31,82
2022-10-25,Biscuits,98,200
2022-10-25,Soap,49,121
2022-10-25,Shampoo,37,95
2022-10-26,Rice,84,216
2022-10-26,Wheat,79,235
2022-10-26,Sugar,70,152
2022-10-26,Tea,24,61
2022-10-26,Oil,35,75
2022-10-26,Biscuits,89,245
2022-10-26,Soap,50,141
2022-10-26,Shampoo,37,109
2022-10-27,Rice,86,234
2022-10-27,Wheat,64,83
2022-10-27,Sugar,71,106
2022-10-27,Tea,22,37
2022-10-27,Oil,31,86
2022-10-27,Biscuits,95,225
2022-10-27,Soap,49,132
2022-10-27,Shampoo,45,128
2022-10-28,Rice,81,218
2022-10-28,Wheat,81,133
2022-10-28,Sugar,67,158
2022-10-28,Tea,22,56
2022-10-28,Oil,27,76
2022-10-28,Biscuits,103,237
2022-10-28,Soap,52,84
2022-10-28,Shampoo,42,86
2022-10-29,Rice,101,122
2022-10-29,Wheat,73,103
2022-10-29,Sugar,84,102
2022-10-29,Tea,27,66
2022-10-29,Oil,35,46
2022-10-29,Biscuits,105,234
2022-10-29,Soap,59,136
2022-10-29,Shampoo,53,104
2022-10-30,Rice,110,207
2022-10-30,Wheat,79,127
2022-10-30,Sugar,69,189
2022-10-30,Tea,29,63
2022-10-30,Oil,39,64
2022-10-30,Biscuits,108,184
2022-10-30,Soap,52,130
2022-10-30,Shampoo,52,87
2022-10-31,Rice,76,207
2022-10-31,Wheat,81,202
2022-10-31,Sugar,61,153
2022-10-31,Tea,23,28
2022-10-31,Oil,27,70
2022-10-31,Biscuits,87,162
2022-10-31,Soap,53,72
2022-10-31,Shampoo,45,117
2022-11-01,Rice,62,135
2022-11-01,Wheat,45,68
2022-11-01,Sugar,45,109
2022-11-01,Tea,13,29
2022-11-01,Oil,19,46
2022-11-01,Biscuits,62,133
2022-11-01,Soap,28,52
2022-11-01,Shampoo,25,64
2022-11-02,Rice,43,124
2022-11-02,Wheat,49,129
2022-11-02,Sugar,46,72
2022-11-02,Tea,17,41
2022-11-02,Oil,20,35
2022-11-02,Biscuits,59,83
2022-11-02,Soap,31,41
2022-11-02,Shampoo,26,77
2022-11-03,Rice,63,147
2022-11-03,Wheat,55,89
2022-11-03,Sugar,39,48
2022-11-03,Tea,19,47
2022-11-03,Oil,20,41
2022-11-03,Biscuits,57,135
2022-11-03,Soap,32,59
2022-11-03,Shampoo,28,49
2022-11-04,Rice,48,108
2022-11-04,Wheat,55,146
2022-11-04,Sugar,38,90
2022-11-04,Tea,17,47
2022-11-04,Oil,19,56
2022-11-04,Biscuits,65,155
2022-11-04,Soap,32,54
2022-11-04,Shampoo,22,48
2022-11-05,Rice,103,133
2022-11-05,Wheat,86,175
2022-11-05,Sugar,77,150
2022-11-05,Tea,30,61
2022-11-05,Oil,39,62
2022-11-05,Biscuits,115,257
2022-11-05,Soap,54,78
2022-11-05,Shampoo,44,103
2022-11-06,Rice,84,166
2022-11-06,Wheat,98,190
2022-11-06,Sugar,91,185
2022-11-06,Tea,25,37
2022-11-06,Oil,38,79
2022-11-06,Biscuits,95,170
2022-11-06,Soap,56,95
2022-11-06,Shampoo,43,128
2022-11-07,Rice,86,242
2022-11-07,Wheat,66,161
2022-11-07,Sugar,67,122
2022-11-07,Tea,23,27
2022-11-07,Oil,35,46
2022-11-07,Biscuits,105,154
2022-11-07,Soap,49,107
2022-11-07,Shampoo,45,118
2022-11-08,Rice,69,109
2022-11-08,Wheat,74,151
2022-11-08,Sugar,58,121
2022-11-08,Tea,26,32
2022-11-08,Oil,31,59
2022-11-08,Biscuits,99,173
2022-11-08,Soap,45,60
2022-11-08,Shampoo,42,56
2022-11-09,Rice,82,236
2022-11-09,Wheat,91,141
2022-11-09,Sugar,49,72
2022-11-09,Tea,22,37
2022-11-09,Oil,29,42
2022-11-09,Biscuits,94,218
2022-11-09,Soap,43,76
2022-11-09,Shampoo,40,76
2022-11-10,Rice,64,185
2022-11-10,Wheat,78,101
2022-11-10,Sugar,58,89
2022-11-10,Tea,25,73
2022-11-10,Oil,35,56
2022-11-10,Biscuits,104,182
2022-11-10,Soap,43,57
2022-11-10,Shampoo,41,59
2022-11-11,Rice,75,200
2022-11-11,Wheat,70,130
2022-11-11,Sugar,57,109
2022-11-11,Tea,25,33
2022-11-11,Oil,25,37
2022-11-11,Biscuits,95,174
2022-11-11,Soap,52,76
2022-11-11,Shampoo,36,44
2022-11-12,Rice,71,100
2022-11-12,Wheat,89,165
2022-11-12,Sugar,81,171
2022-11-12,Tea,31,51
2022-11-12,Oil,39,103
2022-11-12,Biscuits,118,303
2022-11-12,Soap,56,137
2022-11-12,Shampoo,50,134
2022-11-13,Rice,90,249
2022-11-13,Wheat,82,116
2022-11-13,Sugar,81,176
2022-11-13,Tea,31,46
2022-11-13,Oil,35,76
2022-11-13,Biscuits,131,179
2022-11-13,Soap,59,83
2022-11-13,Shampoo,45,93
2022-11-14,Rice,86,130
2022-11-14,Wheat,84,191
2022-11-14,Sugar,67,123
2022-11-14,Tea,24,61
2022-11-14,Oil,30,63
2022-11-14,Biscuits,100,234
2022-11-14,Soap,47,58
2022-11-14,Shampoo,41,50
2022-11-15,Rice,90,206
2022-11-15,Wheat,76,96
2022-11-15,Sugar,67,125
2022-11-15,Tea,27,66
2022-11-15,Oil,29,64
2022-11-15,Biscuits,100,210
2022-11-15,Soap,50,60
2022-11-15,Shampoo,35,81
2022-11-16,Rice,90,256
2022-11-16,Wheat,74,154
2022-11-16,Sugar,64,154
2022-11-16,Tea,26,72
2022-11-16,Oil,34,86
2022-11-16,Biscuits,100,230
2022-11-16,Soap,53,128
2022-11-16,Shampoo,41,62
2022-11-17,Rice,84,231
2022-11-17,Wheat,74,151
2022-11-17,Sugar,53,82
2022-11-17,Tea,20,32
2022-11-17,Oil,33,88
2022-11-17,Biscuits,94,223
2022-11-17,Soap,47,116
2022-11-17,Shampoo,38,46
2022-11-18,Rice,83,113
2022-11-18,Wheat,78,103
2022-11-18,Sugar,61,81
2022-11-18,Tea,25,53
2022-11-18,Oil,38,70
2022-11-18,Biscuits,97,245
2022-11-18,Soap,47,127
2022-11-18,Shampoo,41,63
2022-11-19,Rice,100,172
2022-11-19,Wheat,68,99
2022-11-19,Sugar,71,95
2022-11-19,Tea,33,68
2022-11-19,Oil,42,70
2022-11-19,Biscuits,116,238
2022-11-19,Soap,57,121
2022-11-19,Shampoo,50,130
2022-11-20,Rice,68,157
2022-11-20,Wheat,63,155
2022-11-20,Sugar,52,109
2022-11-20,Tea,19,56
2022-11-20,Oil,23,61
2022-11-20,Biscuits,68,158
2022-11-20,Soap,44,74
2022-11-20,Shampoo,31,47
2022-11-21,Rice,55,82
2022-11-21,Wheat,40,107
2022-11-21,Sugar,35,71
2022-11-21,Tea,16,38
2022-11-21,Oil,22,58
2022-11-21,Biscuits,75,135
2022-11-21,Soap,33,71
2022-11-21,Shampoo,27,48
2022-11-22,Rice,54,89
2022-11-22,Wheat,62,76
2022-11-22,Sugar,39,116
2022-11-22,Tea,16,36
2022-11-22,Oil,19,54
2022-11-22,Biscuits,57,160
2022-11-22,Soap,30,52
2022-11-22,Shampoo,26,76
2022-11-23,Rice,60,164
2022-11-23,Wheat,48,110
2022-11-23,Sugar,52,145
2022-11-23,Tea,15,28
2022-11-23,Oil,25,44
2022-11-23,Biscuits,67,167
2022-11-23,Soap,32,95
2022-11-23,Shampoo,26,60
2022-11-24,Rice,51,142
2022-11-24,Wheat,55,115
2022-11-24,Sugar,46,62
2022-11-24,Tea,15,42
2022-11-24,Oil,23,37
2022-11-24,Biscuits,66,138
2022-11-24,Soap,34,86
2022-11-24,Shampoo,20,51
2022-11-25,Rice,52,113
2022-11-25,Wheat,47,124
2022-11-25,Sugar,45,90
2022-11-25,Tea,16,37
2022-11-25,Oil,20,50
2022-11-25,Biscuits,64,109
2022-11-25,Soap,33,52
2022-11-25,Shampoo,23,54
2022-11-26,Rice,71,142
2022-11-26,Wheat,44,72
2022-11-26,Sugar,50,97
2022-11-26,Tea,17,27
2022-11-26,Oil,25,51
2022-11-26,Biscuits,77,208
2022-11-26,Soap,38,81
2022-11-26,Shampoo,34,71
2022-11-27,Rice,58,118
2022-11-27,Wheat,54,130
2022-11-27,Sugar,57,79
2022-11-27,Tea,21,46
2022-11-27,Oil,24,44
2022-11-27,Biscuits,53,145
2022-11-27,Soap,39,88
2022-11-27,Shampoo,35,72
2022-11-28,Rice,51,115
2022-11-28,Wheat,46,114
2022-11-28,Sugar,48,75
2022-11-28,Tea,17,36
2022-11-28,Oil,22,57
2022-11-28,Biscuits,61,147
2022-11-28,Soap,28,74
2022-11-28,Shampoo,25,55
2022-11-29,Rice,55,116
2022-11-29,Wheat,50,60
2022-11-29,Sugar,47,111
2022-11-29,Tea,14,41
2022-11-29,Oil,22,58
2022-11-29,Biscuits,52,122
2022-11-29,Soap,32,45
2022-11-29,Shampoo,28,79
2022-11-30,Rice,55,105
2022-11-30,Wheat,50,89
2022-11-30,Sugar,48,89
2022-11-30,Tea,18,33
2022-11-30,Oil,22,49
2022-11-30,Biscuits,59,90
2022-11-30,Soap,34,44
2022-11-30,Shampoo,25,39
2022-12-01,Rice,46,65
2022-12-01,Wheat,43,54
2022-12-01,Sugar,39,103
2022-12-01,Tea,13,33
2022-12-01,Oil,21,55
2022-12-01,Biscuits,54,78
2022-12-01,Soap,32,91
2022-12-01,Shampoo,27,41
2022-12-02,Rice,54,78
2022-12-02,Wheat,48,132
2022-12-02,Sugar,33,72
2022-12-02,Tea,11,23
2022-12-02,Oil,26,37
2022-12-02,Biscuits,61,145
2022-12-02,Soap,38,75
2022-12-02,Shampoo,28,46
2022-12-03,Rice,69,145
2022-12-03,Wheat,60,174
2022-12-03,Sugar,47,75
2022-12-03,Tea,21,29
2022-12-03,Oil,26,46
2022-12-03,Biscuits,73,180
2022-12-03,Soap,33,59
2022-12-03,Shampoo,34,74
2022-12-04,Rice,64,90
2022-12-04,Wheat,60,154
2022-12-04,Sugar,52,130
2022-12-04,Tea,19,36
2022-12-04,Oil,26,75
2022-12-04,Biscuits,78,215
2022-12-04,Soap,36,79
2022-12-04,Shampoo,29,45
2022-12-05,Rice,59,118
2022-12-05,Wheat,52,107
2022-12-05,Sugar,45,92
2022-12-05,Tea,15,27
2022-12-05,Oil,18,24
2022-12-05,Biscuits,67,107
2022-12-05,Soap,29,39
2022-12-05,Shampoo,26,65
2022-12-06,Rice,56,99
2022-12-06,Wheat,48,69
2022-12-06,Sugar,50,98
2022-12-06,Tea,14,37
2022-12-06,Oil,19,49
2022-12-06,Biscuits,66,104
2022-12-06,Soap,29,64
2022-12-06,Shampoo,28,56
2022-12-07,Rice,37,61
2022-12-07,Wheat,50,98
2022-12-07,Sugar,34,86
2022-12-07,Tea,14,41
2022-12-07,Oil,22,58
2022-12-07,Biscuits,70,146
2022-12-07,Soap,36,49
2022-12-07,Shampoo,27,65
2022-12-08,Rice,48,70
2022-12-08,Wheat,49,72
2022-12-08,Sugar,38,90
2022-12-08,Tea,16,28
2022-12-08,Oil,23,33
2022-12-08,Biscuits,61,167
2022-12-08,Soap,28,71
2022-12-08,Shampoo,28,48
2022-12-09,Rice,54,125
2022-12-09,Wheat,44,85
2022-12-09,Sugar,46,100
2022-12-09,Tea,14,23
2022-12-09,Oil,21,44
2022-12-09,Biscuits,76,180
2022-12-09,Soap,35,64
2022-12-09,Shampoo,25,34
2022-12-10,Rice,65,184
2022-12-10,Wheat,56,139
2022-12-10,Sugar,50,102
2022-12-10,Tea,20,57
2022-12-10,Oil,26,44
2022-12-10,Biscuits,73,106
2022-12-10,Soap,40,112
2022-12-10,Shampoo,33,63
2022-12-11,Rice,61,153
2022-12-11,Wheat,58,91
2022-12-11,Sugar,49,83
2022-12-11,Tea,17,31
2022-12-11,Oil,24,48
2022-12-11,Biscuits,81,238
2022-12-11,Soap,32,65
2022-12-11,Shampoo,34,87
2022-12-12,Rice,56,100
2022-12-12,Wheat,53,103
2022-12-12,Sugar,40,114
2022-12-12,Tea,18,30
2022-12-12,Oil,22,49
2022-12-12,Biscuits,61,114
2022-12-12,Soap,29,76
2022-12-12,Shampoo,27,60
2022-12-13,Rice,47,139
2022-12-13,Wheat,44,89
2022-12-13,Sugar,45,63
2022-12-13,Tea,14,25
2022-12-13,Oil,19,23
2022-12-13,Biscuits,65,188
2022-12-13,Soap,25,58
2022-12-13,Shampoo,29,40
2022-12-14,Rice,48,139
2022-12-14,Wheat,45,61
2022-12-14,Sugar,38,89
2022-12-14,Tea,15,30
2022-12-14,Oil,26,44
2022-12-14,Biscuits,52,76
2022-12-14,Soap,34,48
2022-12-14,Shampoo,27,67
2022-12-15,Rice,53,78
2022-12-15,Wheat,46,97
2022-12-15,Sugar,49,60
2022-12-15,Tea,15,32
2022-12-15,Oil,22,50
2022-12-15,Biscuits,71,168
2022-12-15,Soap,37,68
2022-12-15,Shampoo,25,50
2022-12-16,Rice,54,144
2022-12-16,Wheat,50,62
2022-12-16,Sugar,45,109
2022-12-16,Tea,16,31
2022-12-16,Oil,21,45
2022-12-16,Biscuits,65,111
2022-12-16,Soap,31,37
2022-12-16,Shampoo,26,64
2022-12-17,Rice,78,186
2022-12-17,Wheat,63,122
2022-12-17,Sugar,52,126
2022-12-17,Tea,20,48
2022-12-17,Oil,22,52
2022-12-17,Biscuits,66,96
2022-12-17,Soap,40,100
2022-12-17,Shampoo,33,97
2022-12-18,Rice,96,269
2022-12-18,Wheat,69,191
2022-12-18,Sugar,72,169
2022-12-18,Tea,31,41
2022-12-18,Oil,39,66
2022-12-18,Biscuits,125,210
2022-12-18,Soap,54,67
2022-12-18,Shampoo,50,101
2022-12-19,Rice,87,167
2022-12-19,Wheat,68,175
2022-12-19,Sugar,61,80
2022-12-19,Tea,23,45
2022-12-19,Oil,33,71
2022-12-19,Biscuits,118,328
2022-12-19,Soap,55,138
2022-12-19,Shampoo,38,62
2022-12-20,Rice,84,142
2022-12-20,Wheat,70,140
2022-12-20,Sugar,64,166
2022-12-20,Tea,20,59
2022-12-20,Oil,32,59
2022-12-20,Biscuits,101,218
2022-12-20,Soap,47,66
2022-12-20,Shampoo,44,93
2022-12-21,Rice,83,165
2022-12-21,Wheat,55,73
2022-12-21,Sugar,54,66
2022-12-21,Tea,23,51
2022-12-21,Oil,35,91
2022-12-21,Biscuits,103,169
2022-12-21,Soap,38,58
2022-12-21,Shampoo,37,73
2022-12-22,Rice,77,211
2022-12-22,Wheat,73,207
2022-12-22,Sugar,72,185
2022-12-22,Tea,25,56
2022-12-22,Oil,32,61
2022-12-22,Biscuits,83,208
2022-12-22,Soap,50,66
2022-12-22,Shampoo,39,65
2022-12-23,Rice,87,150
2022-12-23,Wheat,67,99
2022-12-23,Sugar,59,105
2022-12-23,Tea,22,51
2022-12-23,Oil,30,85
2022-12-23,Biscuits,87,143
2022-12-23,Soap,47,129
2022-12-23,Shampoo,40,60
2022-12-24,Rice,93,196
2022-12-24,Wheat,95,246
2022-12-24,Sugar,78,202
2022-12-24,Tea,29,61
2022-12-24,Oil,44,54
2022-12-24,Biscuits,118,313
2022-12-24,Soap,58,153
2022-12-24,Shampoo,41,73
2022-12-25,Rice,96,187
2022-12-25,Wheat,81,169
2022-12-25,Sugar,75,207
2022-12-25,Tea,28,51
2022-12-25,Oil,41,82
2022-12-25,Biscuits,133,336
2022-12-25,Soap,71,204
2022-12-25,Shampoo,49,121
2022-12-26,Rice,75,158
2022-12-26,Wheat,69,92
2022-12-26,Sugar,53,84
2022-12-26,Tea,26,59
2022-12-26,Oil,30,38
2022-12-26,Biscuits,93,234
2022-12-26,Soap,49,117
2022-12-26,Shampoo,48,66
2022-12-27,Rice,81,107
2022-12-27,Wheat,58,158
2022-12-27,Sugar,69,124
2022-12-27,Tea,24,60
2022-12-27,Oil,32,40
2022-12-27,Biscuits,101,203
2022-12-27,Soap,53,64
2022-12-27,Shampoo,42,71
2022-12-28,Rice,84,193
2022-12-28,Wheat,63,108
2022-12-28,Sugar,67,155
2022-12-28,Tea,24,29
2022-12-28,Oil,36,59
2022-12-28,Biscuits,94,135
2022-12-28,Soap,52,82
2022-12-28,Shampoo,43,128
2022-12-29,Rice,87,231
2022-12-29,Wheat,68,117
2022-12-29,Sugar,51,109
2022-12-29,Tea,24,39
2022-12-29,Oil,41,101
2022-12-29,Biscuits,88,170
2022-12-29,Soap,50,104
2022-12-29,Shampoo,42,61
2022-12-30,Rice,68,181
2022-12-30,Wheat,79,155
2022-12-30,Sugar,66,186
2022-12-30,Tea,25,41
2022-12-30,Oil,32,43
2022-12-30,Biscuits,81,203
2022-12-30,Soap,40,49
2022-12-30,Shampoo,43,112
2022-12-31,Rice,105,135
2022-12-31,Wheat,94,151
2022-12-31,Sugar,64,93
2022-12-31,Tea,30,66
2022-12-31,Oil,37,72
2022-12-31,Biscuits,138,198
2022-12-31,Soap,43,60
2022-12-31,Shampoo,44,120
2023-01-01,Rice,95,218
2023-01-01,Wheat,90,191
2023-01-01,Sugar,80,147
2023-01-01,Tea,28,81
2023-01-01,Oil,43,122
2023-01-01,Biscuits,92,137
2023-01-01,Soap,43,97
2023-01-01,Shampoo,49,135
2023-01-02,Rice,81,106
2023-01-02,Wheat,76,201
2023-01-02,Sugar,69,128
2023-01-02,Tea,23,60
2023-01-02,Oil,29,53
2023-01-02,Biscuits,87,240
2023-01-02,Soap,46,119
2023-01-02,Shampoo,36,53
2023-01-03,Rice,79,215
2023-01-03,Wheat,75,210
2023-01-03,Sugar,61,127
2023-01-03,Tea,23,63
2023-01-03,Oil,27,37
2023-01-03,Biscuits,110,326
2023-01-03,Soap,48,98
2023-01-03,Shampoo,44,88
2023-01-04,Rice,69,124
2023-01-04,Wheat,66,136
2023-01-04,Sugar,60,108
2023-01-04,Tea,25,72
2023-01-04,Oil,35,94
2023-01-04,Biscuits,107,302
2023-01-04,Soap,48,132
2023-01-04,Shampoo,36,57
2023-01-05,Rice,71,151
2023-01-05,Wheat,73,173
2023-01-05,Sugar,71,200
2023-01-05,Tea,23,68
2023-01-05,Oil,34,88
2023-01-05,Biscuits,110,298
2023-01-05,Soap,52,93
2023-01-05,Shampoo,35,73
2023-01-06,Rice,78,141
2023-01-06,Wheat,66,112
2023-01-06,Sugar,64,142
2023-01-06,Tea,22,33
2023-01-06,Oil,25,38
2023-01-06,Biscuits,87,246
2023-01-06,Soap,47,76
2023-01-06,Shampoo,37,80
2023-01-07,Rice,93,120
2023-01-07,Wheat,89,139
2023-01-07,Sugar,84,223
2023-01-07,Tea,29,44
2023-01-07,Oil,40,68
2023-01-07,Biscuits,143,292
2023-01-07,Soap,64,166
2023-01-07,Shampoo,48,71
2023-01-08,Rice,77,148
2023-01-08,Wheat,89,119
2023-01-08,Sugar,73,216
2023-01-08,Tea,27,48
2023-01-08,Oil,39,111
2023-01-08,Biscuits,120,217
2023-01-08,Soap,59,88
2023-01-08,Shampoo,49,139
2023-01-09,Rice,91,237
2023-01-09,Wheat,96,254
2023-01-09,Sugar,63,99
2023-01-09,Tea,23,58
2023-01-09,Oil,27,80
2023-01-09,Biscuits,111,179
2023-01-09,Soap,46,55
2023-01-09,Shampoo,44,56
2023-01-10,Rice,65,104
2023-01-10,Wheat,77,193
2023-01-10,Sugar,61,130
2023-01-10,Tea,21,54
2023-01-10,Oil,25,54
2023-01-10,Biscuits,88,196
2023-01-10,Soap,44,95
2023-01-10,Shampoo,47,99
2023-01-11,Rice,78,119
2023-01-11,Wheat,79,147
2023-01-11,Sugar,64,181
2023-01-11,Tea,25,64
2023-01-11,Oil,33,46
2023-01-11,Biscuits,116,143
2023-01-11,Soap,39,91
2023-01-11,Shampoo,41,69
2023-01-12,Rice,82,229
2023-01-12,Wheat,67,182
2023-01-12,Sugar,67,127
2023-01-12,Tea,20,47
2023-01-12,Oil,33,92
2023-01-12,Biscuits,103,254
2023-01-12,Soap,48,109
2023-01-12,Shampoo,37,79
2023-01-13,Rice,91,162
2023-01-13,Wheat,74,178
2023-01-13,Sugar,66,111
2023-01-13,Tea,23,52
2023-01-13,Oil,35,87
2023-01-13,Biscuits,96,183
2023-01-13,Soap,47,111
2023-01-13,Shampoo,35,42
2023-01-14,Rice,96,257
2023-01-14,Wheat,81,233
2023-01-14,Sugar,88,216
2023-01-14,Tea,32,82
2023-01-14,Oil,38,104
2023-01-14,Biscuits,146,333
2023-01-14,Soap,45,92
2023-01-14,Shampoo,45,60
2023-01-15,Rice,101,186
2023-01-15,Wheat,76,220
2023-01-15,Sugar,93,159
2023-01-15,Tea,28,57
2023-01-15,Oil,33,63
2023-01-15,Biscuits,126,199
2023-01-15,Soap,57,105
2023-01-15,Shampoo,63,98
2023-01-16,Rice,80,223
2023-01-16,Wheat,60,102
2023-01-16,Sugar,64,152
2023-01-16,Tea,19,48
2023-01-16,Oil,29,55
2023-01-16,Biscuits,118,144
2023-01-16,Soap,52,131
2023-01-16,Shampoo,38,93
2023-01-17,Rice,76,200
2023-01-17,Wheat,66,100
2023-01-17,Sugar,69,188
2023-01-17,Tea,30,48
2023-01-17,Oil,36,103
2023-01-17,Biscuits,100,133
2023-01-17,Soap,41,58
2023-01-17,Shampoo,40,102
2023-01-18,Rice,92,147
2023-01-18,Wheat,70,113
2023-01-18,Sugar,69,92
2023-01-18,Tea,21,40
2023-01-18,Oil,31,57
2023-01-18,Biscuits,112,145
2023-01-18,Soap,47,59
2023-01-18,Shampoo,41,96
2023-01-19,Rice,82,106
2023-01-19,Wheat,69,90
2023-01-19,Sugar,57,129
2023-01-19,Tea,24,35
2023-01-19,Oil,29,59
2023-01-19,Biscuits,93,257
2023-01-19,Soap,51,74
2023-01-19,Shampoo,43,62
2023-01-20,Rice,78,139
2023-01-20,Wheat,83,195
2023-01-20,Sugar,71,95
2023-01-20,Tea,23,62
2023-01-20,Oil,28,36
2023-01-20,Biscuits,76,155
2023-01-20,Soap,53,139
2023-01-20,Shampoo,37,67
2023-01-21,Rice,97,268
2023-01-21,Wheat,84,227
2023-01-21,Sugar,87,171
2023-01-21,Tea,26,65
2023-01-21,Oil,38,113
2023-01-21,Biscuits,101,199
2023-01-21,Soap,53,68
2023-01-21,Shampoo,47,68
2023-01-22,Rice,94,199
2023-01-22,Wheat,91,230
2023-01-22,Sugar,82,216
2023-01-22,Tea,31,86
2023-01-22,Oil,38,79
2023-01-22,Biscuits,132,247
2023-01-22,Soap,67,194
2023-01-22,Shampoo,50,86
2023-01-23,Rice,62,146
2023-01-23,Wheat,47,79
2023-01-23,Sugar,44,74
2023-01-23,Tea,16,47
2023-01-23,Oil,23,48
2023-01-23,Biscuits,61,79
2023-01-23,Soap,34,83
2023-01-23,Shampoo,25,73
2023-01-24,Rice,45,90
2023-01-24,Wheat,56,69
2023-01-24,Sugar,42,52
2023-01-24,Tea,13,32
2023-01-24,Oil,21,52
2023-01-24,Biscuits,61,170
2023-01-24,Soap,37,61
2023-01-24,Shampoo,26,39
2023-01-25,Rice,66,123
2023-01-25,Wheat,48,131
2023-01-25,Sugar,39,76
2023-01-25,Tea,18,29
2023-01-25,Oil,20,53
2023-01-25,Biscuits,71,200
2023-01-25,Soap,26,67
2023-01-25,Shampoo,30,69
2023-01-26,Rice,45,112
2023-01-26,Wheat,47,95
2023-01-26,Sugar,38,66
2023-01-26,Tea,14,40
2023-01-26,Oil,20,34
2023-01-26,Biscuits,69,116
2023-01-26,Soap,31,59
2023-01-26,Shampoo,27,43
2023-01-27,Rice,48,90
2023-01-27,Wheat,46,68
2023-01-27,Sugar,48,137
2023-01-27,Tea,13,20
2023-01-27,Oil,18,53
2023-01-27,Biscuits,67,142
2023-01-27,Soap,30,55
2023-01-27,Shampoo,27,41
2023-01-28,Rice,61,130
2023-01-28,Wheat,63,176
2023-01-28,Sugar,54,130
2023-01-28,Tea,15,20
2023-01-28,Oil,24,51
2023-01-28,Biscuits,78,98
2023-01-28,Soap,40,80
2023-01-28,Shampoo,31,90
2023-01-29,Rice,77,115
2023-01-29,Wheat,59,78
2023-01-29,Sugar,45,120
2023-01-29,Tea,21,48
2023-01-29,Oil,23,57
2023-01-29,Biscuits,82,170
2023-01-29,Soap,37,92
2023-01-29,Shampoo,31,39
2023-01-30,Rice,54,160
2023-01-30,Wheat,47,93
2023-01-30,Sugar,37,78
2023-01-30,Tea,15,24
2023-01-30,Oil,23,65
2023-01-30,Biscuits,54,118
2023-01-30,Soap,34,71
2023-01-30,Shampoo,28,45
2023-01-31,Rice,44,73
2023-01-31,Wheat,50,81
2023-01-31,Sugar,41,109
2023-01-31,Tea,15,44
2023-01-31,Oil,19,43
2023-01-31,Biscuits,60,92
2023-01-31,Soap,33,40
2023-01-31,Shampoo,26,61
2023-02-01,Rice,51,150
2023-02-01,Wheat,53,142
2023-02-01,Sugar,49,143
2023-02-01,Tea,16,35
2023-02-01,Oil,24,69
2023-02-01,Biscuits,69,189
2023-02-01,Soap,28,80
2023-02-01,Shampoo,30,60
2023-02-02,Rice,53,98
2023-02-02,Wheat,47,102
2023-02-02,Sugar,41,78
2023-02-02,Tea,12,21
2023-02-02,Oil,21,47
2023-02-02,Biscuits,57,137
2023-02-02,Soap,33,54
2023-02-02,Shampoo,26,72
2023-02-03,Rice,55,77
2023-02-03,Wheat,47,137
2023-02-03,Sugar,45,83
2023-02-03,Tea,16,31
2023-02-03,Oil,22,44
2023-02-03,Biscuits,63,184
2023-02-03,Soap,30,65
2023-02-03,Shampoo,26,67
2023-02-04,Rice,47,89
2023-02-04,Wheat,50,114
2023-02-04,Sugar,55,129
2023-02-04,Tea,21,49
2023-02-04,Oil,24,32
2023-02-04,Biscuits,61,145
2023-02-04,Soap,39,48
2023-02-04,Shampoo,33,44
2023-02-05,Rice,65,88
2023-02-05,Wheat,57,84
2023-02-05,Sugar,55,115
2023-02-05,Tea,19,33
2023-02-05,Oil,26,47
2023-02-05,Biscuits,75,171
2023-02-05,Soap,44,88
2023-02-05,Shampoo,34,75
2023-02-06,Rice,50,95
2023-02-06,Wheat,38,69
2023-02-06,Sugar,45,72
2023-02-06,Tea,16,31
2023-02-06,Oil,19,50
2023-02-06,Biscuits,66,181
2023-02-06,Soap,31,59
2023-02-06,Shampoo,28,36
2023-02-07,Rice,49,98
2023-02-07,Wheat,48,136
2023-02-07,Sugar,36,97
2023-02-07,Tea,17,31
2023-02-07,Oil,26,31
2023-02-07,Biscuits,63,89
2023-02-07,Soap,33,50
2023-02-07,Shampoo,26,62
2023-02-08,Rice,60,111
2023-02-08,Wheat,45,87
2023-02-08,Sugar,36,44
2023-02-08,Tea,17,38
2023-02-08,Oil,22,56
2023-02-08,Biscuits,73,97
2023-02-08,Soap,35,50
2023-02-08,Shampoo,24,44
2023-02-09,Rice,55,118
2023-02-09,Wheat,55,164
2023-02-09,Sugar,47,117
2023-02-09,Tea,14,18
2023-02-09,Oil,18,41
2023-02-09,Biscuits,76,132
2023-02-09,Soap,31,76
2023-02-09,Shampoo,29,51
2023-02-10,Rice,54,113
2023-02-10,Wheat,55,141
2023-02-10,Sugar,50,101
2023-02-10,Tea,16,45
2023-02-10,Oil,21,29
2023-02-10,Biscuits,61,141
2023-02-10,Soap,26,37
2023-02-10,Shampoo,25,64
2023-02-11,Rice,67,127
2023-02-11,Wheat,59,79
2023-02-11,Sugar,54,112
2023-02-11,Tea,21,31
2023-02-11,Oil,26,32
2023-02-11,Biscuits,79,190
2023-02-11,Soap,32,58
2023-02-11,Shampoo,33,71
2023-02-12,Rice,65,115
2023-02-12,Wheat,57,170
2023-02-12,Sugar,46,136
2023-02-12,Tea,19,50
2023-02-12,Oil,28,61
2023-02-12,Biscuits,82,244
2023-02-12,Soap,34,73
2023-02-12,Shampoo,32,86
2023-02-13,Rice,49,146
2023-02-13,Wheat,52,109
2023-02-13,Sugar,39,109
2023-02-13,Tea,16,43
2023-02-13,Oil,21,54
2023-02-13,Biscuits,69,119
2023-02-13,Soap,32,52
2023-02-13,Shampoo,25,71
2023-02-14,Rice,55,113
2023-02-14,Wheat,41,69
2023-02-14,Sugar,43,101
2023-02-14,Tea,16,23
2023-02-14,Oil,21,51
2023-02-14,Biscuits,62,130
2023-02-14,Soap,34,49
2023-02-14,Shampoo,24,46
2023-02-15,Rice,56,138
2023-02-15,Wheat,52,79
2023-02-15,Sugar,42,116
2023-02-15,Tea,18,31
2023-02-15,Oil,26,64
2023-02-15,Biscuits,61,90
2023-02-15,Soap,33,58
2023-02-15,Shampoo,26,55
2023-02-16,Rice,51,105
2023-02-16,Wheat,40,112
2023-02-16,Sugar,49,110
2023-02-16,Tea,17,47
2023-02-16,Oil,20,44
2023-02-16,Biscuits,63,125
2023-02-16,Soap,30,57
2023-02-16,Shampoo,26,75
2023-02-17,Rice,45,94
2023-02-17,Wheat,49,135
2023-02-17,Sugar,47,86
2023-02-17,Tea,15,22
2023-02-17,Oil,24,48
2023-02-17,Biscuits,55,141
2023-02-17,Soap,31,73
2023-02-17,Shampoo,31,74
2023-02-18,Rice,62,152
2023-02-18,Wheat,63,130
2023-02-18,Sugar,55,111
2023-02-18,Tea,16,21
2023-02-18,Oil,26,64
2023-02-18,Biscuits,80,197
2023-02-18,Soap,41,114
2023-02-18,Shampoo,34,46
2023-02-19,Rice,74,107
2023-02-19,Wheat,60,76
2023-02-19,Sugar,48,140
2023-02-19,Tea,21,55
2023-02-19,Oil,25,49
2023-02-19,Biscuits,68,199
2023-02-19,Soap,38,111
2023-02-19,Shampoo,32,66
2023-02-20,Rice,46,68
2023-02-20,Wheat,49,84
2023-02-20,Sugar,40,90
2023-02-20,Tea,15,25
2023-02-20,Oil,20,40
2023-02-20,Biscuits,60,84
2023-02-20,Soap,34,43
2023-02-20,Shampoo,19,23
2023-02-21,Rice,54,106
2023-02-21,Wheat,52,92
2023-02-21,Sugar,35,95
2023-02-21,Tea,15,18
2023-02-21,Oil,19,24
2023-02-21,Biscuits,66,142
2023-02-21,Soap,40,49
2023-02-21,Shampoo,25,67
2023-02-22,Rice,61,167
2023-02-22,Wheat,41,118
2023-02-22,Sugar,40,110
2023-02-22,Tea,17,39
2023-02-22,Oil,23,64
2023-02-22,Biscuits,55,118
2023-02-22,Soap,32,38
2023-02-22,Shampoo,22,31
2023-02-23,Rice,50,95
2023-02-23,Wheat,48,113
2023-02-23,Sugar,44,127
2023-02-23,Tea,16,35
2023-02-23,Oil,23,60
2023-02-23,Biscuits,73,211
2023-02-23,Soap,26,47
2023-02-23,Shampoo,26,50
2023-02-24,Rice,57,169
2023-02-24,Wheat,45,111
2023-02-24,Sugar,47,97
2023-02-24,Tea,16,47
2023-02-24,Oil,18,37
2023-02-24,Biscuits,57,120
2023-02-24,Soap,34,59
2023-02-24,Shampoo,23,62
2023-02-25,Rice,60,83
2023-02-25,Wheat,59,89
2023-02-25,Sugar,65,110
2023-02-25,Tea,17,28
2023-02-25,Oil,24,34
2023-02-25,Biscuits,85,222
2023-02-25,Soap,38,102
2023-02-25,Shampoo,33,54
2023-02-26,Rice,57,151
2023-02-26,Wheat,62,155
2023-02-26,Sugar,55,158
2023-02-26,Tea,18,35
2023-02-26,Oil,25,57
2023-02-26,Biscuits,95,252
2023-02-26,Soap,41,60
2023-02-26,Shampoo,32,89
2023-02-27,Rice,56,158
2023-02-27,Wheat,44,126
2023-02-27,Sugar,50,98
2023-02-27,Tea,13,29
2023-02-27,Oil,26,49
2023-02-27,Biscuits,55,84
2023-02-27,Soap,27,39
2023-02-27,Shampoo,25,45
2023-02-28,Rice,58,88
2023-02-28,Wheat,51,122
2023-02-28,Sugar,36,90
2023-02-28,Tea,17,30
2023-02-28,Oil,16,43
2023-02-28,Biscuits,61,92
2023-02-28,Soap,27,38
2023-02-28,Shampoo,23,58
2023-03-01,Rice,55,138
2023-03-01,Wheat,39,109
2023-03-01,Sugar,45,123
2023-03-01,Tea,16,35
2023-03-01,Oil,22,42
2023-03-01,Biscuits,61,163
2023-03-01,Soap,36,62
2023-03-01,Shampoo,26,44
2023-03-02,Rice,54,97
2023-03-02,Wheat,52,147
2023-03-02,Sugar,39,85
2023-03-02,Tea,14,27
2023-03-02,Oil,21,33
2023-03-02,Biscuits,51,83
2023-03-02,Soap,30,38
2023-03-02,Shampoo,26,41
2023-03-03,Rice,54,82
2023-03-03,Wheat,46,113
2023-03-03,Sugar,44,62
2023-03-03,Tea,15,41
2023-03-03,Oil,22,42
2023-03-03,Biscuits,65,172
2023-03-03,Soap,38,60
2023-03-03,Shampoo,28,71
2023-03-04,Rice,61,181
2023-03-04,Wheat,57,123
2023-03-04,Sugar,52,92
2023-03-04,Tea,21,44
2023-03-04,Oil,19,40
2023-03-04,Biscuits,83,196
2023-03-04,Soap,33,82
2023-03-04,Shampoo,32,49
2023-03-05,Rice,59,83
2023-03-05,Wheat,60,179
2023-03-05,Sugar,44,76
2023-03-05,Tea,19,53
2023-03-05,Oil,22,47
2023-03-05,Biscuits,87,181
2023-03-05,Soap,40,57
2023-03-05,Shampoo,31,45
2023-03-06,Rice,45,80
2023-03-06,Wheat,52,105
2023-03-06,Sugar,41,113
2023-03-06,Tea,17,23
2023-03-06,Oil,19,39
2023-03-06,Biscuits,68,144
2023-03-06,Soap,32,62
2023-03-06,Shampoo,32,52
2023-03-07,Rice,61,80
2023-03-07,Wheat,49,83
2023-03-07,Sugar,47,122
2023-03-07,Tea,18,40
2023-03-07,Oil,19,50
2023-03-07,Biscuits,68,148
2023-03-07,Soap,36,77
2023-03-07,Shampoo,28,50
2023-03-08,Rice,63,124
2023-03-08,Wheat,44,53
2023-03-08,Sugar,41,103
2023-03-08,Tea,16,40
2023-03-08,Oil,19,41
2023-03-08,Biscuits,66,105
2023-03-08,Soap,30,87
2023-03-08,Shampoo,30,82
2023-03-09,Rice,44,116
2023-03-09,Wheat,48,101
2023-03-09,Sugar,42,107
2023-03-09,Tea,13,23
2023-03-09,Oil,21,57
2023-03-09,Biscuits,63,182
2023-03-09,Soap,33,67
2023-03-09,Shampoo,26,59
2023-03-10,Rice,55,68
2023-03-10,Wheat,57,138
2023-03-10,Sugar,48,76
2023-03-10,Tea,12,26
2023-03-10,Oil,22,62
2023-03-10,Biscuits,72,159
2023-03-10,Soap,31,46
2023-03-10,Shampoo,23,36
2023-03-11,Rice,65,154
2023-03-11,Wheat,47,80
2023-03-11,Sugar,59,136
2023-03-11,Tea,21,38
2023-03-11,Oil,28,66
2023-03-11,Biscuits,74,180
2023-03-11,Soap,37,98
2023-03-11,Shampoo,31,88
2023-03-12,Rice,62,184
2023-03-12,Wheat,62,95
2023-03-12,Sugar,41,73
2023-03-12,Tea,19,33
2023-03-12,Oil,27,50
2023-03-12,Biscuits,73,143
2023-03-12,Soap,38,100
2023-03-12,Shampoo,26,40
2023-03-13,Rice,60,145
2023-03-13,Wheat,43,90
2023-03-13,Sugar,35,103
2023-03-13,Tea,18,37
2023-03-13,Oil,23,47
2023-03-13,Biscuits,69,87
2023-03-13,Soap,35,90
2023-03-13,Shampoo,24,50
2023-03-14,Rice,58,119
2023-03-14,Wheat,56,130
2023-03-14,Sugar,47,135
2023-03-14,Tea,14,31
2023-03-14,Oil,21,27
2023-03-14,Biscuits,71,177
2023-03-14,Soap,36,71
2023-03-14,Shampoo,25,46
2023-03-15,Rice,49,62
2023-03-15,Wheat,43,95
2023-03-15,Sugar,49,62
2023-03-15,Tea,14,26
2023-03-15,Oil,23,66
2023-03-15,Biscuits,61,122
2023-03-15,Soap,33,93
2023-03-15,Shampoo,24,37
2023-03-16,Rice,45,120
2023-03-16,Wheat,49,69
2023-03-16,Sugar,48,92
2023-03-16,Tea,21,55
2023-03-16,Oil,18,35
2023-03-16,Biscuits,73,93
2023-03-16,Soap,34,70
2023-03-16,Shampoo,33,59
2023-03-17,Rice,63,173
2023-03-17,Wheat,44,79
2023-03-17,Sugar,47,100
2023-03-17,Tea,15,41
2023-03-17,Oil,21,57
2023-03-17,Biscuits,63,136
2023-03-17,Soap,35,64
2023-03-17,Shampoo,30,88
2023-03-18,Rice,50,118
2023-03-18,Wheat,54,81
2023-03-18,Sugar,42,54
2023-03-18,Tea,20,39
2023-03-18,Oil,26,32
2023-03-18,Biscuits,72,166
2023-03-18,Soap,41,115
2023-03-18,Shampoo,34,61
2023-03-19,Rice,68,99
2023-03-19,Wheat,52,76
2023-03-19,Sugar,59,98
2023-03-19,Tea,18,36
2023-03-19,Oil,25,63
2023-03-19,Biscuits,76,222
2023-03-19,Soap,34,89
2023-03-19,Shampoo,30,68
2023-03-20,Rice,53,97
2023-03-20,Wheat,43,62
2023-03-20,Sugar,47,135
2023-03-20,Tea,15,35
2023-03-20,Oil,24,66
2023-03-20,Biscuits,70,183
2023-03-20,Soap,30,43
2023-03-20,Shampoo,28,41
2023-03-21,Rice,49,93
2023-03-21,Wheat,51,69
2023-03-21,Sugar,43,76
2023-03-21,Tea,15,43
2023-03-21,Oil,21,41
2023-03-21,Biscuits,69,206
2023-03-21,Soap,36,65
2023-03-21,Shampoo,28,72
2023-03-22,Rice,54,66
2023-03-22,Wheat,45,117
2023-03-22,Sugar,47,123
2023-03-22,Tea,11,20
2023-03-22,Oil,21,32
2023-03-22,Biscuits,69,108
2023-03-22,Soap,30,71
2023-03-22,Shampoo,25,62
2023-03-23,Rice,58,85
2023-03-23,Wheat,41,110
2023-03-23,Sugar,39,74
2023-03-23,Tea,16,35
2023-03-23,Oil,20,59
2023-03-23,Biscuits,69,93
2023-03-23,Soap,36,88
2023-03-23,Shampoo,26,31
2023-03-24,Rice,49,65
2023-03-24,Wheat,34,50
2023-03-24,Sugar,33,54
2023-03-24,Tea,16,36
2023-03-24,Oil,22,45
2023-03-24,Biscuits,73,190
2023-03-24,Soap,35,84
2023-03-24,Shampoo,21,30
2023-03-25,Rice,67,179
2023-03-25,Wheat,59,96
2023-03-25,Sugar,56,91
2023-03-25,Tea,19,28
2023-03-25,Oil,24,49
2023-03-25,Biscuits,78,147
2023-03-25,Soap,39,75
2023-03-25,Shampoo,28,51
2023-03-26,Rice,57,76
2023-03-26,Wheat,51,73
2023-03-26,Sugar,49,117
2023-03-26,Tea,19,24
2023-03-26,Oil,23,39
2023-03-26,Biscuits,70,199
2023-03-26,Soap,38,88
2023-03-26,Shampoo,29,62
2023-03-27,Rice,47,62
2023-03-27,Wheat,49,80
2023-03-27,Sugar,50,80
2023-03-27,Tea,17,24
2023-03-27,Oil,20,27
2023-03-27,Biscuits,70,202
2023-03-27,Soap,27,73
2023-03-27,Shampoo,28,57
2023-03-28,Rice,56,162
2023-03-28,Wheat,49,129
2023-03-28,Sugar,50,67
2023-03-28,Tea,20,51
2023-03-28,Oil,21,31
2023-03-28,Biscuits,70,162
2023-03-28,Soap,38,94
2023-03-28,Shampoo,23,57
2023-03-29,Rice,50,119
2023-03-29,Wheat,43,75
2023-03-29,Sugar,46,87
2023-03-29,Tea,17,31
2023-03-29,Oil,20,30
2023-03-29,Biscuits,61,129
2023-03-29,Soap,32,50
2023-03-29,Shampoo,26,32
2023-03-30,Rice,45,127
2023-03-30,Wheat,46,92
2023-03-30,Sugar,39,47
2023-03-30,Tea,12,30
2023-03-30,Oil,20,49
2023-03-30,Biscuits,68,119
2023-03-30,Soap,31,90
2023-03-30,Shampoo,26,47
2023-03-31,Rice,47,71
2023-03-31,Wheat,49,142
2023-03-31,Sugar,42,89
2023-03-31,Tea,18,32
2023-03-31,Oil,24,69
2023-03-31,Biscuits,73,155
2023-03-31,Soap,36,75
2023-03-31,Shampoo,28,53
2023-04-01,Rice,49,81
2023-04-01,Wheat,52,93
2023-04-01,Sugar,53,82
2023-04-01,Tea,20,25
2023-04-01,Oil,26,56
2023-04-01,Biscuits,80,234
2023-04-01,Soap,35,50
2023-04-01,Shampoo,38,113
2023-04-02,Rice,57,130
2023-04-02,Wheat,59,171
2023-04-02,Sugar,58,131
2023-04-02,Tea,17,48
2023-04-02,Oil,24,70
2023-04-02,Biscuits,76,141
2023-04-02,Soap,39,91
2023-04-02,Shampoo,33,50
2023-04-03,Rice,50,92
2023-04-03,Wheat,52,119
2023-04-03,Sugar,44,102
2023-04-03,Tea,19,53
2023-04-03,Oil,18,37
2023-04-03,Biscuits,71,180
2023-04-03,Soap,26,49
2023-04-03,Shampoo,27,54
2023-04-04,Rice,59,111
2023-04-04,Wheat,50,62
2023-04-04,Sugar,46,95
2023-04-04,Tea,16,44
2023-04-04,Oil,22,53
2023-04-04,Biscuits,68,168
2023-04-04,Soap,28,36
2023-04-04,Shampoo,28,78
2023-04-05,Rice,53,109
2023-04-05,Wheat,48,72
2023-04-05,Sugar,44,77
2023-04-05,Tea,13,26
2023-04-05,Oil,20,47
2023-04-05,Biscuits,53,131
2023-04-05,Soap,28,50
2023-04-05,Shampoo,29,78
2023-04-06,Rice,60,129
2023-04-06,Wheat,54,117
2023-04-06,Sugar,47,82
2023-04-06,Tea,14,41
2023-04-06,Oil,21,52
2023-04-06,Biscuits,75,186
2023-04-06,Soap,33,98
2023-04-06,Shampoo,31,47
2023-04-07,Rice,55,70
2023-04-07,Wheat,52,150
2023-04-07,Sugar,48,63
2023-04-07,Tea,16,42
2023-04-07,Oil,17,50
2023-04-07,Biscuits,65,145
2023-04-07,Soap,35,78
2023-04-07,Shampoo,27,60
2023-04-08,Rice,61,122
2023-04-08,Wheat,51,130
2023-04-08,Sugar,53,132
2023-04-08,Tea,23,48
2023-04-08,Oil,27,76
2023-04-08,Biscuits,70,121
2023-04-08,Soap,41,86
2023-04-08,Shampoo,29,76
2023-04-09,Rice,52,123
2023-04-09,Wheat,55,108
2023-04-09,Sugar,54,102
2023-04-09,Tea,17,30
2023-04-09,Oil,22,35
2023-04-09,Biscuits,81,114
2023-04-09,Soap,42,78
2023-04-09,Shampoo,31,49
2023-04-10,Rice,54,93
2023-04-10,Wheat,38,110
2023-04-10,Sugar,44,130
2023-04-10,Tea,18,46
2023-04-10,Oil,23,56
2023-04-10,Biscuits,67,155
2023-04-10,Soap,36,100
2023-04-10,Shampoo,24,46
2023-04-11,Rice,49,98
2023-04-11,Wheat,46,118
2023-04-11,Sugar,43,60
2023-04-11,Tea,17,40
2023-04-11,Oil,24,53
2023-04-11,Biscuits,70,86
2023-04-11,Soap,29,74
2023-04-11,Shampoo,27,66
2023-04-12,Rice,49,104
2023-04-12,Wheat,51,74
2023-04-12,Sugar,40,61
2023-04-12,Tea,15,25
2023-04-12,Oil,26,36
2023-04-12,Biscuits,63,166
2023-04-12,Soap,38,84
2023-04-12,Shampoo,26,47
2023-04-13,Rice,46,97
2023-04-13,Wheat,41,103
2023-04-13,Sugar,43,102
2023-04-13,Tea,20,48
2023-04-13,Oil,20,25
2023-04-13,Biscuits,63,121
2023-04-13,Soap,38,108
2023-04-13,Shampoo,26,55
2023-04-14,Rice,47,133
2023-04-14,Wheat,49,142
2023-04-14,Sugar,49,107
2023-04-14,Tea,15,34
2023-04-14,Oil,18,24
2023-04-14,Biscuits,70,133
2023-04-14,Soap,30,56
2023-04-14,Shampoo,30,48
2023-04-15,Rice,69,173
2023-04-15,Wheat,43,123
2023-04-15,Sugar,59,121
2023-04-15,Tea,17,26
2023-04-15,Oil,25,72
2023-04-15,Biscuits,68,189
2023-04-15,Soap,39,102
2023-04-15,Shampoo,35,93
2023-04-16,Rice,61,108
2023-04-16,Wheat,56,114
2023-04-16,Sugar,51,139
2023-04-16,Tea,19,38
2023-04-16,Oil,25,73
2023-04-16,Biscuits,82,243
2023-04-16,Soap,35,44
2023-04-16,Shampoo,32,94
2023-04-17,Rice,55,74
2023-04-17,Wheat,54,137
2023-04-17,Sugar,47,106
2023-04-17,Tea,15,19
2023-04-17,Oil,20,50
2023-04-17,Biscuits,66,137
2023-04-17,Soap,29,37
2023-04-17,Shampoo,26,52
2023-04-18,Rice,52,73
2023-04-18,Wheat,40,60
2023-04-18,Sugar,50,60
2023-04-18,Tea,17,47
2023-04-18,Oil,18,28
2023-04-18,Biscuits,66,131
2023-04-18,Soap,28,78
2023-04-18,Shampoo,26,37
2023-04-19,Rice,46,130
2023-04-19,Wheat,51,118
2023-04-19,Sugar,48,137
2023-04-19,Tea,15,30
2023-04-19,Oil,21,59
2023-04-19,Biscuits,64,110
2023-04-19,Soap,34,84
2023-04-19,Shampoo,27,39
2023-04-20,Rice,54,84
2023-04-20,Wheat,49,73
2023-04-20,Sugar,39,113
2023-04-20,Tea,16,19
2023-04-20,Oil,20,55
2023-04-20,Biscuits,75,99
2023-04-20,Soap,31,72
2023-04-20,Shampoo,28,53
2023-04-21,Rice,51,144
2023-04-21,Wheat,42,67
2023-04-21,Sugar,42,102
2023-04-21,Tea,16,27
2023-04-21,Oil,24,62
2023-04-21,Biscuits,60,130
2023-04-21,Soap,31,73
2023-04-21,Shampoo,28,45
2023-04-22,Rice,61,161
2023-04-22,Wheat,62,109
2023-04-22,Sugar,51,93
2023-04-22,Tea,18,41
2023-04-22,Oil,25,66
2023-04-22,Biscuits,76,178
2023-04-22,Soap,44,63
2023-04-22,Shampoo,34,54
2023-04-23,Rice,69,89
2023-04-23,Wheat,58,116
2023-04-23,Sugar,57,138
2023-04-23,Tea,20,55
2023-04-23,Oil,27,34
2023-04-23,Biscuits,89,118
2023-04-23,Soap,36,86
2023-04-23,Shampoo,33,65
2023-04-24,Rice,52,115
2023-04-24,Wheat,47,89
2023-04-24,Sugar,45,77
2023-04-24,Tea,16,35
2023-04-24,Oil,22,33
2023-04-24,Biscuits,69,108
2023-04-24,Soap,39,55
2023-04-24,Shampoo,28,62
2023-04-25,Rice,57,163
2023-04-25,Wheat,40,119
2023-04-25,Sugar,41,79
2023-04-25,Tea,17,47
2023-04-25,Oil,20,53
2023-04-25,Biscuits,78,232
2023-04-25,Soap,34,98
2023-04-25,Shampoo,24,65
2023-04-26,Rice,55,148
2023-04-26,Wheat,49,107
2023-04-26,Sugar,40,90
2023-04-26,Tea,16,30
2023-04-26,Oil,23,39
2023-04-26,Biscuits,63,111
2023-04-26,Soap,37,96
2023-04-26,Shampoo,29,53
2023-04-27,Rice,47,103
2023-04-27,Wheat,49,110
2023-04-27,Sugar,47,62
2023-04-27,Tea,19,42
2023-04-27,Oil,22,59
2023-04-27,Biscuits,70,162
2023-04-27,Soap,36,83
2023-04-27,Shampoo,23,30
2023-04-28,Rice,54,104
2023-04-28,Wheat,45,110
2023-04-28,Sugar,43,94
2023-04-28,Tea,16,38
2023-04-28,Oil,20,48
2023-04-28,Biscuits,67,174
2023-04-28,Soap,32,58
2023-04-28,Shampoo,26,47
2023-04-29,Rice,70,132
2023-04-29,Wheat,62,89
2023-04-29,Sugar,51,70
2023-04-29,Tea,20,48
2023-04-29,Oil,25,39
2023-04-29,Biscuits,88,132
2023-04-29,Soap,36,47
2023-04-29,Shampoo,34,63
2023-04-30,Rice,74,174
2023-04-30,Wheat,59,117
2023-04-30,Sugar,53,79
2023-04-30,Tea,18,23
2023-04-30,Oil,27,67
2023-04-30,Biscuits,80,220
2023-04-30,Soap,37,66
2023-04-30,Shampoo,35,84
2023-05-01,Rice,52,101
2023-05-01,Wheat,54,127
2023-05-01,Sugar,42,77
2023-05-01,Tea,18,39
2023-05-01,Oil,21,30
2023-05-01,Biscuits,74,160
2023-05-01,Soap,32,68
2023-05-01,Shampoo,26,51
2023-05-02,Rice,60,138
2023-05-02,Wheat,49,115
2023-05-02,Sugar,41,105
2023-05-02,Tea,15,34
2023-05-02,Oil,21,50
2023-05-02,Biscuits,71,124
2023-05-02,Soap,33,96
2023-05-02,Shampoo,25,63
2023-05-03,Rice,48,140
2023-05-03,Wheat,48,102
2023-05-03,Sugar,50,61
2023-05-03,Tea,14,24
2023-05-03,Oil,20,56
2023-05-03,Biscuits,76,102
2023-05-03,Soap,30,73
2023-05-03,Shampoo,26,51
2023-05-04,Rice,55,113
2023-05-04,Wheat,51,81
2023-05-04,Sugar,45,54
2023-05-04,Tea,18,29
2023-05-04,Oil,21,30
2023-05-04,Biscuits,75,180
2023-05-04,Soap,35,44
2023-05-04,Shampoo,26,44
2023-05-05,Rice,54,134
2023-05-05,Wheat,51,145
2023-05-05,Sugar,39,107
2023-05-05,Tea,13,17
2023-05-05,Oil,18,41
2023-05-05,Biscuits,69,128
2023-05-05,Soap,26,36
2023-05-05,Shampoo,27,54
2023-05-06,Rice,71,171
2023-05-06,Wheat,54,124
2023-05-06,Sugar,46,73
2023-05-06,Tea,20,36
2023-05-06,Oil,25,57
2023-05-06,Biscuits,63,105
2023-05-06,Soap,38,87
2023-05-06,Shampoo,28,47
2023-05-07,Rice,63,133
2023-05-07,Wheat,60,104
2023-05-07,Sugar,58,70
2023-05-07,Tea,19,53
2023-05-07,Oil,28,35
2023-05-07,Biscuits,84,202
2023-05-07,Soap,39,105
2023-05-07,Shampoo,34,62
2023-05-08,Rice,44,68
2023-05-08,Wheat,47,59
2023-05-08,Sugar,41,94
2023-05-08,Tea,14,41
2023-05-08,Oil,19,44
2023-05-08,Biscuits,68,166
2023-05-08,Soap,34,43
2023-05-08,Shampoo,30,59
2023-05-09,Rice,60,113
2023-05-09,Wheat,53,102
2023-05-09,Sugar,37,106
2023-05-09,Tea,17,43
2023-05-09,Oil,18,27
2023-05-09,Biscuits,73,104
2023-05-09,Soap,28,74
2023-05-09,Shampoo,30,52
2023-05-10,Rice,51,63
2023-05-10,Wheat,56,140
2023-05-10,Sugar,47,91
2023-05-10,Tea,17,38
2023-05-10,Oil,23,49
2023-05-10,Biscuits,62,174
2023-05-10,Soap,30,65
2023-05-10,Shampoo,27,50
2023-05-11,Rice,41,100
2023-05-11,Wheat,41,79
2023-05-11,Sugar,47,110
2023-05-11,Tea,14,29
2023-05-11,Oil,23,49
2023-05-11,Biscuits,66,135
2023-05-11,Soap,32,54
2023-05-11,Shampoo,26,44
2023-05-12,Rice,63,135
2023-05-12,Wheat,44,107
2023-05-12,Sugar,44,61
2023-05-12,Tea,18,47
2023-05-12,Oil,25,40
2023-05-12,Biscuits,63,98
2023-05-12,Soap,31,63
2023-05-12,Shampoo,30,70
2023-05-13,Rice,65,124
2023-05-13,Wheat,68,190
2023-05-13,Sugar,38,53
2023-05-13,Tea,20,44
2023-05-13,Oil,29,74
2023-05-13,Biscuits,70,124
2023-05-13,Soap,41,58
2023-05-13,Shampoo,32,42
2023-05-14,Rice,61,84
2023-05-14,Wheat,55,111
2023-05-14,Sugar,44,71
2023-05-14,Tea,19,24
2023-05-14,Oil,32,39
2023-05-14,Biscuits,68,194
2023-05-14,Soap,41,84
2023-05-14,Shampoo,32,57
2023-05-15,Rice,48,130
2023-05-15,Wheat,50,148
2023-05-15,Sugar,48,89
2023-05-15,Tea,16,30
2023-05-15,Oil,20,56
2023-05-15,Biscuits,74,178
2023-05-15,Soap,26,49
2023-05-15,Shampoo,33,65
2023-05-16,Rice,56,91
2023-05-16,Wheat,51,103
2023-05-16,Sugar,42,64
2023-05-16,Tea,15,19
2023-05-16,Oil,19,29
2023-05-16,Biscuits,53,73
2023-05-16,Soap,30,43
2023-05-16,Shampoo,27,71
2023-05-17,Rice,58,77
2023-05-17,Wheat,48,110
2023-05-17,Sugar,44,105
2023-05-17,Tea,17,35
2023-05-17,Oil,18,35
2023-05-17,Biscuits,80,149
2023-05-17,Soap,36,77
2023-05-17,Shampoo,26,36
2023-05-18,Rice,53,132
2023-05-18,Wheat,48,114
2023-05-18,Sugar,46,77
2023-05-18,Tea,15,39
2023-05-18,Oil,16,26
2023-05-18,Biscuits,64,104
2023-05-18,Soap,35,99
2023-05-18,Shampoo,23,40
2023-05-19,Rice,49,142
2023-05-19,Wheat,52,65
2023-05-19,Sugar,40,83
2023-05-19,Tea,16,27
2023-05-19,Oil,21,30
2023-05-19,Biscuits,70,96
2023-05-19,Soap,32,74
2023-05-19,Shampoo,29,64
2023-05-20,Rice,77,126
2023-05-20,Wheat,61,118
2023-05-20,Sugar,50,67
2023-05-20,Tea,20,30
2023-05-20,Oil,23,62
2023-05-20,Biscuits,77,203
2023-05-20,Soap,45,124
2023-05-20,Shampoo,36,67
2023-05-21,Rice,61,130
2023-05-21,Wheat,55,100
2023-05-21,Sugar,51,66
2023-05-21,Tea,21,54
2023-05-21,Oil,21,51
2023-05-21,Biscuits,78,158
2023-05-21,Soap,37,47
2023-05-21,Shampoo,32,53
2023-05-22,Rice,46,108
2023-05-22,Wheat,46,91
2023-05-22,Sugar,45,124
2023-05-22,Tea,17,41
2023-05-22,Oil,19,33
2023-05-22,Biscuits,50,135
2023-05-22,Soap,25,61
2023-05-22,Shampoo,32,91
2023-05-23,Rice,63,128
2023-05-23,Wheat,48,124
2023-05-23,Sugar,44,129
2023-05-23,Tea,15,22
2023-05-23,Oil,20,42
2023-05-23,Biscuits,66,127
2023-05-23,Soap,36,85
2023-05-23,Shampoo,28,62
2023-05-24,Rice,44,124
2023-05-24,Wheat,41,75
2023-05-24,Sugar,40,55
2023-05-24,Tea,16,34
2023-05-24,Oil,26,71
2023-05-24,Biscuits,53,142
2023-05-24,Soap,32,50
2023-05-24,Shampoo,28,34
2023-05-25,Rice,50,149
2023-05-25,Wheat,47,73
2023-05-25,Sugar,45,90
2023-05-25,Tea,15,42
2023-05-25,Oil,19,50
2023-05-25,Biscuits,77,229
2023-05-25,Soap,32,92
2023-05-25,Shampoo,31,54
2023-05-26,Rice,52,141
2023-05-26,Wheat,58,93
2023-05-26,Sugar,41,115
2023-05-26,Tea,16,47
2023-05-26,Oil,21,38
2023-05-26,Biscuits,71,180
2023-05-26,Soap,35,54
2023-05-26,Shampoo,22,44
2023-05-27,Rice,54,152
2023-05-27,Wheat,48,133
2023-05-27,Sugar,55,79
2023-05-27,Tea,18,33
2023-05-27,Oil,23,56
2023-05-27,Biscuits,68,105
2023-05-27,Soap,40,57
2023-05-27,Shampoo,31,52
2023-05-28,Rice,61,162
2023-05-28,Wheat,60,175
2023-05-28,Sugar,57,94
2023-05-28,Tea,19,30
2023-05-28,Oil,26,53
2023-05-28,Biscuits,71,93
2023-05-28,Soap,39,66
2023-05-28,Shampoo,31,41
2023-05-29,Rice,49,128
2023-05-29,Wheat,48,71
2023-05-29,Sugar,40,87
2023-05-29,Tea,19,25
2023-05-29,Oil,22,52
2023-05-29,Biscuits,65,193
2023-05-29,Soap,34,101
2023-05-29,Shampoo,28,59
2023-05-30,Rice,50,125
2023-05-30,Wheat,45,62
2023-05-30,Sugar,38,60
2023-05-30,Tea,18,41
2023-05-30,Oil,18,23
2023-05-30,Biscuits,62,123
2023-05-30,Soap,30,80
2023-05-30,Shampoo,26,66
2023-05-31,Rice,48,96
2023-05-31,Wheat,50,144
2023-05-31,Sugar,35,92
2023-05-31,Tea,14,22
2023-05-31,Oil,22,49
2023-05-31,Biscuits,56,76
2023-05-31,Soap,34,51
2023-05-31,Shampoo,35,95
2023-06-01,Rice,59,164
2023-06-01,Wheat,52,87
2023-06-01,Sugar,39,68
2023-06-01,Tea,17,45
2023-06-01,Oil,21,45
2023-06-01,Biscuits,62,78
2023-06-01,Soap,35,68
2023-06-01,Shampoo,24,33
2023-06-02,Rice,52,146
2023-06-02,Wheat,46,86
2023-06-02,Sugar,46,79
2023-06-02,Tea,16,20
2023-06-02,Oil,21,53
2023-06-02,Biscuits,60,132
2023-06-02,Soap,31,86
2023-06-02,Shampoo,24,66
2023-06-03,Rice,62,146
2023-06-03,Wheat,51,109
2023-06-03,Sugar,51,135
2023-06-03,Tea,21,40
2023-06-03,Oil,25,46
2023-06-03,Biscuits,92,243
2023-06-03,Soap,44,109
2023-06-03,Shampoo,31,50
2023-06-04,Rice,55,121
2023-06-04,Wheat,66,86
2023-06-04,Sugar,37,89
2023-06-04,Tea,20,50
2023-06-04,Oil,25,36
2023-06-04,Biscuits,88,177
2023-06-04,Soap,40,88
2023-06-04,Shampoo,41,79
2023-06-05,Rice,63,126
2023-06-05,Wheat,50,103
2023-06-05,Sugar,41,66
2023-06-05,Tea,17,30
2023-06-05,Oil,20,36
2023-06-05,Biscuits,74,202
2023-06-05,Soap,33,82
2023-06-05,Shampoo,25,71
2023-06-06,Rice,51,122
2023-06-06,Wheat,56,119
2023-06-06,Sugar,39,91
2023-06-06,Tea,19,34
2023-06-06,Oil,20,33
2023-06-06,Biscuits,61,74
2023-06-06,Soap,25,39
2023-06-06,Shampoo,25,63
2023-06-07,Rice,48,124
2023-06-07,Wheat,42,100
2023-06-07,Sugar,48,77
2023-06-07,Tea,16,39
2023-06-07,Oil,22,57
2023-06-07,Biscuits,67,189
2023-06-07,Soap,27,76
2023-06-07,Shampoo,25,30
2023-06-08,Rice,47,117
2023-06-08,Wheat,52,118
2023-06-08,Sugar,41,113
2023-06-08,Tea,16,38
2023-06-08,Oil,21,33
2023-06-08,Biscuits,56,72
2023-06-08,Soap,33,47
2023-06-08,Shampoo,24,41
2023-06-09,Rice,53,67
2023-06-09,Wheat,44,99
2023-06-09,Sugar,42,51
2023-06-09,Tea,16,30
2023-06-09,Oil,21,61
2023-06-09,Biscuits,68,125
2023-06-09,Soap,38,54
2023-06-09,Shampoo,33,40
2023-06-10,Rice,64,171
2023-06-10,Wheat,58,159
2023-06-10,Sugar,55,108
2023-06-10,Tea,21,47
2023-06-10,Oil,25,55
2023-06-10,Biscuits,80,222
2023-06-10,Soap,35,96
2023-06-10,Shampoo,35,66
2023-06-11,Rice,56,84
2023-06-11,Wheat,59,76
2023-06-11,Sugar,45,79
2023-06-11,Tea,16,42
2023-06-11,Oil,24,58
2023-06-11,Biscuits,79,160
2023-06-11,Soap,34,68
2023-06-11,Shampoo,33,56
2023-06-12,Rice,54,121
2023-06-12,Wheat,55,92
2023-06-12,Sugar,47,103
2023-06-12,Tea,15,28
2023-06-12,Oil,21,33
2023-06-12,Biscuits,63,170
2023-06-12,Soap,35,85
2023-06-12,Shampoo,27,44
2023-06-13,Rice,54,79
2023-06-13,Wheat,39,64
2023-06-13,Sugar,39,81
2023-06-13,Tea,15,22
2023-06-13,Oil,22,42
2023-06-13,Biscuits,68,97
2023-06-13,Soap,33,59
2023-06-13,Shampoo,30,50
2023-06-14,Rice,48,85
2023-06-14,Wheat,58,69
2023-06-14,Sugar,41,86
2023-06-14,Tea,17,44
2023-06-14,Oil,22,30
2023-06-14,Biscuits,61,79
2023-06-14,Soap,33,84
2023-06-14,Shampoo,22,39
2023-06-15,Rice,57,79
2023-06-15,Wheat,43,125
2023-06-15,Sugar,56,67
2023-06-15,Tea,15,30
2023-06-15,Oil,24,36
2023-06-15,Biscuits,51,119
2023-06-15,Soap,37,49
2023-06-15,Shampoo,25,32
2023-06-16,Rice,57,93
2023-06-16,Wheat,48,66
2023-06-16,Sugar,36,100
2023-06-16,Tea,16,25
2023-06-16,Oil,20,24
2023-06-16,Biscuits,64,176
2023-06-16,Soap,31,76
2023-06-16,Shampoo,26,35
2023-06-17,Rice,62,178
2023-06-17,Wheat,64,187
2023-06-17,Sugar,46,136
2023-06-17,Tea,21,50
2023-06-17,Oil,28,73
2023-06-17,Biscuits,84,184
2023-06-17,Soap,36,84
2023-06-17,Shampoo,33,71
2023-06-18,Rice,69,97
2023-06-18,Wheat,58,125
2023-06-18,Sugar,56,119
2023-06-18,Tea,18,35
2023-06-18,Oil,20,34
2023-06-18,Biscuits,88,110
2023-06-18,Soap,39,65
2023-06-18,Shampoo,31,39
2023-06-19,Rice,57,125
2023-06-19,Wheat,54,77
2023-06-19,Sugar,40,53
2023-06-19,Tea,14,33
2023-06-19,Oil,21,49
2023-06-19,Biscuits,62,162
2023-06-19,Soap,36,103
2023-06-19,Shampoo,31,41
2023-06-20,Rice,56,97
2023-06-20,Wheat,40,76
2023-06-20,Sugar,42,97
2023-06-20,Tea,11,15
2023-06-20,Oil,17,31
2023-06-20,Biscuits,58,167
2023-06-20,Soap,35,72
2023-06-20,Shampoo,26,32
2023-06-21,Rice,49,116
2023-06-21,Wheat,39,58
2023-06-21,Sugar,43,94
2023-06-21,Tea,16,37
2023-06-21,Oil,18,36
2023-06-21,Biscuits,63,89
2023-06-21,Soap,34,46
2023-06-21,Shampoo,22,47
2023-06-22,Rice,63,87
2023-06-22,Wheat,55,132
2023-06-22,Sugar,41,96
2023-06-22,Tea,17,36
2023-06-22,Oil,21,26
2023-06-22,Biscuits,71,187
2023-06-22,Soap,27,32
2023-06-22,Shampoo,25,71
2023-06-23,Rice,56,144
2023-06-23,Wheat,54,70
2023-06-23,Sugar,38,88
2023-06-23,Tea,19,40
2023-06-23,Oil,23,55
2023-06-23,Biscuits,68,200
2023-06-23,Soap,31,43
2023-06-23,Shampoo,30,73
2023-06-24,Rice,57,136
2023-06-24,Wheat,63,104
2023-06-24,Sugar,56,163
2023-06-24,Tea,18,39
2023-06-24,Oil,24,36
2023-06-24,Biscuits,73,134
2023-06-24,Soap,39,70
2023-06-24,Shampoo,28,47
2023-06-25,Rice,66,171
2023-06-25,Wheat,50,62
2023-06-25,Sugar,56,107
2023-06-25,Tea,20,53
2023-06-25,Oil,27,33
2023-06-25,Biscuits,70,161
2023-06-25,Soap,37,91
2023-06-25,Shampoo,34,65
2023-06-26,Rice,53,108
2023-06-26,Wheat,37,68
2023-06-26,Sugar,50,144
2023-06-26,Tea,14,39
2023-06-26,Oil,26,51
2023-06-26,Biscuits,56,127
2023-06-26,Soap,29,77
2023-06-26,Shampoo,23,48
2023-06-27,Rice,59,138
2023-06-27,Wheat,51,119
2023-06-27,Sugar,48,64
2023-06-27,Tea,16,40
2023-06-27,Oil,22,62
2023-06-27,Biscuits,61,137
2023-06-27,Soap,33,74
2023-06-27,Shampoo,31,61
2023-06-28,Rice,48,68
2023-06-28,Wheat,47,108
2023-06-28,Sugar,44,73
2023-06-28,Tea,19,36
2023-06-28,Oil,22,42
2023-06-28,Biscuits,68,172
2023-06-28,Soap,34,45
2023-06-28,Shampoo,23,51
2023-06-29,Rice,50,134
2023-06-29,Wheat,42,63
2023-06-29,Sugar,39,101
2023-06-29,Tea,17,33
2023-06-29,Oil,22,44
2023-06-29,Biscuits,72,165
2023-06-29,Soap,31,81
2023-06-29,Shampoo,24,51
2023-06-30,Rice,51,64
2023-06-30,Wheat,50,132
2023-06-30,Sugar,41,87
2023-06-30,Tea,15,20
2023-06-30,Oil,23,45
2023-06-30,Biscuits,62,185
2023-06-30,Soap,34,63
2023-06-30,Shampoo,25,67
2023-07-01,Rice,76,157
2023-07-01,Wheat,55,75
2023-07-01,Sugar,58,78
2023-07-01,Tea,20,26
2023-07-01,Oil,29,60
2023-07-01,Biscuits,83,140
2023-07-01,Soap,32,87
2023-07-01,Shampoo,29,51
2023-07-02,Rice,65,96
2023-07-02,Wheat,57,116
2023-07-02,Sugar,53,129
2023-07-02,Tea,16,24
2023-07-02,Oil,28,38
2023-07-02,Biscuits,83,224
2023-07-02,Soap,40,106
2023-07-02,Shampoo,42,120
2023-07-03,Rice,60,110
2023-07-03,Wheat,52,117
2023-07-03,Sugar,34,73
2023-07-03,Tea,17,29
2023-07-03,Oil,20,43
2023-07-03,Biscuits,65,144
2023-07-03,Soap,29,45
2023-07-03,Shampoo,29,61
2023-07-04,Rice,61,121
2023-07-04,Wheat,44,72
2023-07-04,Sugar,42,107
2023-07-04,Tea,16,34
2023-07-04,Oil,19,51
2023-07-04,Biscuits,59,134
2023-07-04,Soap,34,45
2023-07-04,Shampoo,26,44
2023-07-05,Rice,50,73
2023-07-05,Wheat,43,56
2023-07-05,Sugar,46,89
2023-07-05,Tea,15,21
2023-07-05,Oil,22,38
2023-07-05,Biscuits,65,176
2023-07-05,Soap,28,81
2023-07-05,Shampoo,31,42
2023-07-06,Rice,57,116
2023-07-06,Wheat,50,124
2023-07-06,Sugar,36,48
2023-07-06,Tea,21,57
2023-07-06,Oil,22,55
2023-07-06,Biscuits,69,162
2023-07-06,Soap,35,103
2023-07-06,Shampoo,26,44
2023-07-07,Rice,48,66
2023-07-07,Wheat,41,62
2023-07-07,Sugar,41,71
2023-07-07,Tea,16,43
2023-07-07,Oil,22,63
2023-07-07,Biscuits,57,138
2023-07-07,Soap,24,28
2023-07-07,Shampoo,27,38
2023-07-08,Rice,69,150
2023-07-08,Wheat,60,150
2023-07-08,Sugar,56,91
2023-07-08,Tea,18,32
2023-07-08,Oil,22,56
2023-07-08,Biscuits,84,148
2023-07-08,Soap,44,81
2023-07-08,Shampoo,31,64
2023-07-09,Rice,66,101
2023-07-09,Wheat,57,149
2023-07-09,Sugar,48,130
2023-07-09,Tea,18,53
2023-07-09,Oil,24,63
2023-07-09,Biscuits,84,115
2023-07-09,Soap,41,60
2023-07-09,Shampoo,34,93
2023-07-10,Rice,59,156
2023-07-10,Wheat,55,89
2023-07-10,Sugar,38,111
2023-07-10,Tea,15,37
2023-07-10,Oil,20,59
2023-07-10,Biscuits,71,151
2023-07-10,Soap,33,50
2023-07-10,Shampoo,22,35
2023-07-11,Rice,49,101
2023-07-11,Wheat,57,72
2023-07-11,Sugar,43,62
2023-07-11,Tea,14,37
2023-07-11,Oil,19,38
2023-07-11,Biscuits,79,148
2023-07-11,Soap,32,47
2023-07-11,Shampoo,26,51
2023-07-12,Rice,66,83
2023-07-12,Wheat,51,132
2023-07-12,Sugar,47,116
2023-07-12,Tea,17,48
2023-07-12,Oil,22,57
2023-07-12,Biscuits,66,160
2023-07-12,Soap,36,53
2023-07-12,Shampoo,30,39
2023-07-13,Rice,68,105
2023-07-13,Wheat,59,99
2023-07-13,Sugar,45,77
2023-07-13,Tea,17,35
2023-07-13,Oil,20,58
2023-07-13,Biscuits,58,139
2023-07-13,Soap,32,86
2023-07-13,Shampoo,28,50
2023-07-14,Rice,60,178
2023-07-14,Wheat,46,126
2023-07-14,Sugar,44,73
2023-07-14,Tea,16,23
2023-07-14,Oil,21,36
2023-07-14,Biscuits,69,137
2023-07-14,Soap,26,69
2023-07-14,Shampoo,26,70
2023-07-15,Rice,72,181
2023-07-15,Wheat,50,87
2023-07-15,Sugar,48,80
2023-07-15,Tea,17,36
2023-07-15,Oil,30,77
2023-07-15,Biscuits,68,130
2023-07-15,Soap,30,38
2023-07-15,Shampoo,31,63
2023-07-16,Rice,61,74
2023-07-16,Wheat,48,100
2023-07-16,Sugar,48,121
2023-07-16,Tea,21,57
2023-07-16,Oil,27,66
2023-07-16,Biscuits,81,132
2023-07-16,Soap,30,87
2023-07-16,Shampoo,24,42
2023-07-17,Rice,52,124
2023-07-17,Wheat,49,93
2023-07-17,Sugar,34,93
2023-07-17,Tea,17,38
2023-07-17,Oil,19,48
2023-07-17,Biscuits,78,134
2023-07-17,Soap,29,85
2023-07-17,Shampoo,31,90
2023-07-18,Rice,51,93
2023-07-18,Wheat,56,88
2023-07-18,Sugar,44,52
2023-07-18,Tea,17,33
2023-07-18,Oil,23,30
2023-07-18,Biscuits,64,133
2023-07-18,Soap,30,75
2023-07-18,Shampoo,25,44
2023-07-19,Rice,52,138
2023-07-19,Wheat,47,97
2023-07-19,Sugar,41,77
2023-07-19,Tea,16,19
2023-07-19,Oil,18,49
2023-07-19,Biscuits,59,120
2023-07-19,Soap,32,80
2023-07-19,Shampoo,25,53
2023-07-20,Rice,56,154
2023-07-20,Wheat,53,114
2023-07-20,Sugar,43,93
2023-07-20,Tea,18,50
2023-07-20,Oil,21,49
2023-07-20,Biscuits,74,108
2023-07-20,Soap,35,61
2023-07-20,Shampoo,24,62
2023-07-21,Rice,51,111
2023-07-21,Wheat,45,111
2023-07-21,Sugar,43,126
2023-07-21,Tea,14,21
2023-07-21,Oil,19,37
2023-07-21,Biscuits,59,112
2023-07-21,Soap,29,76
2023-07-21,Shampoo,24,66
2023-07-22,Rice,53,133
2023-07-22,Wheat,64,103
2023-07-22,Sugar,56,162
2023-07-22,Tea,18,25
2023-07-22,Oil,27,41
2023-07-22,Biscuits,85,219
2023-07-22,Soap,31,54
2023-07-22,Shampoo,32,49
2023-07-23,Rice,64,86
2023-07-23,Wheat,50,146
2023-07-23,Sugar,49,102
2023-07-23,Tea,18,45
2023-07-23,Oil,29,56
2023-07-23,Biscuits,73,211
2023-07-23,Soap,36,83
2023-07-23,Shampoo,32,58
2023-07-24,Rice,54,143
2023-07-24,Wheat,48,83
2023-07-24,Sugar,40,87
2023-07-24,Tea,14,32
2023-07-24,Oil,25,57
2023-07-24,Biscuits,74,191
2023-07-24,Soap,31,68
2023-07-24,Shampoo,31,55
2023-07-25,Rice,48,102
2023-07-25,Wheat,48,63
2023-07-25,Sugar,45,121
2023-07-25,Tea,18,36
2023-07-25,Oil,23,42
2023-07-25,Biscuits,67,133
2023-07-25,Soap,34,69
2023-07-25,Shampoo,25,73
2023-07-26,Rice,52,62
2023-07-26,Wheat,51,71
2023-07-26,Sugar,43,113
2023-07-26,Tea,15,35
2023-07-26,Oil,20,35
2023-07-26,Biscuits,62,89
2023-07-26,Soap,34,55
2023-07-26,Shampoo,34,65
2023-07-27,Rice,59,75
2023-07-27,Wheat,53,118
2023-07-27,Sugar,43,87
2023-07-27,Tea,16,25
2023-07-27,Oil,21,46
2023-07-27,Biscuits,59,129
2023-07-27,Soap,34,50
2023-07-27,Shampoo,28,61
2023-07-28,Rice,57,103
2023-07-28,Wheat,50,62
2023-07-28,Sugar,42,66
2023-07-28,Tea,16,30
2023-07-28,Oil,25,73
2023-07-28,Biscuits,72,150
2023-07-28,Soap,31,85
2023-07-28,Shampoo,26,52
2023-07-29,Rice,69,166
2023-07-29,Wheat,53,157
2023-07-29,Sugar,45,132
2023-07-29,Tea,21,39
2023-07-29,Oil,21,41
2023-07-29,Biscuits,71,200
2023-07-29,Soap,34,65
2023-07-29,Shampoo,29,42
2023-07-30,Rice,64,82
2023-07-30,Wheat,54,140
2023-07-30,Sugar,54,102
2023-07-30,Tea,22,52
2023-07-30,Oil,29,60
2023-07-30,Biscuits,71,155
2023-07-30,Soap,48,137
2023-07-30,Shampoo,28,80
2023-07-31,Rice,63,105
2023-07-31,Wheat,50,96
2023-07-31,Sugar,46,100
2023-07-31,Tea,13,26
2023-07-31,Oil,23,66
2023-07-31,Biscuits,63,188
2023-07-31,Soap,38,65
2023-07-31,Shampoo,26,44
2023-08-01,Rice,56,102
2023-08-01,Wheat,50,112
2023-08-01,Sugar,49,122
2023-08-01,Tea,17,26
2023-08-01,Oil,25,57
2023-08-01,Biscuits,73,201
2023-08-01,Soap,26,43
2023-08-01,Shampoo,23,34
2023-08-02,Rice,58,173
2023-08-02,Wheat,51,76
2023-08-02,Sugar,51,128
2023-08-02,Tea,17,37
2023-08-02,Oil,21,58
2023-08-02,Biscuits,56,132
2023-08-02,Soap,34,101
2023-08-02,Shampoo,29,55
2023-08-03,Rice,53,137
2023-08-03,Wheat,58,102
2023-08-03,Sugar,47,70
2023-08-03,Tea,17,20
2023-08-03,Oil,24,37
2023-08-03,Biscuits,76,142
2023-08-03,Soap,32,60
2023-08-03,Shampoo,29,58
2023-08-04,Rice,59,169
2023-08-04,Wheat,49,126
2023-08-04,Sugar,43,74
2023-08-04,Tea,17,29
2023-08-04,Oil,22,51
2023-08-04,Biscuits,70,126
2023-08-04,Soap,31,59
2023-08-04,Shampoo,27,40
2023-08-05,Rice,65,128
2023-08-05,Wheat,55,114
2023-08-05,Sugar,48,92
2023-08-05,Tea,20,42
2023-08-05,Oil,29,71
2023-08-05,Biscuits,67,158
2023-08-05,Soap,39,92
2023-08-05,Shampoo,31,72
2023-08-06,Rice,64,114
2023-08-06,Wheat,60,133
2023-08-06,Sugar,44,114
2023-08-06,Tea,18,40
2023-08-06,Oil,27,43
2023-08-06,Biscuits,81,139
2023-08-06,Soap,39,88
2023-08-06,Shampoo,35,74
2023-08-07,Rice,62,80
2023-08-07,Wheat,45,94
2023-08-07,Sugar,41,118
2023-08-07,Tea,19,50
2023-08-07,Oil,21,44
2023-08-07,Biscuits,72,178
2023-08-07,Soap,33,70
2023-08-07,Shampoo,25,74
2023-08-08,Rice,52,66
2023-08-08,Wheat,55,98
2023-08-08,Sugar,40,77
2023-08-08,Tea,17,25
2023-08-08,Oil,21,53
2023-08-08,Biscuits,65,153
2023-08-08,Soap,34,70
2023-08-08,Shampoo,25,52
2023-08-09,Rice,55,90
2023-08-09,Wheat,49,129
2023-08-09,Sugar,42,79
2023-08-09,Tea,16,44
2023-08-09,Oil,21,47
2023-08-09,Biscuits,58,147
2023-08-09,Soap,36,102
2023-08-09,Shampoo,31,40
2023-08-10,Rice,60,88
2023-08-10,Wheat,52,111
2023-08-10,Sugar,51,137
2023-08-10,Tea,15,23
2023-08-10,Oil,22,44
2023-08-10,Biscuits,68,190
2023-08-10,Soap,29,39
2023-08-10,Shampoo,29,64
2023-08-11,Rice,49,98
2023-08-11,Wheat,52,130
2023-08-11,Sugar,42,125
2023-08-11,Tea,15,29
2023-08-11,Oil,20,24
2023-08-11,Biscuits,60,173
2023-08-11,Soap,32,61
2023-08-11,Shampoo,32,46
2023-08-12,Rice,76,218
2023-08-12,Wheat,59,131
2023-08-12,Sugar,49,94
2023-08-12,Tea,20,54
2023-08-12,Oil,31,67
2023-08-12,Biscuits,84,114
2023-08-12,Soap,44,113
2023-08-12,Shampoo,24,45
2023-08-13,Rice,64,118
2023-08-13,Wheat,59,124
2023-08-13,Sugar,56,152
2023-08-13,Tea,19,39
2023-08-13,Oil,25,59
2023-08-13,Biscuits,75,205
2023-08-13,Soap,41,111
2023-08-13,Shampoo,37,79
2023-08-14,Rice,49,59
2023-08-14,Wheat,48,106
2023-08-14,Sugar,52,89
2023-08-14,Tea,15,22
2023-08-14,Oil,21,61
2023-08-14,Biscuits,60,143
2023-08-14,Soap,29,59
2023-08-14,Shampoo,31,88
2023-08-15,Rice,55,164
2023-08-15,Wheat,47,67
2023-08-15,Sugar,38,80
2023-08-15,Tea,15,37
2023-08-15,Oil,22,38
2023-08-15,Biscuits,65,188
2023-08-15,Soap,37,100
2023-08-15,Shampoo,24,63
2023-08-16,Rice,57,116
2023-08-16,Wheat,49,135
2023-08-16,Sugar,40,85
2023-08-16,Tea,16,22
2023-08-16,Oil,22,32
2023-08-16,Biscuits,71,97
2023-08-16,Soap,30,41
2023-08-16,Shampoo,30,54
2023-08-17,Rice,54,93
2023-08-17,Wheat,53,111
2023-08-17,Sugar,39,54
2023-08-17,Tea,18,23
2023-08-17,Oil,23,46
2023-08-17,Biscuits,74,195
2023-08-17,Soap,30,73
2023-08-17,Shampoo,29,51
2023-08-18,Rice,55,66
2023-08-18,Wheat,48,101
2023-08-18,Sugar,44,128
2023-08-18,Tea,15,21
2023-08-18,Oil,24,34
2023-08-18,Biscuits,52,64
2023-08-18,Soap,36,71
2023-08-18,Shampoo,32,91
2023-08-19,Rice,67,186
2023-08-19,Wheat,57,101
2023-08-19,Sugar,61,142
2023-08-19,Tea,18,39
2023-08-19,Oil,25,34
2023-08-19,Biscuits,65,90
2023-08-19,Soap,35,73
2023-08-19,Shampoo,31,60
2023-08-20,Rice,66,134
2023-08-20,Wheat,51,88
2023-08-20,Sugar,51,74
2023-08-20,Tea,19,33
2023-08-20,Oil,25,67
2023-08-20,Biscuits,104,134
2023-08-20,Soap,40,62
2023-08-20,Shampoo,31,78
2023-08-21,Rice,53,98
2023-08-21,Wheat,43,126
2023-08-21,Sugar,38,84
2023-08-21,Tea,17,39
2023-08-21,Oil,21,41
2023-08-21,Biscuits,80,104
2023-08-21,Soap,31,39
2023-08-21,Shampoo,30,85
2023-08-22,Rice,65,167
2023-08-22,Wheat,46,107
2023-08-22,Sugar,44,88
2023-08-22,Tea,16,28
2023-08-22,Oil,23,37
2023-08-22,Biscuits,59,77
2023-08-22,Soap,31,73
2023-08-22,Shampoo,28,43
2023-08-23,Rice,57,113
2023-08-23,Wheat,45,76
2023-08-23,Sugar,46,112
2023-08-23,Tea,15,24
2023-08-23,Oil,21,43
2023-08-23,Biscuits,60,171
2023-08-23,Soap,34,55
2023-08-23,Shampoo,18,23
2023-08-24,Rice,60,96
2023-08-24,Wheat,50,131
2023-08-24,Sugar,51,109
2023-08-24,Tea,15,37
2023-08-24,Oil,21,31
2023-08-24,Biscuits,63,133
2023-08-24,Soap,30,54
2023-08-24,Shampoo,26,77
2023-08-25,Rice,57,118
2023-08-25,Wheat,46,67
2023-08-25,Sugar,41,84
2023-08-25,Tea,17,45
2023-08-25,Oil,20,35
2023-08-25,Biscuits,72,173
2023-08-25,Soap,34,66
2023-08-25,Shampoo,25,74
2023-08-26,Rice,69,132
2023-08-26,Wheat,59,165
2023-08-26,Sugar,44,109
2023-08-26,Tea,19,44
2023-08-26,Oil,24,45
2023-08-26,Biscuits,83,172
2023-08-26,Soap,38,85
2023-08-26,Shampoo,31,53
2023-08-27,Rice,73,200
2023-08-27,Wheat,53,67
2023-08-27,Sugar,55,160
2023-08-27,Tea,18,27
2023-08-27,Oil,27,65
2023-08-27,Biscuits,89,123
2023-08-27,Soap,39,107
2023-08-27,Shampoo,35,86
2023-08-28,Rice,55,73
2023-08-28,Wheat,44,81
2023-08-28,Sugar,44,92
2023-08-28,Tea,16,27
2023-08-28,Oil,20,38
2023-08-28,Biscuits,66,193
2023-08-28,Soap,31,55
2023-08-28,Shampoo,27,56
2023-08-29,Rice,57,105
2023-08-29,Wheat,53,99
2023-08-29,Sugar,38,108
2023-08-29,Tea,17,29
2023-08-29,Oil,19,46
2023-08-29,Biscuits,69,180
2023-08-29,Soap,34,90
2023-08-29,Shampoo,26,39
2023-08-30,Rice,51,103
2023-08-30,Wheat,43,113
2023-08-30,Sugar,36,73
2023-08-30,Tea,12,24
2023-08-30,Oil,17,31
2023-08-30,Biscuits,69,183
2023-08-30,Soap,29,39
2023-08-30,Shampoo,29,51
2023-08-31,Rice,59,135
2023-08-31,Wheat,56,70
2023-08-31,Sugar,48,120
2023-08-31,Tea,16,31
2023-08-31,Oil,21,35
2023-08-31,Biscuits,57,82
2023-08-31,Soap,35,52
2023-08-31,Shampoo,28,78
2023-09-01,Rice,52,122
2023-09-01,Wheat,51,72
2023-09-01,Sugar,33,48
2023-09-01,Tea,16,41
2023-09-01,Oil,19,34
2023-09-01,Biscuits,68,122
2023-09-01,Soap,31,91
2023-09-01,Shampoo,27,51
2023-09-02,Rice,63,173
2023-09-02,Wheat,60,167
2023-09-02,Sugar,56,167
2023-09-02,Tea,22,33
2023-09-02,Oil,25,68
2023-09-02,Biscuits,82,116
2023-09-02,Soap,40,103
2023-09-02,Shampoo,33,62
2023-09-03,Rice,64,132
2023-09-03,Wheat,43,58
2023-09-03,Sugar,50,95
2023-09-03,Tea,20,50
2023-09-03,Oil,29,85
2023-09-03,Biscuits,81,217
2023-09-03,Soap,35,68
2023-09-03,Shampoo,31,54
2023-09-04,Rice,57,120
2023-09-04,Wheat,47,134
2023-09-04,Sugar,39,111
2023-09-04,Tea,17,44
2023-09-04,Oil,21,38
2023-09-04,Biscuits,68,105
2023-09-04,Soap,26,31
2023-09-04,Shampoo,27,80
2023-09-05,Rice,62,158
2023-09-05,Wheat,53,146
2023-09-05,Sugar,47,105
2023-09-05,Tea,16,27
2023-09-05,Oil,20,31
2023-09-05,Biscuits,67,192
2023-09-05,Soap,38,102
2023-09-05,Shampoo,28,67
2023-09-06,Rice,61,89
2023-09-06,Wheat,46,120
2023-09-06,Sugar,47,90
2023-09-06,Tea,14,38
2023-09-06,Oil,18,29
2023-09-06,Biscuits,74,156
2023-09-06,Soap,32,54
2023-09-06,Shampoo,29,55
2023-09-07,Rice,59,149
2023-09-07,Wheat,36,45
2023-09-07,Sugar,41,85
2023-09-07,Tea,17,28
2023-09-07,Oil,20,59
2023-09-07,Biscuits,63,188
2023-09-07,Soap,36,73
2023-09-07,Shampoo,27,45
2023-09-08,Rice,59,166
2023-09-08,Wheat,50,83
2023-09-08,Sugar,44,63
2023-09-08,Tea,17,32
2023-09-08,Oil,17,44
2023-09-08,Biscuits,75,218
2023-09-08,Soap,35,70
2023-09-08,Shampoo,27,37
2023-09-09,Rice,69,176
2023-09-09,Wheat,59,160
2023-09-09,Sugar,56,131
2023-09-09,Tea,19,34
2023-09-09,Oil,23,60
2023-09-09,Biscuits,85,111
2023-09-09,Soap,40,70
2023-09-09,Shampoo,29,51
2023-09-10,Rice,71,145
2023-09-10,Wheat,57,122
2023-09-10,Sugar,52,96
2023-09-10,Tea,18,45
2023-09-10,Oil,26,72
2023-09-10,Biscuits,80,186
2023-09-10,Soap,41,79
2023-09-10,Shampoo,32,70
2023-09-11,Rice,51,77
2023-09-11,Wheat,44,99
2023-09-11,Sugar,47,57
2023-09-11,Tea,16,43
2023-09-11,Oil,24,58
2023-09-11,Biscuits,68,118
2023-09-11,Soap,29,80
2023-09-11,Shampoo,33,41
2023-09-12,Rice,51,148
2023-09-12,Wheat,45,127
2023-09-12,Sugar,47,101
2023-09-12,Tea,17,35
2023-09-12,Oil,20,43
2023-09-12,Biscuits,67,115
2023-09-12,Soap,38,77
2023-09-12,Shampoo,30,54
2023-09-13,Rice,55,128
2023-09-13,Wheat,41,74
2023-09-13,Sugar,47,68
2023-09-13,Tea,15,25
2023-09-13,Oil,22,29
2023-09-13,Biscuits,68,90
2023-09-13,Soap,33,49
2023-09-13,Shampoo,30,68
2023-09-14,Rice,48,104
2023-09-14,Wheat,53,148
2023-09-14,Sugar,38,66
2023-09-14,Tea,17,32
2023-09-14,Oil,21,60
2023-09-14,Biscuits,61,161
2023-09-14,Soap,36,83
2023-09-14,Shampoo,26,59
2023-09-15,Rice,61,107
2023-09-15,Wheat,49,106
2023-09-15,Sugar,36,91
2023-09-15,Tea,15,33
2023-09-15,Oil,21,36
2023-09-15,Biscuits,73,161
2023-09-15,Soap,30,70
2023-09-15,Shampoo,25,39
2023-09-16,Rice,62,135
2023-09-16,Wheat,59,94
2023-09-16,Sugar,56,78
2023-09-16,Tea,22,56
2023-09-16,Oil,23,57
2023-09-16,Biscuits,77,229
2023-09-16,Soap,40,117
2023-09-16,Shampoo,30,46
2023-09-17,Rice,67,179
2023-09-17,Wheat,64,117
2023-09-17,Sugar,52,85
2023-09-17,Tea,18,46
2023-09-17,Oil,25,32
2023-09-17,Biscuits,71,176
2023-09-17,Soap,44,118
2023-09-17,Shampoo,26,55
2023-09-18,Rice,53,88
2023-09-18,Wheat,56,165
2023-09-18,Sugar,49,106
2023-09-18,Tea,18,36
2023-09-18,Oil,23,29
2023-09-18,Biscuits,62,110
2023-09-18,Soap,29,48
2023-09-18,Shampoo,27,79
2023-09-19,Rice,55,154
2023-09-19,Wheat,46,93
2023-09-19,Sugar,40,71
2023-09-19,Tea,18,43
2023-09-19,Oil,14,36
2023-09-19,Biscuits,60,110
2023-09-19,Soap,35,60
2023-09-19,Shampoo,27,73
2023-09-20,Rice,54,118
2023-09-20,Wheat,49,73
2023-09-20,Sugar,45,124
2023-09-20,Tea,15,32
2023-09-20,Oil,19,47
2023-09-20,Biscuits,50,146
2023-09-20,Soap,34,59
2023-09-20,Shampoo,23,33
2023-09-21,Rice,53,97
2023-09-21,Wheat,44,129
2023-09-21,Sugar,37,79
2023-09-21,Tea,17,26
2023-09-21,Oil,21,39
2023-09-21,Biscuits,69,120
2023-09-21,Soap,31,75
2023-09-21,Shampoo,27,63
2023-09-22,Rice,58,78
2023-09-22,Wheat,49,115
2023-09-22,Sugar,41,69
2023-09-22,Tea,16,19
2023-09-22,Oil,22,47
2023-09-22,Biscuits,59,124
2023-09-22,Soap,38,74
2023-09-22,Shampoo,26,38
2023-09-23,Rice,62,125
2023-09-23,Wheat,62,102
2023-09-23,Sugar,50,148
2023-09-23,Tea,22,53
2023-09-23,Oil,28,66
2023-09-23,Biscuits,86,201
2023-09-23,Soap,36,69
2023-09-23,Shampoo,32,59
2023-09-24,Rice,68,196
2023-09-24,Wheat,58,107
2023-09-24,Sugar,56,90
2023-09-24,Tea,20,37
2023-09-24,Oil,25,49
2023-09-24,Biscuits,76,217
2023-09-24,Soap,39,67
2023-09-24,Shampoo,25,32
2023-09-25,Rice,63,104
2023-09-25,Wheat,54,139
2023-09-25,Sugar,47,62
2023-09-25,Tea,16,19
2023-09-25,Oil,18,35
2023-09-25,Biscuits,63,166
2023-09-25,Soap,29,60
2023-09-25,Shampoo,24,57
2023-09-26,Rice,53,154
2023-09-26,Wheat,40,86
2023-09-26,Sugar,49,109
2023-09-26,Tea,18,51
2023-09-26,Oil,24,35
2023-09-26,Biscuits,74,176
2023-09-26,Soap,36,103
2023-09-26,Shampoo,33,43
2023-09-27,Rice,46,65
2023-09-27,Wheat,37,64
2023-09-27,Sugar,43,94
2023-09-27,Tea,16,29
2023-09-27,Oil,23,38
2023-09-27,Biscuits,71,204
2023-09-27,Soap,33,62
2023-09-27,Shampoo,26,73
2023-09-28,Rice,51,150
2023-09-28,Wheat,54,95
2023-09-28,Sugar,39,61
2023-09-28,Tea,16,45
2023-09-28,Oil,23,43
2023-09-28,Biscuits,65,191
2023-09-28,Soap,37,57
2023-09-28,Shampoo,24,51
2023-09-29,Rice,65,151
2023-09-29,Wheat,47,107
2023-09-29,Sugar,42,80
2023-09-29,Tea,18,32
2023-09-29,Oil,21,47
2023-09-29,Biscuits,48,114
2023-09-29,Soap,38,65
2023-09-29,Shampoo,29,80
2023-09-30,Rice,64,187
2023-09-30,Wheat,65,181
2023-09-30,Sugar,54,133
2023-09-30,Tea,20,56
2023-09-30,Oil,25,72
2023-09-30,Biscuits,76,227
2023-09-30,Soap,34,66
2023-09-30,Shampoo,36,58
2023-10-01,Rice,72,189
2023-10-01,Wheat,56,157
2023-10-01,Sugar,56,138
2023-10-01,Tea,15,31
2023-10-01,Oil,32,42
2023-10-01,Biscuits,84,104
2023-10-01,Soap,41,89
2023-10-01,Shampoo,30,61
2023-10-02,Rice,61,95
2023-10-02,Wheat,43,67
2023-10-02,Sugar,42,71
2023-10-02,Tea,19,25
2023-10-02,Oil,22,47
2023-10-02,Biscuits,74,205
2023-10-02,Soap,35,72
2023-10-02,Shampoo,28,55
2023-10-03,Rice,63,184
2023-10-03,Wheat,53,74
2023-10-03,Sugar,50,87
2023-10-03,Tea,18,35
2023-10-03,Oil,18,53
2023-10-03,Biscuits,75,119
2023-10-03,Soap,39,111
2023-10-03,Shampoo,29,72
2023-10-04,Rice,54,102
2023-10-04,Wheat,44,117
2023-10-04,Sugar,49,114
2023-10-04,Tea,15,23
2023-10-04,Oil,25,33
2023-10-04,Biscuits,79,213
2023-10-04,Soap,32,46
2023-10-04,Shampoo,26,58
2023-10-05,Rice,52,115
2023-10-05,Wheat,51,104
2023-10-05,Sugar,36,80
2023-10-05,Tea,15,23
2023-10-05,Oil,21,55
2023-10-05,Biscuits,64,109
2023-10-05,Soap,31,42
2023-10-05,Shampoo,24,31
2023-10-06,Rice,54,146
2023-10-06,Wheat,54,105
2023-10-06,Sugar,44,84
2023-10-06,Tea,17,40
2023-10-06,Oil,23,46
2023-10-06,Biscuits,67,129
2023-10-06,Soap,35,57
2023-10-06,Shampoo,22,29
2023-10-07,Rice,68,198
2023-10-07,Wheat,61,101
2023-10-07,Sugar,45,54
2023-10-07,Tea,19,48
2023-10-07,Oil,26,45
2023-10-07,Biscuits,75,125
2023-10-07,Soap,41,91
2023-10-07,Shampoo,30,55
2023-10-08,Rice,81,197
2023-10-08,Wheat,48,69
2023-10-08,Sugar,47,84
2023-10-08,Tea,22,39
2023-10-08,Oil,23,30
2023-10-08,Biscuits,91,258
2023-10-08,Soap,40,90
2023-10-08,Shampoo,33,92
2023-10-09,Rice,57,131
2023-10-09,Wheat,53,102
2023-10-09,Sugar,44,71
2023-10-09,Tea,15,40
2023-10-09,Oil,21,50
2023-10-09,Biscuits,61,151
2023-10-09,Soap,32,78
2023-10-09,Shampoo,29,41
2023-10-10,Rice,57,162
2023-10-10,Wheat,50,127
2023-10-10,Sugar,55,132
2023-10-10,Tea,17,49
2023-10-10,Oil,24,47
2023-10-10,Biscuits,57,94
2023-10-10,Soap,34,57
2023-10-10,Shampoo,26,37
2023-10-11,Rice,60,167
2023-10-11,Wheat,52,64
2023-10-11,Sugar,52,72
2023-10-11,Tea,17,23
2023-10-11,Oil,21,58
2023-10-11,Biscuits,64,191
2023-10-11,Soap,34,84
2023-10-11,Shampoo,27,68
2023-10-12,Rice,61,137
2023-10-12,Wheat,51,99
2023-10-12,Sugar,49,97
2023-10-12,Tea,17,37
2023-10-12,Oil,22,61
2023-10-12,Biscuits,69,113
2023-10-12,Soap,32,73
2023-10-12,Shampoo,26,75
2023-10-13,Rice,53,102
2023-10-13,Wheat,52,141
2023-10-13,Sugar,42,118
2023-10-13,Tea,16,21
2023-10-13,Oil,21,45
2023-10-13,Biscuits,69,151
2023-10-13,Soap,32,48
2023-10-13,Shampoo,24,59
2023-10-14,Rice,69,202
2023-10-14,Wheat,51,137
2023-10-14,Sugar,54,108
2023-10-14,Tea,21,42
2023-10-14,Oil,26,49
2023-10-14,Biscuits,80,133
2023-10-14,Soap,38,89
2023-10-14,Shampoo,29,86
2023-10-15,Rice,63,79
2023-10-15,Wheat,60,115
2023-10-15,Sugar,47,112
2023-10-15,Tea,19,24
2023-10-15,Oil,26,42
2023-10-15,Biscuits,71,179
2023-10-15,Soap,41,108
2023-10-15,Shampoo,35,44
2023-10-16,Rice,63,179
2023-10-16,Wheat,44,94
2023-10-16,Sugar,44,61
2023-10-16,Tea,18,41
2023-10-16,Oil,26,70
2023-10-16,Biscuits,59,71
2023-10-16,Soap,30,40
2023-10-16,Shampoo,27,46
2023-10-17,Rice,80,116
2023-10-17,Wheat,71,203
2023-10-17,Sugar,61,123
2023-10-17,Tea,20,25
2023-10-17,Oil,35,90
2023-10-17,Biscuits,85,223
2023-10-17,Soap,53,137
2023-10-17,Shampoo,34,41
2023-10-18,Rice,88,202
2023-10-18,Wheat,76,188
2023-10-18,Sugar,66,101
2023-10-18,Tea,22,46
2023-10-18,Oil,36,58
2023-10-18,Biscuits,91,187
2023-10-18,Soap,57,69
2023-10-18,Shampoo,38,63
2023-10-19,Rice,90,145
2023-10-19,Wheat,78,99
2023-10-19,Sugar,59,92
2023-10-19,Tea,30,68
2023-10-19,Oil,26,35
2023-10-19,Biscuits,79,165
2023-10-19,Soap,56,136
2023-10-19,Shampoo,47,79
2023-10-20,Rice,84,177
2023-10-20,Wheat,77,187
2023-10-20,Sugar,54,146
2023-10-20,Tea,26,72
2023-10-20,Oil,32,78
2023-10-20,Biscuits,111,271
2023-10-20,Soap,52,72
2023-10-20,Shampoo,32,76
2023-10-21,Rice,102,297
2023-10-21,Wheat,89,255
2023-10-21,Sugar,75,167
2023-10-21,Tea,31,63
2023-10-21,Oil,37,59
2023-10-21,Biscuits,117,248
2023-10-21,Soap,55,123
2023-10-21,Shampoo,41,112
2023-10-22,Rice,106,223
2023-10-22,Wheat,83,183
2023-10-22,Sugar,82,240
2023-10-22,Tea,31,92
2023-10-22,Oil,35,86
2023-10-22,Biscuits,114,280
2023-10-22,Soap,53,86
2023-10-22,Shampoo,55,123
2023-10-23,Rice,89,255
2023-10-23,Wheat,75,223
2023-10-23,Sugar,71,87
2023-10-23,Tea,26,49
2023-10-23,Oil,32,80
2023-10-23,Biscuits,90,267
2023-10-23,Soap,61,97
2023-10-23,Shampoo,34,76
2023-10-24,Rice,78,122
2023-10-24,Wheat,73,183
2023-10-24,Sugar,74,139
2023-10-24,Tea,25,53
2023-10-24,Oil,33,57
2023-10-24,Biscuits,104,222
2023-10-24,Soap,52,88
2023-10-24,Shampoo,38,88
2023-10-25,Rice,86,148
2023-10-25,Wheat,83,224
2023-10-25,Sugar,67,123
2023-10-25,Tea,23,65
2023-10-25,Oil,38,91
2023-10-25,Biscuits,90,118
2023-10-25,Soap,48,108
2023-10-25,Shampoo,42,82
2023-10-26,Rice,66,190
2023-10-26,Wheat,76,167
2023-10-26,Sugar,60,91
2023-10-26,Tea,26,38
2023-10-26,Oil,33,44
2023-10-26,Biscuits,101,156
2023-10-26,Soap,48,108
2023-10-26,Shampoo,32,94
2023-10-27,Rice,78,109
2023-10-27,Wheat,80,176
2023-10-27,Sugar,76,99
2023-10-27,Tea,26,67
2023-10-27,Oil,35,88
2023-10-27,Biscuits,110,252
2023-10-27,Soap,43,111
2023-10-27,Shampoo,41,62
2023-10-28,Rice,106,199
2023-10-28,Wheat,91,156
2023-10-28,Sugar,91,133
2023-10-28,Tea,28,77
2023-10-28,Oil,40,101
2023-10-28,Biscuits,114,162
2023-10-28,Soap,59,164
2023-10-28,Shampoo,51,114
2023-10-29,Rice,100,206
2023-10-29,Wheat,102,180
2023-10-29,Sugar,74,176
2023-10-29,Tea,29,38
2023-10-29,Oil,37,47
2023-10-29,Biscuits,112,147
2023-10-29,Soap,50,110
2023-10-29,Shampoo,43,115
2023-10-30,Rice,75,178
2023-10-30,Wheat,72,104
2023-10-30,Sugar,56,129
2023-10-30,Tea,25,65
2023-10-30,Oil,34,61
2023-10-30,Biscuits,102,242
2023-10-30,Soap,49,102
2023-10-30,Shampoo,34,90
2023-10-31,Rice,79,109
2023-10-31,Wheat,74,202
2023-10-31,Sugar,54,145
2023-10-31,Tea,25,63
2023-10-31,Oil,35,79
2023-10-31,Biscuits,109,204
2023-10-31,Soap,47,82
2023-10-31,Shampoo,39,87
2023-11-01,Rice,44,116
2023-11-01,Wheat,51,63
2023-11-01,Sugar,41,63
2023-11-01,Tea,15,37
2023-11-01,Oil,25,42
2023-11-01,Biscuits,73,209
2023-11-01,Soap,39,91
2023-11-01,Shampoo,27,67
2023-11-02,Rice,58,140
2023-11-02,Wheat,50,69
2023-11-02,Sugar,41,57
2023-11-02,Tea,18,23
2023-11-02,Oil,23,64
2023-11-02,Biscuits,68,121
2023-11-02,Soap,27,75
2023-11-02,Shampoo,25,69
2023-11-03,Rice,57,142
2023-11-03,Wheat,49,105
2023-11-03,Sugar,34,85
2023-11-03,Tea,17,31
2023-11-03,Oil,24,49
2023-11-03,Biscuits,55,159
2023-11-03,Soap,31,71
2023-11-03,Shampoo,32,67
2023-11-04,Rice,62,146
2023-11-04,Wheat,65,148
2023-11-04,Sugar,45,75
2023-11-04,Tea,23,34
2023-11-04,Oil,21,29
2023-11-04,Biscuits,73,148
2023-11-04,Soap,41,50
2023-11-04,Shampoo,41,56
2023-11-05,Rice,117,202
2023-11-05,Wheat,92,254
2023-11-05,Sugar,70,148
2023-11-05,Tea,29,65
2023-11-05,Oil,44,103
2023-11-05,Biscuits,124,186
2023-11-05,Soap,55,89
2023-11-05,Shampoo,51,83
2023-11-06,Rice,94,174
2023-11-06,Wheat,68,163
2023-11-06,Sugar,57,166
2023-11-06,Tea,28,73
2023-11-06,Oil,34,50
2023-11-06,Biscuits,109,296
2023-11-06,Soap,47,79
2023-11-06,Shampoo,38,49
2023-11-07,Rice,86,256
2023-11-07,Wheat,75,127
2023-11-07,Sugar,80,139
2023-11-07,Tea,23,52
2023-11-07,Oil,36,61
2023-11-07,Biscuits,103,126
2023-11-07,Soap,45,68
2023-11-07,Shampoo,35,79
2023-11-08,Rice,82,133
2023-11-08,Wheat,71,105
2023-11-08,Sugar,60,103
2023-11-08,Tea,22,64
2023-11-08,Oil,35,94
2023-11-08,Biscuits,108,266
2023-11-08,Soap,51,61
2023-11-08,Shampoo,45,95
2023-11-09,Rice,81,165
2023-11-09,Wheat,71,98
2023-11-09,Sugar,66,134
2023-11-09,Tea,23,61
2023-11-09,Oil,33,58
2023-11-09,Biscuits,102,241
2023-11-09,Soap,46,75
2023-11-09,Shampoo,40,80
2023-11-10,Rice,85,174
2023-11-10,Wheat,69,204
2023-11-10,Sugar,51,80
2023-11-10,Tea,22,61
2023-11-10,Oil,33,64
2023-11-10,Biscuits,111,139
2023-11-10,Soap,53,78
2023-11-10,Shampoo,41,61
2023-11-11,Rice,97,145
2023-11-11,Wheat,80,239
2023-11-11,Sugar,82,191
2023-11-11,Tea,35,49
2023-11-11,Oil,41,117
2023-11-11,Biscuits,122,344
2023-11-11,Soap,51,92
2023-11-11,Shampoo,53,134
2023-11-12,Rice,93,265
2023-11-12,Wheat,98,254
2023-11-12,Sugar,69,90
2023-11-12,Tea,24,70
2023-11-12,Oil,47,121
2023-11-12,Biscuits,113,214
2023-11-12,Soap,60,103
2023-11-12,Shampoo,43,61
2023-11-13,Rice,93,168
2023-11-13,Wheat,65,87
2023-11-13,Sugar,66,121
2023-11-13,Tea,22,35
2023-11-13,Oil,31,55
2023-11-13,Biscuits,117,198
2023-11-13,Soap,47,59
2023-11-13,Shampoo,43,104
2023-11-14,Rice,80,109
2023-11-14,Wheat,78,98
2023-11-14,Sugar,62,94
2023-11-14,Tea,27,33
2023-11-14,Oil,32,80
2023-11-14,Biscuits,72,190
2023-11-14,Soap,53,155
2023-11-14,Shampoo,45,100
2023-11-15,Rice,74,122
2023-11-15,Wheat,70,202
2023-11-15,Sugar,46,66
2023-11-15,Tea,27,74
2023-11-15,Oil,28,75
2023-11-15,Biscuits,95,150
2023-11-15,Soap,49,96
2023-11-15,Shampoo,52,135
2023-11-16,Rice,78,224
2023-11-16,Wheat,82,160
2023-11-16,Sugar,74,188
2023-11-16,Tea,26,39
2023-11-16,Oil,34,101
2023-11-16,Biscuits,100,260
2023-11-16,Soap,52,102
2023-11-16,Shampoo,32,60
2023-11-17,Rice,81,230
2023-11-17,Wheat,70,151
2023-11-17,Sugar,68,81
2023-11-17,Tea,24,67
2023-11-17,Oil,33,64
2023-11-17,Biscuits,96,155
2023-11-17,Soap,49,136
2023-11-17,Shampoo,45,86
2023-11-18,Rice,97,167
2023-11-18,Wheat,67,110
2023-11-18,Sugar,71,174
2023-11-18,Tea,31,49
2023-11-18,Oil,37,71
2023-11-18,Biscuits,101,213
2023-11-18,Soap,59,156
2023-11-18,Shampoo,57,113
2023-11-19,Rice,96,212
2023-11-19,Wheat,86,252
2023-11-19,Sugar,72,153
2023-11-19,Tea,29,42
2023-11-19,Oil,39,77
2023-11-19,Biscuits,108,320
2023-11-19,Soap,61,89
2023-11-19,Shampoo,50,109
2023-11-20,Rice,46,109
2023-11-20,Wheat,47,104
2023-11-20,Sugar,49,74
2023-11-20,Tea,15,41
2023-11-20,Oil,21,31
2023-11-20,Biscuits,66,172
2023-11-20,Soap,35,67
2023-11-20,Shampoo,27,66
2023-11-21,Rice,50,137
2023-11-21,Wheat,52,107
2023-11-21,Sugar,45,111
2023-11-21,Tea,15,38
2023-11-21,Oil,23,31
2023-11-21,Biscuits,70,128
2023-11-21,Soap,30,60
2023-11-21,Shampoo,29,74
2023-11-22,Rice,57,131
2023-11-22,Wheat,52,116
2023-11-22,Sugar,39,59
2023-11-22,Tea,15,36
2023-11-22,Oil,19,24
2023-11-22,Biscuits,68,139
2023-11-22,Soap,32,76
2023-11-22,Shampoo,30,67
2023-11-23,Rice,58,132
2023-11-23,Wheat,48,77
2023-11-23,Sugar,44,131
2023-11-23,Tea,16,45
2023-11-23,Oil,22,63
2023-11-23,Biscuits,59,98
2023-11-23,Soap,33,89
2023-11-23,Shampoo,19,48
2023-11-24,Rice,53,132
2023-11-24,Wheat,48,83
2023-11-24,Sugar,45,76
2023-11-24,Tea,17,28
2023-11-24,Oil,20,36
2023-11-24,Biscuits,69,91
2023-11-24,Soap,34,96
2023-11-24,Shampoo,27,43
2023-11-25,Rice,60,117
2023-11-25,Wheat,69,120
2023-11-25,Sugar,52,103
2023-11-25,Tea,24,69
2023-11-25,Oil,26,57
2023-11-25,Biscuits,82,190
2023-11-25,Soap,43,111
2023-11-25,Shampoo,34,93
2023-11-26,Rice,73,166
2023-11-26,Wheat,55,98
2023-11-26,Sugar,52,108
2023-11-26,Tea,21,57
2023-11-26,Oil,27,33
2023-11-26,Biscuits,70,91
2023-11-26,Soap,43,67
2023-11-26,Shampoo,28,39
2023-11-27,Rice,53,139
2023-11-27,Wheat,48,64
2023-11-27,Sugar,43,98
2023-11-27,Tea,14,31
2023-11-27,Oil,18,21
2023-11-27,Biscuits,63,154
2023-11-27,Soap,38,112
2023-11-27,Shampoo,33,72
2023-11-28,Rice,49,61
2023-11-28,Wheat,49,65
2023-11-28,Sugar,45,101
2023-11-28,Tea,17,47
2023-11-28,Oil,21,36
2023-11-28,Biscuits,68,142
2023-11-28,Soap,31,54
2023-11-28,Shampoo,28,47
2023-11-29,Rice,49,82
2023-11-29,Wheat,53,69
2023-11-29,Sugar,52,101
2023-11-29,Tea,12,22
2023-11-29,Oil,23,64
2023-11-29,Biscuits,58,157
2023-11-29,Soap,31,92
2023-11-29,Shampoo,30,85
2023-11-30,Rice,56,147
2023-11-30,Wheat,42,53
2023-11-30,Sugar,38,73
2023-11-30,Tea,19,32
2023-11-30,Oil,22,53
2023-11-30,Biscuits,65,194
2023-11-30,Soap,37,92
2023-11-30,Shampoo,25,59
2023-12-01,Rice,54,70
2023-12-01,Wheat,52,77
2023-12-01,Sugar,43,113
2023-12-01,Tea,17,25
2023-12-01,Oil,26,68
2023-12-01,Biscuits,65,125
2023-12-01,Soap,30,56
2023-12-01,Shampoo,25,48
2023-12-02,Rice,65,102
2023-12-02,Wheat,60,134
2023-12-02,Sugar,51,116
2023-12-02,Tea,19,43
2023-12-02,Oil,24,48
2023-12-02,Biscuits,93,122
2023-12-02,Soap,40,67
2023-12-02,Shampoo,33,47
2023-12-03,Rice,68,94
2023-12-03,Wheat,51,71
2023-12-03,Sugar,50,79
2023-12-03,Tea,16,22
2023-12-03,Oil,27,54
2023-12-03,Biscuits,78,200
2023-12-03,Soap,44,54
2023-12-03,Shampoo,36,61
2023-12-04,Rice,59,105
2023-12-04,Wheat,52,82
2023-12-04,Sugar,44,100
2023-12-04,Tea,16,22
2023-12-04,Oil,19,46
2023-12-04,Biscuits,65,96
2023-12-04,Soap,36,49
2023-12-04,Shampoo,22,65
2023-12-05,Rice,64,186
2023-12-05,Wheat,56,95
2023-12-05,Sugar,41,95
2023-12-05,Tea,15,42
2023-12-05,Oil,23,54
2023-12-05,Biscuits,64,81
2023-12-05,Soap,35,90
2023-12-05,Shampoo,29,61
2023-12-06,Rice,49,132
2023-12-06,Wheat,48,92
2023-12-06,Sugar,48,65
2023-12-06,Tea,15,37
2023-12-06,Oil,20,46
2023-12-06,Biscuits,67,167
2023-12-06,Soap,32,47
2023-12-06,Shampoo,26,69
2023-12-07,Rice,58,136
2023-12-07,Wheat,52,62
2023-12-07,Sugar,50,142
2023-12-07,Tea,16,47
2023-12-07,Oil,20,52
2023-12-07,Biscuits,73,188
2023-12-07,Soap,35,91
2023-12-07,Shampoo,28,63
2023-12-08,Rice,60,159
2023-12-08,Wheat,48,96
2023-12-08,Sugar,46,117
2023-12-08,Tea,19,37
2023-12-08,Oil,23,46
2023-12-08,Biscuits,67,169
2023-12-08,Soap,29,81
2023-12-08,Shampoo,28,35
2023-12-09,Rice,71,197
2023-12-09,Wheat,58,85
2023-12-09,Sugar,47,78
2023-12-09,Tea,21,62
2023-12-09,Oil,30,70
2023-12-09,Biscuits,84,149
2023-12-09,Soap,45,105
2023-12-09,Shampoo,31,71
2023-12-10,Rice,70,173
2023-12-10,Wheat,57,97
2023-12-10,Sugar,59,142
2023-12-10,Tea,20,28
2023-12-10,Oil,24,47
2023-12-10,Biscuits,84,157
2023-12-10,Soap,39,94
2023-12-10,Shampoo,34,59
2023-12-11,Rice,55,129
2023-12-11,Wheat,48,99
2023-12-11,Sugar,45,114
2023-12-11,Tea,14,32
2023-12-11,Oil,21,30
2023-12-11,Biscuits,55,162
2023-12-11,Soap,32,91
2023-12-11,Shampoo,28,73
2023-12-12,Rice,59,86
2023-12-12,Wheat,49,106
2023-12-12,Sugar,48,59
2023-12-12,Tea,18,39
2023-12-12,Oil,25,33
2023-12-12,Biscuits,72,169
2023-12-12,Soap,32,73
2023-12-12,Shampoo,29,52
2023-12-13,Rice,52,104
2023-12-13,Wheat,52,120
2023-12-13,Sugar,39,98
2023-12-13,Tea,13,35
2023-12-13,Oil,23,61
2023-12-13,Biscuits,71,91
2023-12-13,Soap,35,48
2023-12-13,Shampoo,27,35
2023-12-14,Rice,52,98
2023-12-14,Wheat,51,107
2023-12-14,Sugar,41,79
2023-12-14,Tea,15,20
2023-12-14,Oil,20,36
2023-12-14,Biscuits,67,88
2023-12-14,Soap,29,60
2023-12-14,Shampoo,26,61
2023-12-15,Rice,58,163
2023-12-15,Wheat,49,140
2023-12-15,Sugar,40,98
2023-12-15,Tea,12,34
2023-12-15,Oil,26,41
2023-12-15,Biscuits,65,124
2023-12-15,Soap,34,49
2023-12-15,Shampoo,29,35
2023-12-16,Rice,66,87
2023-12-16,Wheat,59,110
2023-12-16,Sugar,56,99
2023-12-16,Tea,17,25
2023-12-16,Oil,28,33
2023-12-16,Biscuits,90,241
2023-12-16,Soap,35,42
2023-12-16,Shampoo,32,85
2023-12-17,Rice,69,127
2023-12-17,Wheat,60,97
2023-12-17,Sugar,54,85
2023-12-17,Tea,17,22
2023-12-17,Oil,28,42
2023-12-17,Biscuits,94,250
2023-12-17,Soap,44,100
2023-12-17,Shampoo,29,83
2023-12-18,Rice,80,156
2023-12-18,Wheat,79,196
2023-12-18,Sugar,55,87
2023-12-18,Tea,27,39
2023-12-18,Oil,25,67
2023-12-18,Biscuits,102,248
2023-12-18,Soap,42,52
2023-12-18,Shampoo,42,65
2023-12-19,Rice,91,205
2023-12-19,Wheat,73,189
2023-12-19,Sugar,63,93
2023-12-19,Tea,23,44
2023-12-19,Oil,31,44
2023-12-19,Biscuits,112,312
2023-12-19,Soap,50,138
2023-12-19,Shampoo,42,81
2023-12-20,Rice,87,185
2023-12-20,Wheat,70,206
2023-12-20,Sugar,73,162
2023-12-20,Tea,25,61
2023-12-20,Oil,33,88
2023-12-20,Biscuits,96,179
2023-12-20,Soap,48,133
2023-12-20,Shampoo,46,74
2023-12-21,Rice,85,129
2023-12-21,Wheat,71,152
2023-12-21,Sugar,70,149
2023-12-21,Tea,25,37
2023-12-21,Oil,28,46
2023-12-21,Biscuits,105,164
2023-12-21,Soap,42,120
2023-12-21,Shampoo,45,98
2023-12-22,Rice,77,223
2023-12-22,Wheat,72,128
2023-12-22,Sugar,76,111
2023-12-22,Tea,23,67
2023-12-22,Oil,37,92
2023-12-22,Biscuits,102,192
2023-12-22,Soap,40,81
2023-12-22,Shampoo,41,71
2023-12-23,Rice,97,149
2023-12-23,Wheat,96,234
2023-12-23,Sugar,83,109
2023-12-23,Tea,29,55
2023-12-23,Oil,36,56
2023-12-23,Biscuits,117,202
2023-12-23,Soap,64,167
2023-12-23,Shampoo,39,67
2023-12-24,Rice,100,263
2023-12-24,Wheat,78,172
2023-12-24,Sugar,66,138
2023-12-24,Tea,29,80
2023-12-24,Oil,42,71
2023-12-24,Biscuits,129,197
2023-12-24,Soap,49,64
2023-12-24,Shampoo,48,73
2023-12-25,Rice,85,247
2023-12-25,Wheat,83,132
2023-12-25,Sugar,60,90
2023-12-25,Tea,25,37
2023-12-25,Oil,37,102
2023-12-25,Biscuits,97,199
2023-12-25,Soap,46,93
2023-12-25,Shampoo,48,93
2023-12-26,Rice,60,83
2023-12-26,Wheat,84,194
2023-12-26,Sugar,69,95
2023-12-26,Tea,28,53
2023-12-26,Oil,24,31
2023-12-26,Biscuits,107,232
2023-12-26,Soap,51,121
2023-12-26,Shampoo,43,107
2023-12-27,Rice,71,90
2023-12-27,Wheat,70,93
2023-12-27,Sugar,70,152
2023-12-27,Tea,22,33
2023-12-27,Oil,33,59
2023-12-27,Biscuits,94,150
2023-12-27,Soap,49,135
2023-12-27,Shampoo,41,76
2023-12-28,Rice,85,224
2023-12-28,Wheat,75,189
2023-12-28,Sugar,61,150
2023-12-28,Tea,26,66
2023-12-28,Oil,37,101
2023-12-28,Biscuits,112,185
2023-12-28,Soap,50,141
2023-12-28,Shampoo,42,81
2023-12-29,Rice,79,197
2023-12-29,Wheat,80,211
2023-12-29,Sugar,80,145
2023-12-29,Tea,25,48
2023-12-29,Oil,37,70
2023-12-29,Biscuits,83,211
2023-12-29,Soap,40,73
2023-12-29,Shampoo,46,87
2023-12-30,Rice,113,306
2023-12-30,Wheat,97,119
2023-12-30,Sugar,91,184
2023-12-30,Tea,32,46
2023-12-30,Oil,41,72
2023-12-30,Biscuits,120,242
2023-12-30,Soap,64,162
2023-12-30,Shampoo,38,87
2023-12-31,Rice,96,204
2023-12-31,Wheat,86,243
2023-12-31,Sugar,78,170
2023-12-31,Tea,25,44
2023-12-31,Oil,39,61
2023-12-31,Biscuits,110,323
2023-12-31,Soap,50,109
2023-12-31,Shampoo,45,56
2024-01-01,Rice,86,207
2024-01-01,Wheat,70,165
2024-01-01,Sugar,63,110
2024-01-01,Tea,24,40
2024-01-01,Oil,33,48
2024-01-01,Biscuits,101,285
2024-01-01,Soap,56,129
2024-01-01,Shampoo,40,74
2024-01-02,Rice,71,160
2024-01-02,Wheat,88,135
2024-01-02,Sugar,66,168
2024-01-02,Tea,25,44
2024-01-02,Oil,34,96
2024-01-02,Biscuits,104,241
2024-01-02,Soap,42,92
2024-01-02,Shampoo,40,52
2024-01-03,Rice,87,234
2024-01-03,Wheat,81,197
2024-01-03,Sugar,73,137
2024-01-03,Tea,23,44
2024-01-03,Oil,33,63
2024-01-03,Biscuits,83,180
2024-01-03,Soap,45,97
2024-01-03,Shampoo,45,56
2024-01-04,Rice,83,215
2024-01-04,Wheat,63,139
2024-01-04,Sugar,59,155
2024-01-04,Tea,25,53
2024-01-04,Oil,32,65
2024-01-04,Biscuits,101,242
2024-01-04,Soap,52,107
2024-01-04,Shampoo,46,125
2024-01-05,Rice,93,254
2024-01-05,Wheat,73,112
2024-01-05,Sugar,69,174
2024-01-05,Tea,21,45
2024-01-05,Oil,35,71
2024-01-05,Biscuits,108,145
2024-01-05,Soap,53,147
2024-01-05,Shampoo,41,67
2024-01-06,Rice,79,182
2024-01-06,Wheat,84,247
2024-01-06,Sugar,90,147
2024-01-06,Tea,37,53
2024-01-06,Oil,40,69
2024-01-06,Biscuits,109,212
2024-01-06,Soap,63,115
2024-01-06,Shampoo,44,124
2024-01-07,Rice,99,170
2024-01-07,Wheat,85,244
2024-01-07,Sugar,79,136
2024-01-07,Tea,30,52
2024-01-07,Oil,39,60
2024-01-07,Biscuits,118,246
2024-01-07,Soap,57,132
2024-01-07,Shampoo,45,125
2024-01-08,Rice,77,119
2024-01-08,Wheat,53,110
2024-01-08,Sugar,55,161
2024-01-08,Tea,20,35
2024-01-08,Oil,30,58
2024-01-08,Biscuits,103,235
2024-01-08,Soap,45,123
2024-01-08,Shampoo,45,108
2024-01-09,Rice,83,153
2024-01-09,Wheat,62,142
2024-01-09,Sugar,69,188
2024-01-09,Tea,22,28
2024-01-09,Oil,31,55
2024-01-09,Biscuits,98,183
2024-01-09,Soap,54,115
2024-01-09,Shampoo,45,120
2024-01-10,Rice,83,194
2024-01-10,Wheat,77,103
2024-01-10,Sugar,69,88
2024-01-10,Tea,28,72
2024-01-10,Oil,37,47
2024-01-10,Biscuits,101,170
2024-01-10,Soap,49,140
2024-01-10,Shampoo,44,94
2024-01-11,Rice,97,194
2024-01-11,Wheat,79,161
2024-01-11,Sugar,76,113
2024-01-11,Tea,24,52
2024-01-11,Oil,38,106
2024-01-11,Biscuits,98,210
2024-01-11,Soap,50,125
2024-01-11,Shampoo,38,54
2024-01-12,Rice,101,246
2024-01-12,Wheat,65,116
2024-01-12,Sugar,62,77
2024-01-12,Tea,24,33
2024-01-12,Oil,29,79
2024-01-12,Biscuits,84,201
2024-01-12,Soap,47,140
2024-01-12,Shampoo,45,101
2024-01-13,Rice,104,137
2024-01-13,Wheat,88,180
2024-01-13,Sugar,76,177
2024-01-13,Tea,32,64
2024-01-13,Oil,35,99
2024-01-13,Biscuits,112,206
2024-01-13,Soap,55,68
2024-01-13,Shampoo,48,118
2024-01-14,Rice,87,176
2024-01-14,Wheat,81,128
2024-01-14,Sugar,94,126
2024-01-14,Tea,27,55
2024-01-14,Oil,37,77
2024-01-14,Biscuits,120,198
2024-01-14,Soap,69,158
2024-01-14,Shampoo,47,85
2024-01-15,Rice,95,198
2024-01-15,Wheat,65,193
2024-01-15,Sugar,64,143
2024-01-15,Tea,29,62
2024-01-15,Oil,35,80
2024-01-15,Biscuits,105,151
2024-01-15,Soap,57,68
2024-01-15,Shampoo,42,65
2024-01-16,Rice,88,250
2024-01-16,Wheat,83,209
2024-01-16,Sugar,62,165
2024-01-16,Tea,23,65
2024-01-16,Oil,32,76
2024-01-16,Biscuits,117,313
2024-01-16,Soap,53,134
2024-01-16,Shampoo,43,82
2024-01-17,Rice,79,106
2024-01-17,Wheat,72,145
2024-01-17,Sugar,74,117
2024-01-17,Tea,22,59
2024-01-17,Oil,30,78
2024-01-17,Biscuits,101,195
2024-01-17,Soap,45,115
2024-01-17,Shampoo,47,127
2024-01-18,Rice,75,144
2024-01-18,Wheat,78,154
2024-01-18,Sugar,52,112
2024-01-18,Tea,21,36
2024-01-18,Oil,32,74
2024-01-18,Biscuits,109,131
2024-01-18,Soap,51,108
2024-01-18,Shampoo,43,59
2024-01-19,Rice,86,126
2024-01-19,Wheat,73,215
2024-01-19,Sugar,68,135
2024-01-19,Tea,18,24
2024-01-19,Oil,33,90
2024-01-19,Biscuits,114,327
2024-01-19,Soap,56,125
2024-01-19,Shampoo,41,114
2024-01-20,Rice,101,199
2024-01-20,Wheat,106,160
2024-01-20,Sugar,70,93
2024-01-20,Tea,32,75
2024-01-20,Oil,41,87
2024-01-20,Biscuits,125,150
2024-01-20,Soap,65,166
2024-01-20,Shampoo,55,121
2024-01-21,Rice,95,157
2024-01-21,Wheat,90,205
2024-01-21,Sugar,62,89
2024-01-21,Tea,34,84
2024-01-21,Oil,33,40
2024-01-21,Biscuits,109,227
2024-01-21,Soap,57,148
2024-01-21,Shampoo,48,137
2024-01-22,Rice,83,152
2024-01-22,Wheat,73,171
2024-01-22,Sugar,68,81
2024-01-22,Tea,26,33
2024-01-22,Oil,31,45
2024-01-22,Biscuits,96,216
2024-01-22,Soap,46,78
2024-01-22,Shampoo,40,53
2024-01-23,Rice,57,71
2024-01-23,Wheat,54,113
2024-01-23,Sugar,46,136
2024-01-23,Tea,14,19
2024-01-23,Oil,24,39
2024-01-23,Biscuits,66,160
2024-01-23,Soap,32,81
2024-01-23,Shampoo,29,42
2024-01-24,Rice,43,73
2024-01-24,Wheat,55,127
2024-01-24,Sugar,36,75
2024-01-24,Tea,16,24
2024-01-24,Oil,24,50
2024-01-24,Biscuits,68,160
2024-01-24,Soap,34,67
2024-01-24,Shampoo,28,36
2024-01-25,Rice,42,70
2024-01-25,Wheat,50,136
2024-01-25,Sugar,36,66
2024-01-25,Tea,16,19
2024-01-25,Oil,18,36
2024-01-25,Biscuits,58,111
2024-01-25,Soap,35,58
2024-01-25,Shampoo,25,67
2024-01-26,Rice,53,137
2024-01-26,Wheat,47,61
2024-01-26,Sugar,46,98
2024-01-26,Tea,16,45
2024-01-26,Oil,24,41
2024-01-26,Biscuits,60,154
2024-01-26,Soap,28,75
2024-01-26,Shampoo,28,45
2024-01-27,Rice,66,170
2024-01-27,Wheat,56,160
2024-01-27,Sugar,58,147
2024-01-27,Tea,18,40
2024-01-27,Oil,26,64
2024-01-27,Biscuits,89,238
2024-01-27,Soap,28,57
2024-01-27,Shampoo,38,91
2024-01-28,Rice,59,108
2024-01-28,Wheat,65,192
2024-01-28,Sugar,52,64
2024-01-28,Tea,16,39
2024-01-28,Oil,25,59
2024-01-28,Biscuits,79,202
2024-01-28,Soap,32,73
2024-01-28,Shampoo,31,56
2024-01-29,Rice,48,64
2024-01-29,Wheat,57,71
2024-01-29,Sugar,43,61
2024-01-29,Tea,17,42
2024-01-29,Oil,20,46
2024-01-29,Biscuits,72,213
2024-01-29,Soap,32,66
2024-01-29,Shampoo,25,55
2024-01-30,Rice,48,90
2024-01-30,Wheat,48,75
2024-01-30,Sugar,41,86
2024-01-30,Tea,14,28
2024-01-30,Oil,23,27
2024-01-30,Biscuits,65,186
2024-01-30,Soap,31,80
2024-01-30,Shampoo,29,68
2024-01-31,Rice,57,107
2024-01-31,Wheat,46,57
2024-01-31,Sugar,45,73
2024-01-31,Tea,16,26
2024-01-31,Oil,20,38
2024-01-31,Biscuits,65,152
2024-01-31,Soap,31,62
2024-01-31,Shampoo,29,83
2024-02-01,Rice,55,144
2024-02-01,Wheat,62,105
2024-02-01,Sugar,49,90
2024-02-01,Tea,18,53
2024-02-01,Oil,21,26
2024-02-01,Biscuits,65,110
2024-02-01,Soap,38,88
2024-02-01,Shampoo,24,62
2024-02-02,Rice,47,105
2024-02-02,Wheat,49,58
2024-02-02,Sugar,45,72
2024-02-02,Tea,16,34
2024-02-02,Oil,24,36
2024-02-02,Biscuits,63,99
2024-02-02,Soap,40,70
2024-02-02,Shampoo,26,46
2024-02-03,Rice,71,147
2024-02-03,Wheat,59,137
2024-02-03,Sugar,43,123
2024-02-03,Tea,17,34
2024-02-03,Oil,27,58
2024-02-03,Biscuits,82,169
2024-02-03,Soap,40,86
2024-02-03,Shampoo,36,77
2024-02-04,Rice,63,169
2024-02-04,Wheat,51,84
2024-02-04,Sugar,50,121
2024-02-04,Tea,22,45
2024-02-04,Oil,26,54
2024-02-04,Biscuits,81,198
2024-02-04,Soap,38,105
2024-02-04,Shampoo,28,75
2024-02-05,Rice,52,83
2024-02-05,Wheat,48,93
2024-02-05,Sugar,45,94
2024-02-05,Tea,17,29
2024-02-05,Oil,24,34
2024-02-05,Biscuits,71,188
2024-02-05,Soap,28,38
2024-02-05,Shampoo,28,75
2024-02-06,Rice,53,92
2024-02-06,Wheat,47,135
2024-02-06,Sugar,43,107
2024-02-06,Tea,17,42
2024-02-06,Oil,22,40
2024-02-06,Biscuits,60,77
2024-02-06,Soap,32,76
2024-02-06,Shampoo,26,47
2024-02-07,Rice,62,115
2024-02-07,Wheat,41,93
2024-02-07,Sugar,35,94
2024-02-07,Tea,15,24
2024-02-07,Oil,23,39
2024-02-07,Biscuits,65,128
2024-02-07,Soap,36,69
2024-02-07,Shampoo,29,50
2024-02-08,Rice,62,75
2024-02-08,Wheat,59,132
2024-02-08,Sugar,50,78
2024-02-08,Tea,14,40
2024-02-08,Oil,20,28
2024-02-08,Biscuits,63,173
2024-02-08,Soap,35,66
2024-02-08,Shampoo,23,47
2024-02-09,Rice,50,130
2024-02-09,Wheat,55,96
2024-02-09,Sugar,42,118
2024-02-09,Tea,14,27
2024-02-09,Oil,25,32
2024-02-09,Biscuits,59,75
2024-02-09,Soap,33,69
2024-02-09,Shampoo,31,86
2024-02-10,Rice,58,101
2024-02-10,Wheat,57,163
2024-02-10,Sugar,58,114
2024-02-10,Tea,16,37
2024-02-10,Oil,27,56
2024-02-10,Biscuits,75,191
2024-02-10,Soap,41,91
2024-02-10,Shampoo,31,89
2024-02-11,Rice,81,213
2024-02-11,Wheat,64,90
2024-02-11,Sugar,52,95
2024-02-11,Tea,15,26
2024-02-11,Oil,21,52
2024-02-11,Biscuits,79,214
2024-02-11,Soap,40,92
2024-02-11,Shampoo,31,52
2024-02-12,Rice,48,123
2024-02-12,Wheat,40,97
2024-02-12,Sugar,47,127
2024-02-12,Tea,20,29
2024-02-12,Oil,21,50
2024-02-12,Biscuits,73,122
2024-02-12,Soap,30,52
2024-02-12,Shampoo,29,82
2024-02-13,Rice,57,164
2024-02-13,Wheat,41,73
2024-02-13,Sugar,43,75
2024-02-13,Tea,16,29
2024-02-13,Oil,23,30
2024-02-13,Biscuits,61,159
2024-02-13,Soap,31,43
2024-02-13,Shampoo,25,30
2024-02-14,Rice,57,71
2024-02-14,Wheat,48,98
2024-02-14,Sugar,48,109
2024-02-14,Tea,17,39
2024-02-14,Oil,23,61
2024-02-14,Biscuits,68,127
2024-02-14,Soap,36,49
2024-02-14,Shampoo,27,38
2024-02-15,Rice,56,84
2024-02-15,Wheat,53,92
2024-02-15,Sugar,39,80
2024-02-15,Tea,15,43
2024-02-15,Oil,21,30
2024-02-15,Biscuits,75,106
2024-02-15,Soap,38,107
2024-02-15,Shampoo,27,32
2024-02-16,Rice,55,75
2024-02-16,Wheat,40,90
2024-02-16,Sugar,44,129
2024-02-16,Tea,16,46
2024-02-16,Oil,25,46
2024-02-16,Biscuits,72,133
2024-02-16,Soap,35,91
2024-02-16,Shampoo,26,45
2024-02-17,Rice,71,124
2024-02-17,Wheat,65,93
2024-02-17,Sugar,53,71
2024-02-17,Tea,20,35
2024-02-17,Oil,23,39
2024-02-17,Biscuits,71,196
2024-02-17,Soap,38,90
2024-02-17,Shampoo,40,51
2024-02-18,Rice,72,119
2024-02-18,Wheat,47,91
2024-02-18,Sugar,56,125
2024-02-18,Tea,21,42
2024-02-18,Oil,24,31
2024-02-18,Biscuits,92,239
2024-02-18,Soap,33,57
2024-02-18,Shampoo,31,69
2024-02-19,Rice,48,66
2024-02-19,Wheat,53,72
2024-02-19,Sugar,40,106
2024-02-19,Tea,18,23
2024-02-19,Oil,24,66
2024-02-19,Biscuits,71,185
2024-02-19,Soap,31,63
2024-02-19,Shampoo,32,47
2024-02-20,Rice,56,71
2024-02-20,Wheat,42,111
2024-02-20,Sugar,48,140
2024-02-20,Tea,17,28
2024-02-20,Oil,25,53
2024-02-20,Biscuits,85,196
2024-02-20,Soap,28,79
2024-02-20,Shampoo,26,65
2024-02-21,Rice,51,151
2024-02-21,Wheat,46,88
2024-02-21,Sugar,43,51
2024-02-21,Tea,14,41
2024-02-21,Oil,20,49
2024-02-21,Biscuits,58,131
2024-02-21,Soap,34,53
2024-02-21,Shampoo,26,37
2024-02-22,Rice,59,102
2024-02-22,Wheat,52,88
2024-02-22,Sugar,43,128
2024-02-22,Tea,19,42
2024-02-22,Oil,21,31
2024-02-22,Biscuits,68,83
2024-02-22,Soap,30,77
2024-02-22,Shampoo,28,39
2024-02-23,Rice,45,83
2024-02-23,Wheat,55,120
2024-02-23,Sugar,39,48
2024-02-23,Tea,17,50
2024-02-23,Oil,29,64
2024-02-23,Biscuits,58,79
2024-02-23,Soap,32,50
2024-02-23,Shampoo,38,49
2024-02-24,Rice,65,88
2024-02-24,Wheat,58,144
2024-02-24,Sugar,58,163
2024-02-24,Tea,20,56
2024-02-24,Oil,27,36
2024-02-24,Biscuits,93,143
2024-02-24,Soap,42,85
2024-02-24,Shampoo,33,86
2024-02-25,Rice,67,137
2024-02-25,Wheat,67,188
2024-02-25,Sugar,53,82
2024-02-25,Tea,19,23
2024-02-25,Oil,28,47
2024-02-25,Biscuits,92,259
2024-02-25,Soap,40,71
2024-02-25,Shampoo,30,47
2024-02-26,Rice,47,58
2024-02-26,Wheat,50,85
2024-02-26,Sugar,40,64
2024-02-26,Tea,19,55
2024-02-26,Oil,23,54
2024-02-26,Biscuits,62,108
2024-02-26,Soap,36,61
2024-02-26,Shampoo,27,38
2024-02-27,Rice,55,122
2024-02-27,Wheat,45,69
2024-02-27,Sugar,34,54
2024-02-27,Tea,14,22
2024-02-27,Oil,23,67
2024-02-27,Biscuits,66,102
2024-02-27,Soap,31,78
2024-02-27,Shampoo,30,67
2024-02-28,Rice,53,104
2024-02-28,Wheat,48,136
2024-02-28,Sugar,47,90
2024-02-28,Tea,14,29
2024-02-28,Oil,23,54
2024-02-28,Biscuits,64,186
2024-02-28,Soap,30,84
2024-02-28,Shampoo,25,30
2024-02-29,Rice,54,160
2024-02-29,Wheat,57,93
2024-02-29,Sugar,46,79
2024-02-29,Tea,18,43
2024-02-29,Oil,22,56
2024-02-29,Biscuits,62,134
2024-02-29,Soap,34,100
2024-02-29,Shampoo,30,85
2024-03-01,Rice,47,76
2024-03-01,Wheat,51,110
2024-03-01,Sugar,47,64
2024-03-01,Tea,17,42
2024-03-01,Oil,24,47
2024-03-01,Biscuits,67,117
2024-03-01,Soap,31,42
2024-03-01,Shampoo,26,71
2024-03-02,Rice,71,96
2024-03-02,Wheat,59,120
2024-03-02,Sugar,59,118
2024-03-02,Tea,16,24
2024-03-02,Oil,31,51
2024-03-02,Biscuits,81,182
2024-03-02,Soap,35,72
2024-03-02,Shampoo,31,64
2024-03-03,Rice,89,243
2024-03-03,Wheat,50,88
2024-03-03,Sugar,54,93
2024-03-03,Tea,17,34
2024-03-03,Oil,24,45
2024-03-03,Biscuits,69,157
2024-03-03,Soap,35,102
2024-03-03,Shampoo,35,51
2024-03-04,Rice,52,153
2024-03-04,Wheat,54,115
2024-03-04,Sugar,38,57
2024-03-04,Tea,18,45
2024-03-04,Oil,26,59
2024-03-04,Biscuits,63,127
2024-03-04,Soap,33,42
2024-03-04,Shampoo,28,49
2024-03-05,Rice,51,136
2024-03-05,Wheat,45,111
2024-03-05,Sugar,51,94
2024-03-05,Tea,15,38
2024-03-05,Oil,21,32
2024-03-05,Biscuits,61,124
2024-03-05,Soap,35,51
2024-03-05,Shampoo,29,52
2024-03-06,Rice,48,105
2024-03-06,Wheat,49,128
2024-03-06,Sugar,48,87
2024-03-06,Tea,18,28
2024-03-06,Oil,23,54
2024-03-06,Biscuits,75,180
2024-03-06,Soap,30,88
2024-03-06,Shampoo,28,76
2024-03-07,Rice,54,153
2024-03-07,Wheat,52,63
2024-03-07,Sugar,44,59
2024-03-07,Tea,17,35
2024-03-07,Oil,22,53
2024-03-07,Biscuits,78,164
2024-03-07,Soap,34,51
2024-03-07,Shampoo,29,40
2024-03-08,Rice,61,172
2024-03-08,Wheat,53,128
2024-03-08,Sugar,47,121
2024-03-08,Tea,16,31
2024-03-08,Oil,14,37
2024-03-08,Biscuits,75,140
2024-03-08,Soap,34,95
2024-03-08,Shampoo,27,67
2024-03-09,Rice,72,92
2024-03-09,Wheat,53,142
2024-03-09,Sugar,46,84
2024-03-09,Tea,21,39
2024-03-09,Oil,26,55
2024-03-09,Biscuits,93,197
2024-03-09,Soap,40,118
2024-03-09,Shampoo,31,68
2024-03-10,Rice,64,140
2024-03-10,Wheat,66,172
2024-03-10,Sugar,55,69
2024-03-10,Tea,22,39
2024-03-10,Oil,28,48
2024-03-10,Biscuits,95,269
2024-03-10,Soap,40,114
2024-03-10,Shampoo,36,84
2024-03-11,Rice,56,139
2024-03-11,Wheat,52,140
2024-03-11,Sugar,43,94
2024-03-11,Tea,14,23
2024-03-11,Oil,20,43
2024-03-11,Biscuits,70,148
2024-03-11,Soap,39,58
2024-03-11,Shampoo,31,75
2024-03-12,Rice,65,147
2024-03-12,Wheat,46,133
2024-03-12,Sugar,46,96
2024-03-12,Tea,15,28
2024-03-12,Oil,22,33
2024-03-12,Biscuits,76,135
2024-03-12,Soap,27,44
2024-03-12,Shampoo,26,59
2024-03-13,Rice,47,83
2024-03-13,Wheat,53,132
2024-03-13,Sugar,51,99
2024-03-13,Tea,19,34
2024-03-13,Oil,21,33
2024-03-13,Biscuits,61,159
2024-03-13,Soap,31,80
2024-03-13,Shampoo,23,40
2024-03-14,Rice,74,192
2024-03-14,Wheat,39,67
2024-03-14,Sugar,50,61
2024-03-14,Tea,17,38
2024-03-14,Oil,26,69
2024-03-14,Biscuits,67,168
2024-03-14,Soap,35,80
2024-03-14,Shampoo,27,51
2024-03-15,Rice,53,155
2024-03-15,Wheat,55,126
2024-03-15,Sugar,43,65
2024-03-15,Tea,14,40
2024-03-15,Oil,18,33
2024-03-15,Biscuits,64,99
2024-03-15,Soap,31,66
2024-03-15,Shampoo,28,46
2024-03-16,Rice,60,161
2024-03-16,Wheat,57,122
2024-03-16,Sugar,63,136
2024-03-16,Tea,23,33
2024-03-16,Oil,29,82
2024-03-16,Biscuits,77,199
2024-03-16,Soap,43,125
2024-03-16,Shampoo,29,84
2024-03-17,Rice,73,94
2024-03-17,Wheat,54,135
2024-03-17,Sugar,52,107
2024-03-17,Tea,21,30
2024-03-17,Oil,24,30
2024-03-17,Biscuits,75,124
2024-03-17,Soap,38,79
2024-03-17,Shampoo,33,56
2024-03-18,Rice,61,112
2024-03-18,Wheat,45,81
2024-03-18,Sugar,45,125
2024-03-18,Tea,17,44
2024-03-18,Oil,20,30
2024-03-18,Biscuits,66,131
2024-03-18,Soap,34,80
2024-03-18,Shampoo,28,40
2024-03-19,Rice,58,146
2024-03-19,Wheat,44,107
2024-03-19,Sugar,44,88
2024-03-19,Tea,17,27
2024-03-19,Oil,21,62
2024-03-19,Biscuits,68,100
2024-03-19,Soap,40,112
2024-03-19,Shampoo,28,53
2024-03-20,Rice,61,142
2024-03-20,Wheat,52,112
2024-03-20,Sugar,43,72
2024-03-20,Tea,19,55
2024-03-20,Oil,18,44
2024-03-20,Biscuits,74,216
2024-03-20,Soap,36,86
2024-03-20,Shampoo,30,69
2024-03-21,Rice,57,70
2024-03-21,Wheat,50,94
2024-03-21,Sugar,47,103
2024-03-21,Tea,17,50
2024-03-21,Oil,22,55
2024-03-21,Biscuits,67,182
2024-03-21,Soap,37,105
2024-03-21,Shampoo,30,64
2024-03-22,Rice,54,126
2024-03-22,Wheat,58,72
2024-03-22,Sugar,46,85
2024-03-22,Tea,12,35
2024-03-22,Oil,21,51
2024-03-22,Biscuits,55,70
2024-03-22,Soap,34,90
2024-03-22,Shampoo,27,32
2024-03-23,Rice,62,83
2024-03-23,Wheat,64,151
2024-03-23,Sugar,52,78
2024-03-23,Tea,18,51
2024-03-23,Oil,27,36
2024-03-23,Biscuits,87,229
2024-03-23,Soap,42,113
2024-03-23,Shampoo,37,59
2024-03-24,Rice,63,129
2024-03-24,Wheat,67,110
2024-03-24,Sugar,51,80
2024-03-24,Tea,17,48
2024-03-24,Oil,31,77
2024-03-24,Biscuits,90,121
2024-03-24,Soap,45,103
2024-03-24,Shampoo,31,60
2024-03-25,Rice,53,121
2024-03-25,Wheat,49,122
2024-03-25,Sugar,41,54
2024-03-25,Tea,18,34
2024-03-25,Oil,23,32
2024-03-25,Biscuits,66,156
2024-03-25,Soap,39,104
2024-03-25,Shampoo,27,52
2024-03-26,Rice,67,100
2024-03-26,Wheat,55,158
2024-03-26,Sugar,51,134
2024-03-26,Tea,17,24
2024-03-26,Oil,17,39
2024-03-26,Biscuits,66,169
2024-03-26,Soap,33,63
2024-03-26,Shampoo,24,59
2024-03-27,Rice,56,110
2024-03-27,Wheat,46,98
2024-03-27,Sugar,39,112
2024-03-27,Tea,14,20
2024-03-27,Oil,21,39
2024-03-27,Biscuits,72,151
2024-03-27,Soap,30,55
2024-03-27,Shampoo,27,40
2024-03-28,Rice,58,159
2024-03-28,Wheat,51,89
2024-03-28,Sugar,44,109
2024-03-28,Tea,17,29
2024-03-28,Oil,20,30
2024-03-28,Biscuits,67,163
2024-03-28,Soap,32,47
2024-03-28,Shampoo,27,43
2024-03-29,Rice,50,92
2024-03-29,Wheat,45,71
2024-03-29,Sugar,47,118
2024-03-29,Tea,15,27
2024-03-29,Oil,21,62
2024-03-29,Biscuits,70,143
2024-03-29,Soap,38,94
2024-03-29,Shampoo,28,47
2024-03-30,Rice,74,148
2024-03-30,Wheat,60,148
2024-03-30,Sugar,61,105
2024-03-30,Tea,19,24
2024-03-30,Oil,29,49
2024-03-30,Biscuits,76,198
2024-03-30,Soap,41,61
2024-03-30,Shampoo,38,55
2024-03-31,Rice,55,155
2024-03-31,Wheat,51,139
2024-03-31,Sugar,62,145
2024-03-31,Tea,23,66
2024-03-31,Oil,29,59
2024-03-31,Biscuits,86,173
2024-03-31,Soap,39,99
2024-03-31,Shampoo,33,72
2024-04-01,Rice,61,77
2024-04-01,Wheat,48,60
2024-04-01,Sugar,45,122
2024-04-01,Tea,16,45
2024-04-01,Oil,22,33
2024-04-01,Biscuits,60,141
2024-04-01,Soap,35,99
2024-04-01,Shampoo,29,41
2024-04-02,Rice,55,77
2024-04-02,Wheat,45,120
2024-04-02,Sugar,50,99
2024-04-02,Tea,16,43
2024-04-02,Oil,28,35
2024-04-02,Biscuits,58,151
2024-04-02,Soap,33,97
2024-04-02,Shampoo,29,79
2024-04-03,Rice,56,163
2024-04-03,Wheat,46,56
2024-04-03,Sugar,37,93
2024-04-03,Tea,17,33
2024-04-03,Oil,19,29
2024-04-03,Biscuits,70,138
2024-04-03,Soap,34,84
2024-04-03,Shampoo,35,90
2024-04-04,Rice,53,120
2024-04-04,Wheat,48,110
2024-04-04,Sugar,52,146
2024-04-04,Tea,17,37
2024-04-04,Oil,22,40
2024-04-04,Biscuits,77,144
2024-04-04,Soap,33,93
2024-04-04,Shampoo,26,33
2024-04-05,Rice,50,74
2024-04-05,Wheat,43,90
2024-04-05,Sugar,49,112
2024-04-05,Tea,15,39
2024-04-05,Oil,26,35
2024-04-05,Biscuits,58,163
2024-04-05,Soap,38,46
2024-04-05,Shampoo,32,62
2024-04-06,Rice,58,121
2024-04-06,Wheat,59,137
2024-04-06,Sugar,52,151
2024-04-06,Tea,20,46
2024-04-06,Oil,26,38
2024-04-06,Biscuits,79,100
2024-04-06,Soap,35,68
2024-04-06,Shampoo,34,67
2024-04-07,Rice,62,117
2024-04-07,Wheat,68,98
2024-04-07,Sugar,54,70
2024-04-07,Tea,19,26
2024-04-07,Oil,27,80
2024-04-07,Biscuits,75,206
2024-04-07,Soap,33,40
2024-04-07,Shampoo,34,64
2024-04-08,Rice,62,146
2024-04-08,Wheat,52,112
2024-04-08,Sugar,34,94
2024-04-08,Tea,13,15
2024-04-08,Oil,22,65
2024-04-08,Biscuits,52,148
2024-04-08,Soap,26,77
2024-04-08,Shampoo,23,60
2024-04-09,Rice,57,132
2024-04-09,Wheat,54,112
2024-04-09,Sugar,39,95
2024-04-09,Tea,17,23
2024-04-09,Oil,23,53
2024-04-09,Biscuits,65,92
2024-04-09,Soap,41,89
2024-04-09,Shampoo,29,64
2024-04-10,Rice,56,68
2024-04-10,Wheat,59,169
2024-04-10,Sugar,48,91
2024-04-10,Tea,16,41
2024-04-10,Oil,21,30
2024-04-10,Biscuits,80,229
2024-04-10,Soap,34,90
2024-04-10,Shampoo,26,74
2024-04-11,Rice,60,105
2024-04-11,Wheat,48,65
2024-04-11,Sugar,37,80
2024-04-11,Tea,16,23
2024-04-11,Oil,22,59
2024-04-11,Biscuits,69,128
2024-04-11,Soap,41,66
2024-04-11,Shampoo,34,65
2024-04-12,Rice,60,89
2024-04-12,Wheat,47,106
2024-04-12,Sugar,43,62
2024-04-12,Tea,19,45
2024-04-12,Oil,23,40
2024-04-12,Biscuits,67,153
2024-04-12,Soap,31,58
2024-04-12,Shampoo,28,63
2024-04-13,Rice,62,110
2024-04-13,Wheat,61,106
2024-04-13,Sugar,55,120
2024-04-13,Tea,20,32
2024-04-13,Oil,24,56
2024-04-13,Biscuits,87,146
2024-04-13,Soap,42,105
2024-04-13,Shampoo,30,70
2024-04-14,Rice,62,96
2024-04-14,Wheat,59,99
2024-04-14,Sugar,54,106
2024-04-14,Tea,21,31
2024-04-14,Oil,23,44
2024-04-14,Biscuits,79,155
2024-04-14,Soap,42,111
2024-04-14,Shampoo,29,42
2024-04-15,Rice,59,82
2024-04-15,Wheat,44,78
2024-04-15,Sugar,44,116
2024-04-15,Tea,17,23
2024-04-15,Oil,22,28
2024-04-15,Biscuits,57,161
2024-04-15,Soap,32,50
2024-04-15,Shampoo,27,63
2024-04-16,Rice,63,128
2024-04-16,Wheat,60,177
2024-04-16,Sugar,36,106
2024-04-16,Tea,18,35
2024-04-16,Oil,28,44
2024-04-16,Biscuits,62,99
2024-04-16,Soap,32,71
2024-04-16,Shampoo,28,42
2024-04-17,Rice,51,103
2024-04-17,Wheat,48,124
2024-04-17,Sugar,44,60
2024-04-17,Tea,16,37
2024-04-17,Oil,21,30
2024-04-17,Biscuits,65,126
2024-04-17,Soap,33,67
2024-04-17,Shampoo,28,55
2024-04-18,Rice,52,110
2024-04-18,Wheat,43,62
2024-04-18,Sugar,42,94
2024-04-18,Tea,17,32
2024-04-18,Oil,21,32
2024-04-18,Biscuits,85,213
2024-04-18,Soap,38,96
2024-04-18,Shampoo,27,68
2024-04-19,Rice,48,78
2024-04-19,Wheat,57,85
2024-04-19,Sugar,43,64
2024-04-19,Tea,16,39
2024-04-19,Oil,22,32
2024-04-19,Biscuits,53,144
2024-04-19,Soap,32,72
2024-04-19,Shampoo,26,57
2024-04-20,Rice,74,153
2024-04-20,Wheat,57,119
2024-04-20,Sugar,51,122
2024-04-20,Tea,19,43
2024-04-20,Oil,20,56
2024-04-20,Biscuits,95,174
2024-04-20,Soap,37,86
2024-04-20,Shampoo,38,80
2024-04-21,Rice,59,90
2024-04-21,Wheat,52,126
2024-04-21,Sugar,52,123
2024-04-21,Tea,19,28
2024-04-21,Oil,23,67
2024-04-21,Biscuits,88,142
2024-04-21,Soap,36,69
2024-04-21,Shampoo,27,75
2024-04-22,Rice,68,193
2024-04-22,Wheat,53,117
2024-04-22,Sugar,34,86
2024-04-22,Tea,20,51
2024-04-22,Oil,22,41
2024-04-22,Biscuits,68,199
2024-04-22,Soap,36,68
2024-04-22,Shampoo,30,73
2024-04-23,Rice,50,73
2024-04-23,Wheat,49,140
2024-04-23,Sugar,48,90
2024-04-23,Tea,14,41
2024-04-23,Oil,21,52
2024-04-23,Biscuits,68,155
2024-04-23,Soap,35,71
2024-04-23,Shampoo,27,74
2024-04-24,Rice,50,82
2024-04-24,Wheat,41,108
2024-04-24,Sugar,48,66
2024-04-24,Tea,14,27
2024-04-24,Oil,21,40
2024-04-24,Biscuits,61,92
2024-04-24,Soap,41,110
2024-04-24,Shampoo,29,81
2024-04-25,Rice,60,150
2024-04-25,Wheat,58,157
2024-04-25,Sugar,44,123
2024-04-25,Tea,18,53
2024-04-25,Oil,20,39
2024-04-25,Biscuits,70,98
2024-04-25,Soap,36,66
2024-04-25,Shampoo,30,66
2024-04-26,Rice,51,104
2024-04-26,Wheat,52,104
2024-04-26,Sugar,47,57
2024-04-26,Tea,18,24
2024-04-26,Oil,19,55
2024-04-26,Biscuits,71,187
2024-04-26,Soap,34,70
2024-04-26,Shampoo,31,60
2024-04-27,Rice,61,154
2024-04-27,Wheat,64,124
2024-04-27,Sugar,64,163
2024-04-27,Tea,20,41
2024-04-27,Oil,25,32
2024-04-27,Biscuits,75,140
2024-04-27,Soap,49,101
2024-04-27,Shampoo,32,42
2024-04-28,Rice,63,77
2024-04-28,Wheat,61,151
2024-04-28,Sugar,61,151
2024-04-28,Tea,23,32
2024-04-28,Oil,30,70
2024-04-28,Biscuits,78,135
2024-04-28,Soap,37,97
2024-04-28,Shampoo,32,38
2024-04-29,Rice,54,140
2024-04-29,Wheat,55,156
2024-04-29,Sugar,41,106
2024-04-29,Tea,18,35
2024-04-29,Oil,23,45
2024-04-29,Biscuits,58,171
2024-04-29,Soap,35,71
2024-04-29,Shampoo,23,40
2024-04-30,Rice,53,117
2024-04-30,Wheat,50,100
2024-04-30,Sugar,54,141
2024-04-30,Tea,15,32
2024-04-30,Oil,24,62
2024-04-30,Biscuits,69,153
2024-04-30,Soap,32,49
2024-04-30,Shampoo,31,68
2024-05-01,Rice,49,118
2024-05-01,Wheat,54,121
2024-05-01,Sugar,38,95
2024-05-01,Tea,19,41
2024-05-01,Oil,23,35
2024-05-01,Biscuits,60,154
2024-05-01,Soap,29,55
2024-05-01,Shampoo,27,59
2024-05-02,Rice,57,88
2024-05-02,Wheat,52,122
2024-05-02,Sugar,35,55
2024-05-02,Tea,18,28
2024-05-02,Oil,21,53
2024-05-02,Biscuits,74,203
2024-05-02,Soap,29,59
2024-05-02,Shampoo,33,72
2024-05-03,Rice,63,107
2024-05-03,Wheat,46,93
2024-05-03,Sugar,43,85
2024-05-03,Tea,14,29
2024-05-03,Oil,24,55
2024-05-03,Biscuits,66,190
2024-05-03,Soap,31,74
2024-05-03,Shampoo,25,58
2024-05-04,Rice,59,142
2024-05-04,Wheat,59,148
2024-05-04,Sugar,60,102
2024-05-04,Tea,21,48
2024-05-04,Oil,30,68
2024-05-04,Biscuits,74,164
2024-05-04,Soap,42,57
2024-05-04,Shampoo,27,69
2024-05-05,Rice,64,182
2024-05-05,Wheat,57,138
2024-05-05,Sugar,62,145
2024-05-05,Tea,20,31
2024-05-05,Oil,24,56
2024-05-05,Biscuits,92,171
2024-05-05,Soap,43,74
2024-05-05,Shampoo,34,67
2024-05-06,Rice,61,171
2024-05-06,Wheat,54,138
2024-05-06,Sugar,39,93
2024-05-06,Tea,18,45
2024-05-06,Oil,19,36
2024-05-06,Biscuits,72,163
2024-05-06,Soap,36,59
2024-05-06,Shampoo,26,75
2024-05-07,Rice,63,120
2024-05-07,Wheat,50,106
2024-05-07,Sugar,42,95
2024-05-07,Tea,18,38
2024-05-07,Oil,21,30
2024-05-07,Biscuits,71,102
2024-05-07,Soap,35,85
2024-05-07,Shampoo,28,42
2024-05-08,Rice,55,67
2024-05-08,Wheat,42,67
2024-05-08,Sugar,52,126
2024-05-08,Tea,18,25
2024-05-08,Oil,23,31
2024-05-08,Biscuits,76,167
2024-05-08,Soap,37,62
2024-05-08,Shampoo,30,68
2024-05-09,Rice,55,148
2024-05-09,Wheat,53,135
2024-05-09,Sugar,52,105
2024-05-09,Tea,14,39
2024-05-09,Oil,20,45
2024-05-09,Biscuits,57,123
2024-05-09,Soap,39,78
2024-05-09,Shampoo,28,42
2024-05-10,Rice,60,128
2024-05-10,Wheat,41,61
2024-05-10,Sugar,43,60
2024-05-10,Tea,18,52
2024-05-10,Oil,26,44
2024-05-10,Biscuits,60,107
2024-05-10,Soap,33,93
2024-05-10,Shampoo,29,62
2024-05-11,Rice,69,198
2024-05-11,Wheat,50,140
2024-05-11,Sugar,56,96
2024-05-11,Tea,24,48
2024-05-11,Oil,26,71
2024-05-11,Biscuits,69,119
2024-05-11,Soap,40,62
2024-05-11,Shampoo,33,57
2024-05-12,Rice,59,153
2024-05-12,Wheat,60,87
2024-05-12,Sugar,57,131
2024-05-12,Tea,22,41
2024-05-12,Oil,31,43
2024-05-12,Biscuits,79,167
2024-05-12,Soap,44,53
2024-05-12,Shampoo,33,56
2024-05-13,Rice,65,176
2024-05-13,Wheat,52,122
2024-05-13,Sugar,46,97
2024-05-13,Tea,15,43
2024-05-13,Oil,19,53
2024-05-13,Biscuits,73,134
2024-05-13,Soap,38,52
2024-05-13,Shampoo,24,54
2024-05-14,Rice,53,111
2024-05-14,Wheat,55,101
2024-05-14,Sugar,51,121
2024-05-14,Tea,16,32
2024-05-14,Oil,25,71
2024-05-14,Biscuits,76,190
2024-05-14,Soap,29,67
2024-05-14,Shampoo,29,78
2024-05-15,Rice,58,71
2024-05-15,Wheat,48,84
2024-05-15,Sugar,42,56
2024-05-15,Tea,20,38
2024-05-15,Oil,20,59
2024-05-15,Biscuits,59,170
2024-05-15,Soap,34,101
2024-05-15,Shampoo,27,36
2024-05-16,Rice,49,128
2024-05-16,Wheat,51,132
2024-05-16,Sugar,52,140
2024-05-16,Tea,18,25
2024-05-16,Oil,19,37
2024-05-16,Biscuits,64,106
2024-05-16,Soap,38,81
2024-05-16,Shampoo,30,44
2024-05-17,Rice,56,89
2024-05-17,Wheat,51,99
2024-05-17,Sugar,48,139
2024-05-17,Tea,17,39
2024-05-17,Oil,16,44
2024-05-17,Biscuits,61,110
2024-05-17,Soap,35,76
2024-05-17,Shampoo,26,36
2024-05-18,Rice,65,168
2024-05-18,Wheat,64,98
2024-05-18,Sugar,52,155
2024-05-18,Tea,17,36
2024-05-18,Oil,32,89
2024-05-18,Biscuits,75,219
2024-05-18,Soap,38,89
2024-05-18,Shampoo,28,82
2024-05-19,Rice,70,119
2024-05-19,Wheat,57,125
2024-05-19,Sugar,62,144
2024-05-19,Tea,22,31
2024-05-19,Oil,27,47
2024-05-19,Biscuits,67,93
2024-05-19,Soap,41,95
2024-05-19,Shampoo,36,67
2024-05-20,Rice,51,84
2024-05-20,Wheat,51,64
2024-05-20,Sugar,44,89
2024-05-20,Tea,14,39
2024-05-20,Oil,23,65
2024-05-20,Biscuits,80,224
2024-05-20,Soap,34,92
2024-05-20,Shampoo,32,46
2024-05-21,Rice,47,125
2024-05-21,Wheat,45,96
2024-05-21,Sugar,51,70
2024-05-21,Tea,17,40
2024-05-21,Oil,24,31
2024-05-21,Biscuits,77,144
2024-05-21,Soap,32,68
2024-05-21,Shampoo,31,39
2024-05-22,Rice,43,85
2024-05-22,Wheat,53,137
2024-05-22,Sugar,43,101
2024-05-22,Tea,15,31
2024-05-22,Oil,20,54
2024-05-22,Biscuits,64,106
2024-05-22,Soap,36,83
2024-05-22,Shampoo,25,61
2024-05-23,Rice,57,156
2024-05-23,Wheat,60,147
2024-05-23,Sugar,46,112
2024-05-23,Tea,18,36
2024-05-23,Oil,22,59
2024-05-23,Biscuits,79,135
2024-05-23,Soap,34,74
2024-05-23,Shampoo,36,104
2024-05-24,Rice,54,110
2024-05-24,Wheat,53,108
2024-05-24,Sugar,44,108
2024-05-24,Tea,13,22
2024-05-24,Oil,23,59
2024-05-24,Biscuits,66,109
2024-05-24,Soap,31,43
2024-05-24,Shampoo,30,40
2024-05-25,Rice,60,127
2024-05-25,Wheat,72,104
2024-05-25,Sugar,58,82
2024-05-25,Tea,16,20
2024-05-25,Oil,27,70
2024-05-25,Biscuits,89,213
2024-05-25,Soap,38,93
2024-05-25,Shampoo,32,60
2024-05-26,Rice,75,203
2024-05-26,Wheat,54,160
2024-05-26,Sugar,51,137
2024-05-26,Tea,19,48
2024-05-26,Oil,29,70
2024-05-26,Biscuits,69,116
2024-05-26,Soap,38,80
2024-05-26,Shampoo,36,84
2024-05-27,Rice,60,78
2024-05-27,Wheat,46,130
2024-05-27,Sugar,41,107
2024-05-27,Tea,15,35
2024-05-27,Oil,16,42
2024-05-27,Biscuits,65,134
2024-05-27,Soap,35,62
2024-05-27,Shampoo,26,36
2024-05-28,Rice,61,128
2024-05-28,Wheat,51,103
2024-05-28,Sugar,48,72
2024-05-28,Tea,16,26
2024-05-28,Oil,20,36
2024-05-28,Biscuits,66,109
2024-05-28,Soap,36,57
2024-05-28,Shampoo,23,29
2024-05-29,Rice,57,122
2024-05-29,Wheat,49,106
2024-05-29,Sugar,51,108
2024-05-29,Tea,16,38
2024-05-29,Oil,21,58
2024-05-29,Biscuits,72,117
2024-05-29,Soap,31,80
2024-05-29,Shampoo,29,36
2024-05-30,Rice,64,140
2024-05-30,Wheat,39,57
2024-05-30,Sugar,41,57
2024-05-30,Tea,16,28
2024-05-30,Oil,23,60
2024-05-30,Biscuits,64,160
2024-05-30,Soap,32,90
2024-05-30,Shampoo,26,51
2024-05-31,Rice,56,84
2024-05-31,Wheat,52,103
2024-05-31,Sugar,41,120
2024-05-31,Tea,18,40
2024-05-31,Oil,26,39
2024-05-31,Biscuits,62,151
2024-05-31,Soap,36,74
2024-05-31,Shampoo,29,40
2024-06-01,Rice,69,85
2024-06-01,Wheat,66,88
2024-06-01,Sugar,53,98
2024-06-01,Tea,19,44
2024-06-01,Oil,28,67
2024-06-01,Biscuits,88,196
2024-06-01,Soap,43,85
2024-06-01,Shampoo,30,79
2024-06-02,Rice,68,128
2024-06-02,Wheat,54,157
2024-06-02,Sugar,52,94
2024-06-02,Tea,24,35
2024-06-02,Oil,27,80
2024-06-02,Biscuits,83,102
2024-06-02,Soap,39,79
2024-06-02,Shampoo,31,42
2024-06-03,Rice,62,146
2024-06-03,Wheat,43,96
2024-06-03,Sugar,42,106
2024-06-03,Tea,16,19
2024-06-03,Oil,22,61
2024-06-03,Biscuits,66,186
2024-06-03,Soap,33,63
2024-06-03,Shampoo,26,38
2024-06-04,Rice,56,145
2024-06-04,Wheat,50,105
2024-06-04,Sugar,51,142
2024-06-04,Tea,20,26
2024-06-04,Oil,23,63
2024-06-04,Biscuits,64,144
2024-06-04,Soap,37,75
2024-06-04,Shampoo,26,73
2024-06-05,Rice,56,148
2024-06-05,Wheat,47,108
2024-06-05,Sugar,50,100
2024-06-05,Tea,14,38
2024-06-05,Oil,22,58
2024-06-05,Biscuits,63,120
2024-06-05,Soap,35,103
2024-06-05,Shampoo,25,53
2024-06-06,Rice,58,137
2024-06-06,Wheat,58,87
2024-06-06,Sugar,47,93
2024-06-06,Tea,15,20
2024-06-06,Oil,24,69
2024-06-06,Biscuits,68,173
2024-06-06,Soap,29,70
2024-06-06,Shampoo,28,42
2024-06-07,Rice,52,71
2024-06-07,Wheat,41,108
2024-06-07,Sugar,43,89
2024-06-07,Tea,15,36
2024-06-07,Oil,19,32
2024-06-07,Biscuits,72,160
2024-06-07,Soap,27,48
2024-06-07,Shampoo,23,68
2024-06-08,Rice,84,191
2024-06-08,Wheat,59,159
2024-06-08,Sugar,50,89
2024-06-08,Tea,20,29
2024-06-08,Oil,26,53
2024-06-08,Biscuits,86,229
2024-06-08,Soap,39,91
2024-06-08,Shampoo,34,58
2024-06-09,Rice,61,135
2024-06-09,Wheat,70,116
2024-06-09,Sugar,51,134
2024-06-09,Tea,17,39
2024-06-09,Oil,23,46
2024-06-09,Biscuits,76,142
2024-06-09,Soap,38,68
2024-06-09,Shampoo,28,50
2024-06-10,Rice,58,123
2024-06-10,Wheat,53,87
2024-06-10,Sugar,47,100
2024-06-10,Tea,18,29
2024-06-10,Oil,22,41
2024-06-10,Biscuits,64,155
2024-06-10,Soap,32,93
2024-06-10,Shampoo,28,79
2024-06-11,Rice,61,149
2024-06-11,Wheat,45,96
2024-06-11,Sugar,47,88
2024-06-11,Tea,14,17
2024-06-11,Oil,25,44
2024-06-11,Biscuits,77,188
2024-06-11,Soap,33,63
2024-06-11,Shampoo,29,45
2024-06-12,Rice,49,119
2024-06-12,Wheat,38,97
2024-06-12,Sugar,48,68
2024-06-12,Tea,17,39
2024-06-12,Oil,23,48
2024-06-12,Biscuits,80,205
2024-06-12,Soap,29,69
2024-06-12,Shampoo,29,44
2024-06-13,Rice,57,69
2024-06-13,Wheat,47,116
2024-06-13,Sugar,44,108
2024-06-13,Tea,17,41
2024-06-13,Oil,23,47
2024-06-13,Biscuits,63,125
2024-06-13,Soap,32,48
2024-06-13,Shampoo,32,76
2024-06-14,Rice,76,99
2024-06-14,Wheat,53,89
2024-06-14,Sugar,37,59
2024-06-14,Tea,16,36
2024-06-14,Oil,25,70
2024-06-14,Biscuits,77,104
2024-06-14,Soap,37,82
2024-06-14,Shampoo,29,80
2024-06-15,Rice,64,155
2024-06-15,Wheat,61,157
2024-06-15,Sugar,56,78
2024-06-15,Tea,17,33
2024-06-15,Oil,30,38
2024-06-15,Biscuits,82,162
2024-06-15,Soap,36,104
2024-06-15,Shampoo,30,58
2024-06-16,Rice,63,160
2024-06-16,Wheat,61,153
2024-06-16,Sugar,65,158
2024-06-16,Tea,22,36
2024-06-16,Oil,21,40
2024-06-16,Biscuits,80,232
2024-06-16,Soap,41,63
2024-06-16,Shampoo,42,108
2024-06-17,Rice,58,76
2024-06-17,Wheat,52,71
2024-06-17,Sugar,47,94
2024-06-17,Tea,13,20
2024-06-17,Oil,21,26
2024-06-17,Biscuits,62,124
2024-06-17,Soap,31,51
2024-06-17,Shampoo,29,63
2024-06-18,Rice,56,117
2024-06-18,Wheat,46,105
2024-06-18,Sugar,40,96
2024-06-18,Tea,15,36
2024-06-18,Oil,19,54
2024-06-18,Biscuits,68,196
2024-06-18,Soap,32,95
2024-06-18,Shampoo,31,84
2024-06-19,Rice,50,131
2024-06-19,Wheat,55,106
2024-06-19,Sugar,45,114
2024-06-19,Tea,17,24
2024-06-19,Oil,21,35
2024-06-19,Biscuits,70,199
2024-06-19,Soap,31,76
2024-06-19,Shampoo,27,50
2024-06-20,Rice,55,76
2024-06-20,Wheat,55,72
2024-06-20,Sugar,45,92
2024-06-20,Tea,18,42
2024-06-20,Oil,20,41
2024-06-20,Biscuits,64,83
2024-06-20,Soap,32,48
2024-06-20,Shampoo,28,44
2024-06-21,Rice,55,68
2024-06-21,Wheat,48,77
2024-06-21,Sugar,43,98
2024-06-21,Tea,17,21
2024-06-21,Oil,21,31
2024-06-21,Biscuits,65,161
2024-06-21,Soap,34,42
2024-06-21,Shampoo,29,68
2024-06-22,Rice,72,149
2024-06-22,Wheat,57,91
2024-06-22,Sugar,53,86
2024-06-22,Tea,21,49
2024-06-22,Oil,21,39
2024-06-22,Biscuits,73,213
2024-06-22,Soap,37,69
2024-06-22,Shampoo,34,52
2024-06-23,Rice,69,138
2024-06-23,Wheat,58,97
2024-06-23,Sugar,59,98
2024-06-23,Tea,21,27
2024-06-23,Oil,25,51
2024-06-23,Biscuits,77,211
2024-06-23,Soap,33,76
2024-06-23,Shampoo,35,54
2024-06-24,Rice,58,128
2024-06-24,Wheat,58,117
2024-06-24,Sugar,44,112
2024-06-24,Tea,17,33
2024-06-24,Oil,23,50
2024-06-24,Biscuits,65,146
2024-06-24,Soap,32,71
2024-06-24,Shampoo,34,67
2024-06-25,Rice,53,126
2024-06-25,Wheat,56,132
2024-06-25,Sugar,42,79
2024-06-25,Tea,16,30
2024-06-25,Oil,20,43
2024-06-25,Biscuits,59,176
2024-06-25,Soap,34,86
2024-06-25,Shampoo,27,45
2024-06-26,Rice,61,80
2024-06-26,Wheat,43,123
2024-06-26,Sugar,50,145
2024-06-26,Tea,16,26
2024-06-26,Oil,22,29
2024-06-26,Biscuits,59,134
2024-06-26,Soap,36,62
2024-06-26,Shampoo,24,52
2024-06-27,Rice,52,84
2024-06-27,Wheat,51,122
2024-06-27,Sugar,42,50
2024-06-27,Tea,16,31
2024-06-27,Oil,19,51
2024-06-27,Biscuits,75,118
2024-06-27,Soap,37,48
2024-06-27,Shampoo,26,40
2024-06-28,Rice,60,105
2024-06-28,Wheat,50,73
2024-06-28,Sugar,42,125
2024-06-28,Tea,18,51
2024-06-28,Oil,22,59
2024-06-28,Biscuits,74,190
2024-06-28,Soap,28,82
2024-06-28,Shampoo,34,101
2024-06-29,Rice,66,125
2024-06-29,Wheat,66,144
2024-06-29,Sugar,59,95
2024-06-29,Tea,20,57
2024-06-29,Oil,24,45
2024-06-29,Biscuits,69,114
2024-06-29,Soap,36,64
2024-06-29,Shampoo,28,49
2024-06-30,Rice,80,136
2024-06-30,Wheat,63,110
2024-06-30,Sugar,52,131
2024-06-30,Tea,21,50
2024-06-30,Oil,31,69
2024-06-30,Biscuits,77,195
2024-06-30,Soap,41,55
2024-06-30,Shampoo,35,77
2024-07-01,Rice,59,128
2024-07-01,Wheat,54,97
2024-07-01,Sugar,50,85
2024-07-01,Tea,19,32
2024-07-01,Oil,21,56
2024-07-01,Biscuits,66,152
2024-07-01,Soap,38,76
2024-07-01,Shampoo,25,39
2024-07-02,Rice,56,97
2024-07-02,Wheat,52,120
2024-07-02,Sugar,46,72
2024-07-02,Tea,16,20
2024-07-02,Oil,21,26
2024-07-02,Biscuits,70,183
2024-07-02,Soap,33,48
2024-07-02,Shampoo,21,49
2024-07-03,Rice,53,88
2024-07-03,Wheat,52,71
2024-07-03,Sugar,46,75
2024-07-03,Tea,17,23
2024-07-03,Oil,24,61
2024-07-03,Biscuits,58,100
2024-07-03,Soap,35,57
2024-07-03,Shampoo,29,76
2024-07-04,Rice,60,112
2024-07-04,Wheat,46,130
2024-07-04,Sugar,41,57
2024-07-04,Tea,16,22
2024-07-04,Oil,25,64
2024-07-04,Biscuits,64,99
2024-07-04,Soap,23,42
2024-07-04,Shampoo,31,53
2024-07-05,Rice,61,91
2024-07-05,Wheat,59,156
2024-07-05,Sugar,37,95
2024-07-05,Tea,19,28
2024-07-05,Oil,22,38
2024-07-05,Biscuits,66,151
2024-07-05,Soap,35,97
2024-07-05,Shampoo,33,59
2024-07-06,Rice,64,180
2024-07-06,Wheat,56,68
2024-07-06,Sugar,55,159
2024-07-06,Tea,22,32
2024-07-06,Oil,28,47
2024-07-06,Biscuits,77,94
2024-07-06,Soap,35,101
2024-07-06,Shampoo,40,64
2024-07-07,Rice,60,148
2024-07-07,Wheat,71,149
2024-07-07,Sugar,52,87
2024-07-07,Tea,20,24
2024-07-07,Oil,28,54
2024-07-07,Biscuits,84,146
2024-07-07,Soap,45,108
2024-07-07,Shampoo,34,48
2024-07-08,Rice,61,182
2024-07-08,Wheat,53,147
2024-07-08,Sugar,52,77
2024-07-08,Tea,21,47
2024-07-08,Oil,21,29
2024-07-08,Biscuits,68,172
2024-07-08,Soap,35,77
2024-07-08,Shampoo,34,87
2024-07-09,Rice,58,121
2024-07-09,Wheat,50,66
2024-07-09,Sugar,44,95
2024-07-09,Tea,14,38
2024-07-09,Oil,21,32
2024-07-09,Biscuits,70,205
2024-07-09,Soap,26,49
2024-07-09,Shampoo,25,42
2024-07-10,Rice,58,172
2024-07-10,Wheat,49,98
2024-07-10,Sugar,39,89
2024-07-10,Tea,16,26
2024-07-10,Oil,20,34
2024-07-10,Biscuits,64,132
2024-07-10,Soap,37,50
2024-07-10,Shampoo,29,59
2024-07-11,Rice,55,135
2024-07-11,Wheat,48,82
2024-07-11,Sugar,45,93
2024-07-11,Tea,16,33
2024-07-11,Oil,23,51
2024-07-11,Biscuits,60,73
2024-07-11,Soap,36,70
2024-07-11,Shampoo,28,45
2024-07-12,Rice,65,185
2024-07-12,Wheat,49,79
2024-07-12,Sugar,46,71
2024-07-12,Tea,16,38
2024-07-12,Oil,20,25
2024-07-12,Biscuits,64,145
2024-07-12,Soap,35,60
2024-07-12,Shampoo,27,65
2024-07-13,Rice,85,216
2024-07-13,Wheat,61,94
2024-07-13,Sugar,56,68
2024-07-13,Tea,19,37
2024-07-13,Oil,21,35
2024-07-13,Biscuits,73,129
2024-07-13,Soap,47,113
2024-07-13,Shampoo,29,48
2024-07-14,Rice,62,185
2024-07-14,Wheat,52,141
2024-07-14,Sugar,56,131
2024-07-14,Tea,23,67
2024-07-14,Oil,29,64
2024-07-14,Biscuits,82,232
2024-07-14,Soap,34,69
2024-07-14,Shampoo,39,88
2024-07-15,Rice,48,82
2024-07-15,Wheat,47,140
2024-07-15,Sugar,47,65
2024-07-15,Tea,16,31
2024-07-15,Oil,23,28
2024-07-15,Biscuits,71,199
2024-07-15,Soap,30,86
2024-07-15,Shampoo,30,84
2024-07-16,Rice,45,117
2024-07-16,Wheat,48,109
2024-07-16,Sugar,45,96
2024-07-16,Tea,13,28
2024-07-16,Oil,25,44
2024-07-16,Biscuits,64,152
2024-07-16,Soap,33,80
2024-07-16,Shampoo,24,54
2024-07-17,Rice,56,70
2024-07-17,Wheat,54,124
2024-07-17,Sugar,44,118
2024-07-17,Tea,17,21
2024-07-17,Oil,23,40
2024-07-17,Biscuits,73,170
2024-07-17,Soap,30,79
2024-07-17,Shampoo,32,78
2024-07-18,Rice,58,79
2024-07-18,Wheat,50,96
2024-07-18,Sugar,44,72
2024-07-18,Tea,15,28
2024-07-18,Oil,26,42
2024-07-18,Biscuits,80,141
2024-07-18,Soap,32,46
2024-07-18,Shampoo,29,37
2024-07-19,Rice,61,141
2024-07-19,Wheat,62,98
2024-07-19,Sugar,45,122
2024-07-19,Tea,14,26
2024-07-19,Oil,19,25
2024-07-19,Biscuits,72,184
2024-07-19,Soap,32,55
2024-07-19,Shampoo,27,47
2024-07-20,Rice,62,107
2024-07-20,Wheat,60,162
2024-07-20,Sugar,55,98
2024-07-20,Tea,23,62
2024-07-20,Oil,24,48
2024-07-20,Biscuits,69,170
2024-07-20,Soap,43,119
2024-07-20,Shampoo,33,98
2024-07-21,Rice,59,140
2024-07-21,Wheat,61,146
2024-07-21,Sugar,56,70
2024-07-21,Tea,21,50
2024-07-21,Oil,29,56
2024-07-21,Biscuits,80,189
2024-07-21,Soap,42,66
2024-07-21,Shampoo,36,70
2024-07-22,Rice,67,130
2024-07-22,Wheat,50,96
2024-07-22,Sugar,44,109
2024-07-22,Tea,16,39
2024-07-22,Oil,22,32
2024-07-22,Biscuits,68,193
2024-07-22,Soap,33,74
2024-07-22,Shampoo,27,61
2024-07-23,Rice,57,81
2024-07-23,Wheat,52,153
2024-07-23,Sugar,44,96
2024-07-23,Tea,19,51
2024-07-23,Oil,27,53
2024-07-23,Biscuits,66,123
2024-07-23,Soap,34,89
2024-07-23,Shampoo,31,61
2024-07-24,Rice,50,88
2024-07-24,Wheat,47,104
2024-07-24,Sugar,38,87
2024-07-24,Tea,15,26
2024-07-24,Oil,25,71
2024-07-24,Biscuits,72,187
2024-07-24,Soap,37,94
2024-07-24,Shampoo,24,44
2024-07-25,Rice,60,176
2024-07-25,Wheat,47,91
2024-07-25,Sugar,51,112
2024-07-25,Tea,16,41
2024-07-25,Oil,21,54
2024-07-25,Biscuits,66,133
2024-07-25,Soap,32,82
2024-07-25,Shampoo,30,58
2024-07-26,Rice,57,72
2024-07-26,Wheat,46,113
2024-07-26,Sugar,41,85
2024-07-26,Tea,15,40
2024-07-26,Oil,19,52
2024-07-26,Biscuits,66,130
2024-07-26,Soap,27,54
2024-07-26,Shampoo,25,35
2024-07-27,Rice,76,188
2024-07-27,Wheat,67,113
2024-07-27,Sugar,50,135
2024-07-27,Tea,21,57
2024-07-27,Oil,26,58
2024-07-27,Biscuits,88,153
2024-07-27,Soap,43,70
2024-07-27,Shampoo,33,40
2024-07-28,Rice,68,186
2024-07-28,Wheat,62,146
2024-07-28,Sugar,49,133
2024-07-28,Tea,21,28
2024-07-28,Oil,28,54
2024-07-28,Biscuits,88,130
2024-07-28,Soap,45,132
2024-07-28,Shampoo,27,43
2024-07-29,Rice,52,106
2024-07-29,Wheat,55,109
2024-07-29,Sugar,53,100
2024-07-29,Tea,15,38
2024-07-29,Oil,25,34
2024-07-29,Biscuits,67,132
2024-07-29,Soap,34,56
2024-07-29,Shampoo,27,45
2024-07-30,Rice,61,134
2024-07-30,Wheat,52,71
2024-07-30,Sugar,37,109
2024-07-30,Tea,18,48
2024-07-30,Oil,22,62
2024-07-30,Biscuits,73,164
2024-07-30,Soap,30,51
2024-07-30,Shampoo,28,47
2024-07-31,Rice,44,69
2024-07-31,Wheat,48,141
2024-07-31,Sugar,41,97
2024-07-31,Tea,16,40
2024-07-31,Oil,21,62
2024-07-31,Biscuits,65,179
2024-07-31,Soap,35,64
2024-07-31,Shampoo,28,41
2024-08-01,Rice,60,111
2024-08-01,Wheat,53,110
2024-08-01,Sugar,43,107
2024-08-01,Tea,19,52
2024-08-01,Oil,22,61
2024-08-01,Biscuits,62,109
2024-08-01,Soap,33,60
2024-08-01,Shampoo,28,35
2024-08-02,Rice,57,140
2024-08-02,Wheat,45,117
2024-08-02,Sugar,39,92
2024-08-02,Tea,14,39
2024-08-02,Oil,22,33
2024-08-02,Biscuits,71,166
2024-08-02,Soap,39,99
2024-08-02,Shampoo,29,74
2024-08-03,Rice,86,246
2024-08-03,Wheat,50,149
2024-08-03,Sugar,61,73
2024-08-03,Tea,20,59
2024-08-03,Oil,28,68
2024-08-03,Biscuits,74,157
2024-08-03,Soap,36,74
2024-08-03,Shampoo,35,94
2024-08-04,Rice,76,120
2024-08-04,Wheat,68,113
2024-08-04,Sugar,51,124
2024-08-04,Tea,21,48
2024-08-04,Oil,25,38
2024-08-04,Biscuits,80,140
2024-08-04,Soap,41,114
2024-08-04,Shampoo,32,80
2024-08-05,Rice,47,68
2024-08-05,Wheat,50,126
2024-08-05,Sugar,41,82
2024-08-05,Tea,19,35
2024-08-05,Oil,20,36
2024-08-05,Biscuits,81,230
2024-08-05,Soap,30,60
2024-08-05,Shampoo,31,45
2024-08-06,Rice,54,68
2024-08-06,Wheat,59,166
2024-08-06,Sugar,50,76
2024-08-06,Tea,19,56
2024-08-06,Oil,20,49
2024-08-06,Biscuits,74,171
2024-08-06,Soap,34,98
2024-08-06,Shampoo,27,36
2024-08-07,Rice,55,90
2024-08-07,Wheat,49,129
2024-08-07,Sugar,39,73
2024-08-07,Tea,17,23
2024-08-07,Oil,20,48
2024-08-07,Biscuits,71,188
2024-08-07,Soap,29,38
2024-08-07,Shampoo,26,53
2024-08-08,Rice,55,97
2024-08-08,Wheat,57,132
2024-08-08,Sugar,46,98
2024-08-08,Tea,17,40
2024-08-08,Oil,22,37
2024-08-08,Biscuits,69,184
2024-08-08,Soap,38,82
2024-08-08,Shampoo,30,80
2024-08-09,Rice,71,187
2024-08-09,Wheat,50,144
2024-08-09,Sugar,49,89
2024-08-09,Tea,16,25
2024-08-09,Oil,21,36
2024-08-09,Biscuits,77,140
2024-08-09,Soap,31,77
2024-08-09,Shampoo,34,60
2024-08-10,Rice,58,110
2024-08-10,Wheat,65,113
2024-08-10,Sugar,51,82
2024-08-10,Tea,23,66
2024-08-10,Oil,28,58
2024-08-10,Biscuits,67,143
2024-08-10,Soap,38,81
2024-08-10,Shampoo,34,58
2024-08-11,Rice,70,126
2024-08-11,Wheat,69,181
2024-08-11,Sugar,56,131
2024-08-11,Tea,21,56
2024-08-11,Oil,30,63
2024-08-11,Biscuits,83,205
2024-08-11,Soap,40,106
2024-08-11,Shampoo,36,56
2024-08-12,Rice,52,115
2024-08-12,Wheat,49,128
2024-08-12,Sugar,41,118
2024-08-12,Tea,18,53
2024-08-12,Oil,24,61
2024-08-12,Biscuits,63,187
2024-08-12,Soap,39,61
2024-08-12,Shampoo,33,46
2024-08-13,Rice,49,146
2024-08-13,Wheat,48,84
2024-08-13,Sugar,44,102
2024-08-13,Tea,14,36
2024-08-13,Oil,23,64
2024-08-13,Biscuits,77,181
2024-08-13,Soap,34,43
2024-08-13,Shampoo,22,60
2024-08-14,Rice,63,100
2024-08-14,Wheat,51,111
2024-08-14,Sugar,40,73
2024-08-14,Tea,16,33
2024-08-14,Oil,22,33
2024-08-14,Biscuits,65,179
2024-08-14,Soap,32,49
2024-08-14,Shampoo,29,62
2024-08-15,Rice,68,184
2024-08-15,Wheat,46,72
2024-08-15,Sugar,41,60
2024-08-15,Tea,15,30
2024-08-15,Oil,24,31
2024-08-15,Biscuits,70,95
2024-08-15,Soap,28,66
2024-08-15,Shampoo,29,47
2024-08-16,Rice,50,72
2024-08-16,Wheat,55,151
2024-08-16,Sugar,46,59
2024-08-16,Tea,18,28
2024-08-16,Oil,24,64
2024-08-16,Biscuits,70,203
2024-08-16,Soap,36,44
2024-08-16,Shampoo,27,53
2024-08-17,Rice,65,129
2024-08-17,Wheat,63,154
2024-08-17,Sugar,52,122
2024-08-17,Tea,23,50
2024-08-17,Oil,30,59
2024-08-17,Biscuits,85,218
2024-08-17,Soap,36,82
2024-08-17,Shampoo,32,59
2024-08-18,Rice,70,178
2024-08-18,Wheat,64,184
2024-08-18,Sugar,53,92
2024-08-18,Tea,24,40
2024-08-18,Oil,25,71
2024-08-18,Biscuits,83,199
2024-08-18,Soap,41,60
2024-08-18,Shampoo,36,44
2024-08-19,Rice,65,164
2024-08-19,Wheat,53,85
2024-08-19,Sugar,45,97
2024-08-19,Tea,16,24
2024-08-19,Oil,30,74
2024-08-19,Biscuits,55,91
2024-08-19,Soap,35,53
2024-08-19,Shampoo,29,52
2024-08-20,Rice,52,67
2024-08-20,Wheat,46,98
2024-08-20,Sugar,51,114
2024-08-20,Tea,17,48
2024-08-20,Oil,25,46
2024-08-20,Biscuits,67,154
2024-08-20,Soap,31,55
2024-08-20,Shampoo,30,57
2024-08-21,Rice,66,108
2024-08-21,Wheat,46,137
2024-08-21,Sugar,39,79
2024-08-21,Tea,17,21
2024-08-21,Oil,18,39
2024-08-21,Biscuits,68,185
2024-08-21,Soap,38,62
2024-08-21,Shampoo,27,58
2024-08-22,Rice,53,87
2024-08-22,Wheat,54,77
2024-08-22,Sugar,41,90
2024-08-22,Tea,16,34
2024-08-22,Oil,25,74
2024-08-22,Biscuits,77,146
2024-08-22,Soap,31,81
2024-08-22,Shampoo,33,62
2024-08-23,Rice,63,188
2024-08-23,Wheat,44,65
2024-08-23,Sugar,51,79
2024-08-23,Tea,14,18
2024-08-23,Oil,19,55
2024-08-23,Biscuits,75,108
2024-08-23,Soap,33,66
2024-08-23,Shampoo,28,73
2024-08-24,Rice,68,90
2024-08-24,Wheat,60,112
2024-08-24,Sugar,58,122
2024-08-24,Tea,17,26
2024-08-24,Oil,27,46
2024-08-24,Biscuits,71,121
2024-08-24,Soap,34,56
2024-08-24,Shampoo,33,54
2024-08-25,Rice,72,152
2024-08-25,Wheat,52,112
2024-08-25,Sugar,57,158
2024-08-25,Tea,22,52
2024-08-25,Oil,32,61
2024-08-25,Biscuits,74,99
2024-08-25,Soap,35,76
2024-08-25,Shampoo,31,88
2024-08-26,Rice,70,193
2024-08-26,Wheat,45,130
2024-08-26,Sugar,43,124
2024-08-26,Tea,17,32
2024-08-26,Oil,25,51
2024-08-26,Biscuits,69,92
2024-08-26,Soap,32,88
2024-08-26,Shampoo,29,77
2024-08-27,Rice,66,89
2024-08-27,Wheat,51,138
2024-08-27,Sugar,46,95
2024-08-27,Tea,17,42
2024-08-27,Oil,25,56
2024-08-27,Biscuits,69,144
2024-08-27,Soap,36,71
2024-08-27,Shampoo,26,72
2024-08-28,Rice,47,123
2024-08-28,Wheat,47,76
2024-08-28,Sugar,42,85
2024-08-28,Tea,15,21
2024-08-28,Oil,21,46
2024-08-28,Biscuits,72,98
2024-08-28,Soap,33,82
2024-08-28,Shampoo,33,61
2024-08-29,Rice,50,120
2024-08-29,Wheat,51,100
2024-08-29,Sugar,46,121
2024-08-29,Tea,16,35
2024-08-29,Oil,21,36
2024-08-29,Biscuits,72,215
2024-08-29,Soap,36,100
2024-08-29,Shampoo,24,47
2024-08-30,Rice,63,167
2024-08-30,Wheat,53,121
2024-08-30,Sugar,48,80
2024-08-30,Tea,16,20
2024-08-30,Oil,23,57
2024-08-30,Biscuits,73,107
2024-08-30,Soap,32,43
2024-08-30,Shampoo,29,78
2024-08-31,Rice,64,113
2024-08-31,Wheat,68,127
2024-08-31,Sugar,63,157
2024-08-31,Tea,17,38
2024-08-31,Oil,29,37
2024-08-31,Biscuits,81,220
2024-08-31,Soap,31,80
2024-08-31,Shampoo,32,76
2024-09-01,Rice,77,141
2024-09-01,Wheat,54,125
2024-09-01,Sugar,50,112
2024-09-01,Tea,20,48
2024-09-01,Oil,26,37
2024-09-01,Biscuits,90,179
2024-09-01,Soap,32,65
2024-09-01,Shampoo,36,74
2024-09-02,Rice,59,80
2024-09-02,Wheat,44,69
2024-09-02,Sugar,51,108
2024-09-02,Tea,17,50
2024-09-02,Oil,26,59
2024-09-02,Biscuits,74,208
2024-09-02,Soap,32,89
2024-09-02,Shampoo,35,76
2024-09-03,Rice,49,95
2024-09-03,Wheat,46,115
2024-09-03,Sugar,45,118
2024-09-03,Tea,14,23
2024-09-03,Oil,21,51
2024-09-03,Biscuits,76,223
2024-09-03,Soap,30,82
2024-09-03,Shampoo,31,70
2024-09-04,Rice,70,165
2024-09-04,Wheat,46,94
2024-09-04,Sugar,42,123
2024-09-04,Tea,14,17
2024-09-04,Oil,24,58
2024-09-04,Biscuits,66,110
2024-09-04,Soap,35,72
2024-09-04,Shampoo,27,71
2024-09-05,Rice,58,170
2024-09-05,Wheat,54,120
2024-09-05,Sugar,52,119
2024-09-05,Tea,16,38
2024-09-05,Oil,25,42
2024-09-05,Biscuits,63,125
2024-09-05,Soap,37,105
2024-09-05,Shampoo,29,46
2024-09-06,Rice,68,136
2024-09-06,Wheat,41,68
2024-09-06,Sugar,41,106
2024-09-06,Tea,15,32
2024-09-06,Oil,25,42
2024-09-06,Biscuits,76,103
2024-09-06,Soap,36,46
2024-09-06,Shampoo,28,53
2024-09-07,Rice,75,94
2024-09-07,Wheat,61,170
2024-09-07,Sugar,53,93
2024-09-07,Tea,21,36
2024-09-07,Oil,27,47
2024-09-07,Biscuits,91,255
2024-09-07,Soap,35,85
2024-09-07,Shampoo,37,46
2024-09-08,Rice,67,167
2024-09-08,Wheat,61,73
2024-09-08,Sugar,53,153
2024-09-08,Tea,20,34
2024-09-08,Oil,26,55
2024-09-08,Biscuits,96,137
2024-09-08,Soap,47,107
2024-09-08,Shampoo,27,36
2024-09-09,Rice,58,173
2024-09-09,Wheat,59,87
2024-09-09,Sugar,48,74
2024-09-09,Tea,16,38
2024-09-09,Oil,22,59
2024-09-09,Biscuits,67,99
2024-09-09,Soap,31,62
2024-09-09,Shampoo,28,49
2024-09-10,Rice,56,120
2024-09-10,Wheat,52,92
2024-09-10,Sugar,43,56
2024-09-10,Tea,17,30
2024-09-10,Oil,18,33
2024-09-10,Biscuits,64,115
2024-09-10,Soap,31,55
2024-09-10,Shampoo,31,41
2024-09-11,Rice,58,108
2024-09-11,Wheat,53,102
2024-09-11,Sugar,44,76
2024-09-11,Tea,14,17
2024-09-11,Oil,25,69
2024-09-11,Biscuits,81,176
2024-09-11,Soap,37,58
2024-09-11,Shampoo,27,57
2024-09-12,Rice,67,97
2024-09-12,Wheat,56,142
2024-09-12,Sugar,45,121
2024-09-12,Tea,14,26
2024-09-12,Oil,27,59
2024-09-12,Biscuits,74,185
2024-09-12,Soap,37,107
2024-09-12,Shampoo,31,71
2024-09-13,Rice,49,112
2024-09-13,Wheat,58,136
2024-09-13,Sugar,46,83
2024-09-13,Tea,19,26
2024-09-13,Oil,23,34
2024-09-13,Biscuits,74,93
2024-09-13,Soap,39,85
2024-09-13,Shampoo,32,74
2024-09-14,Rice,70,121
2024-09-14,Wheat,67,161
2024-09-14,Sugar,56,120
2024-09-14,Tea,19,30
2024-09-14,Oil,28,63
2024-09-14,Biscuits,69,90
2024-09-14,Soap,38,104
2024-09-14,Shampoo,29,83
2024-09-15,Rice,66,137
2024-09-15,Wheat,51,141
2024-09-15,Sugar,59,95
2024-09-15,Tea,26,64
2024-09-15,Oil,24,61
2024-09-15,Biscuits,76,114
2024-09-15,Soap,41,101
2024-09-15,Shampoo,31,77
2024-09-16,Rice,38,66
2024-09-16,Wheat,53,91
2024-09-16,Sugar,37,48
2024-09-16,Tea,18,25
2024-09-16,Oil,26,35
2024-09-16,Biscuits,68,186
2024-09-16,Soap,31,74
2024-09-16,Shampoo,27,72
2024-09-17,Rice,58,70
2024-09-17,Wheat,46,67
2024-09-17,Sugar,48,93
2024-09-17,Tea,18,38
2024-09-17,Oil,21,56
2024-09-17,Biscuits,64,127
2024-09-17,Soap,37,105
2024-09-17,Shampoo,23,54
2024-09-18,Rice,54,125
2024-09-18,Wheat,52,143
2024-09-18,Sugar,44,92
2024-09-18,Tea,16,19
2024-09-18,Oil,21,45
2024-09-18,Biscuits,64,85
2024-09-18,Soap,32,45
2024-09-18,Shampoo,29,78
2024-09-19,Rice,55,75
2024-09-19,Wheat,57,162
2024-09-19,Sugar,42,71
2024-09-19,Tea,18,21
2024-09-19,Oil,22,50
2024-09-19,Biscuits,65,79
2024-09-19,Soap,30,63
2024-09-19,Shampoo,26,44
2024-09-20,Rice,59,111
2024-09-20,Wheat,45,61
2024-09-20,Sugar,35,74
2024-09-20,Tea,20,31
2024-09-20,Oil,22,35
2024-09-20,Biscuits,65,139
2024-09-20,Soap,36,53
2024-09-20,Shampoo,25,56
2024-09-21,Rice,76,188
2024-09-21,Wheat,58,131
2024-09-21,Sugar,45,84
2024-09-21,Tea,22,53
2024-09-21,Oil,30,63
2024-09-21,Biscuits,90,231
2024-09-21,Soap,32,45
2024-09-21,Shampoo,30,71
2024-09-22,Rice,77,105
2024-09-22,Wheat,70,113
2024-09-22,Sugar,62,175
2024-09-22,Tea,18,34
2024-09-22,Oil,26,31
2024-09-22,Biscuits,59,99
2024-09-22,Soap,33,49
2024-09-22,Shampoo,34,84
2024-09-23,Rice,44,55
2024-09-23,Wheat,62,115
2024-09-23,Sugar,47,114
2024-09-23,Tea,15,25
2024-09-23,Oil,23,36
2024-09-23,Biscuits,72,206
2024-09-23,Soap,32,64
2024-09-23,Shampoo,29,38
2024-09-24,Rice,41,85
2024-09-24,Wheat,52,63
2024-09-24,Sugar,54,142
2024-09-24,Tea,17,47
2024-09-24,Oil,22,63
2024-09-24,Biscuits,65,135
2024-09-24,Soap,29,40
2024-09-24,Shampoo,28,49
2024-09-25,Rice,59,98
2024-09-25,Wheat,45,101
2024-09-25,Sugar,50,60
2024-09-25,Tea,17,37
2024-09-25,Oil,21,45
2024-09-25,Biscuits,56,75
2024-09-25,Soap,29,55
2024-09-25,Shampoo,29,84
2024-09-26,Rice,64,134
2024-09-26,Wheat,46,67
2024-09-26,Sugar,47,87
2024-09-26,Tea,18,42
2024-09-26,Oil,24,69
2024-09-26,Biscuits,64,183
2024-09-26,Soap,36,64
2024-09-26,Shampoo,31,69
2024-09-27,Rice,57,118
2024-09-27,Wheat,48,126
2024-09-27,Sugar,53,136
2024-09-27,Tea,18,43
2024-09-27,Oil,23,51
2024-09-27,Biscuits,66,173
2024-09-27,Soap,39,97
2024-09-27,Shampoo,31,62
2024-09-28,Rice,71,119
2024-09-28,Wheat,56,67
2024-09-28,Sugar,63,130
2024-09-28,Tea,16,40
2024-09-28,Oil,22,39
2024-09-28,Biscuits,85,244
2024-09-28,Soap,43,74
2024-09-28,Shampoo,31,88
2024-09-29,Rice,73,165
2024-09-29,Wheat,61,86
2024-09-29,Sugar,51,91
2024-09-29,Tea,21,40
2024-09-29,Oil,27,61
2024-09-29,Biscuits,81,126
2024-09-29,Soap,46,123
2024-09-29,Shampoo,33,74
2024-09-30,Rice,51,73
2024-09-30,Wheat,49,122
2024-09-30,Sugar,40,94
2024-09-30,Tea,18,33
2024-09-30,Oil,22,47
2024-09-30,Biscuits,70,128
2024-09-30,Soap,34,70
2024-09-30,Shampoo,33,79
2024-10-01,Rice,58,106
2024-10-01,Wheat,54,96
2024-10-01,Sugar,39,87
2024-10-01,Tea,15,42
2024-10-01,Oil,28,81
2024-10-01,Biscuits,59,165
2024-10-01,Soap,38,45
2024-10-01,Shampoo,31,72
2024-10-02,Rice,70,185
2024-10-02,Wheat,42,81
2024-10-02,Sugar,41,93
2024-10-02,Tea,14,25
2024-10-02,Oil,22,50
2024-10-02,Biscuits,72,172
2024-10-02,Soap,38,68
2024-10-02,Shampoo,28,61
2024-10-03,Rice,64,126
2024-10-03,Wheat,53,78
2024-10-03,Sugar,41,104
2024-10-03,Tea,16,38
2024-10-03,Oil,26,52
2024-10-03,Biscuits,71,87
2024-10-03,Soap,39,48
2024-10-03,Shampoo,26,57
2024-10-04,Rice,59,117
2024-10-04,Wheat,57,134
2024-10-04,Sugar,44,62
2024-10-04,Tea,19,44
2024-10-04,Oil,25,72
2024-10-04,Biscuits,76,110
2024-10-04,Soap,27,55
2024-10-04,Shampoo,25,53
2024-10-05,Rice,67,129
2024-10-05,Wheat,51,88
2024-10-05,Sugar,57,114
2024-10-05,Tea,22,56
2024-10-05,Oil,25,54
2024-10-05,Biscuits,75,185
2024-10-05,Soap,44,75
2024-10-05,Shampoo,33,84
2024-10-06,Rice,65,114
2024-10-06,Wheat,51,102
2024-10-06,Sugar,49,146
2024-10-06,Tea,22,45
2024-10-06,Oil,28,35
2024-10-06,Biscuits,95,131
2024-10-06,Soap,43,114
2024-10-06,Shampoo,33,63
2024-10-07,Rice,66,184
2024-10-07,Wheat,52,93
2024-10-07,Sugar,53,142
2024-10-07,Tea,18,34
2024-10-07,Oil,25,37
2024-10-07,Biscuits,72,207
2024-10-07,Soap,35,81
2024-10-07,Shampoo,28,35
2024-10-08,Rice,55,115
2024-10-08,Wheat,55,142
2024-10-08,Sugar,47,74
2024-10-08,Tea,15,44
2024-10-08,Oil,25,73
2024-10-08,Biscuits,73,146
2024-10-08,Soap,39,102
2024-10-08,Shampoo,37,63
2024-10-09,Rice,54,111
2024-10-09,Wheat,53,127
2024-10-09,Sugar,46,71
2024-10-09,Tea,18,40
2024-10-09,Oil,18,38
2024-10-09,Biscuits,72,95
2024-10-09,Soap,42,111
2024-10-09,Shampoo,29,47
2024-10-10,Rice,53,104
2024-10-10,Wheat,47,72
2024-10-10,Sugar,47,66
2024-10-10,Tea,19,26
2024-10-10,Oil,24,64
2024-10-10,Biscuits,66,130
2024-10-10,Soap,34,45
2024-10-10,Shampoo,30,40
2024-10-11,Rice,60,96
2024-10-11,Wheat,38,50
2024-10-11,Sugar,45,74
2024-10-11,Tea,19,31
2024-10-11,Oil,20,54
2024-10-11,Biscuits,73,107
2024-10-11,Soap,29,36
2024-10-11,Shampoo,25,54
2024-10-12,Rice,68,148
2024-10-12,Wheat,87,239
2024-10-12,Sugar,58,156
2024-10-12,Tea,23,64
2024-10-12,Oil,28,78
2024-10-12,Biscuits,73,190
2024-10-12,Soap,36,55
2024-10-12,Shampoo,31,71
2024-10-13,Rice,65,103
2024-10-13,Wheat,56,69
2024-10-13,Sugar,59,127
2024-10-13,Tea,21,46
2024-10-13,Oil,21,27
2024-10-13,Biscuits,89,182
2024-10-13,Soap,39,86
2024-10-13,Shampoo,39,50
2024-10-14,Rice,55,72
2024-10-14,Wheat,45,58
2024-10-14,Sugar,40,48
2024-10-14,Tea,19,29
2024-10-14,Oil,22,35
2024-10-14,Biscuits,57,82
2024-10-14,Soap,33,92
2024-10-14,Shampoo,30,36
2024-10-15,Rice,68,119
2024-10-15,Wheat,49,116
2024-10-15,Sugar,53,70
2024-10-15,Tea,15,22
2024-10-15,Oil,22,56
2024-10-15,Biscuits,56,131
2024-10-15,Soap,32,90
2024-10-15,Shampoo,26,67
2024-10-16,Rice,57,119
2024-10-16,Wheat,57,139
2024-10-16,Sugar,34,41
2024-10-16,Tea,16,27
2024-10-16,Oil,20,53
2024-10-16,Biscuits,69,199
2024-10-16,Soap,31,52
2024-10-16,Shampoo,28,81
2024-10-17,Rice,64,190
2024-10-17,Wheat,64,115
2024-10-17,Sugar,76,123
2024-10-17,Tea,24,48
2024-10-17,Oil,33,85
2024-10-17,Biscuits,89,132
2024-10-17,Soap,40,105
2024-10-17,Shampoo,38,88
2024-10-18,Rice,85,248
2024-10-18,Wheat,64,139
2024-10-18,Sugar,69,141
2024-10-18,Tea,28,55
2024-10-18,Oil,34,98
2024-10-18,Biscuits,88,156
2024-10-18,Soap,52,86
2024-10-18,Shampoo,38,46
2024-10-19,Rice,104,233
2024-10-19,Wheat,94,277
2024-10-19,Sugar,96,177
2024-10-19,Tea,34,53
2024-10-19,Oil,45,119
2024-10-19,Biscuits,106,218
2024-10-19,Soap,49,88
2024-10-19,Shampoo,51,69
2024-10-20,Rice,107,313
2024-10-20,Wheat,80,166
2024-10-20,Sugar,68,145
2024-10-20,Tea,34,87
2024-10-20,Oil,41,73
2024-10-20,Biscuits,138,249
2024-10-20,Soap,61,131
2024-10-20,Shampoo,51,65
2024-10-21,Rice,106,289
2024-10-21,Wheat,81,198
2024-10-21,Sugar,76,184
2024-10-21,Tea,22,56
2024-10-21,Oil,35,100
2024-10-21,Biscuits,117,237
2024-10-21,Soap,54,77
2024-10-21,Shampoo,42,58
2024-10-22,Rice,87,148
2024-10-22,Wheat,81,176
2024-10-22,Sugar,77,165
2024-10-22,Tea,22,36
2024-10-22,Oil,38,80
2024-10-22,Biscuits,101,258
2024-10-22,Soap,53,89
2024-10-22,Shampoo,52,91
2024-10-23,Rice,81,190
2024-10-23,Wheat,84,139
2024-10-23,Sugar,71,134
2024-10-23,Tea,24,44
2024-10-23,Oil,36,105
2024-10-23,Biscuits,108,132
2024-10-23,Soap,57,133
2024-10-23,Shampoo,32,59
2024-10-24,Rice,87,209
2024-10-24,Wheat,77,116
2024-10-24,Sugar,71,204
2024-10-24,Tea,28,68
2024-10-24,Oil,25,67
2024-10-24,Biscuits,88,215
2024-10-24,Soap,56,131
2024-10-24,Shampoo,42,84
2024-10-25,Rice,89,189
2024-10-25,Wheat,65,135
2024-10-25,Sugar,73,204
2024-10-25,Tea,27,50
2024-10-25,Oil,37,77
2024-10-25,Biscuits,112,268
2024-10-25,Soap,49,59
2024-10-25,Shampoo,47,91
2024-10-26,Rice,101,145
2024-10-26,Wheat,88,157
2024-10-26,Sugar,94,152
2024-10-26,Tea,30,49
2024-10-26,Oil,35,91
2024-10-26,Biscuits,118,273
2024-10-26,Soap,66,101
2024-10-26,Shampoo,51,126
2024-10-27,Rice,99,214
2024-10-27,Wheat,96,280
2024-10-27,Sugar,80,227
2024-10-27,Tea,32,53
2024-10-27,Oil,40,72
2024-10-27,Biscuits,138,304
2024-10-27,Soap,56,96
2024-10-27,Shampoo,45,91
2024-10-28,Rice,91,165
2024-10-28,Wheat,63,83
2024-10-28,Sugar,66,104
2024-10-28,Tea,25,39
2024-10-28,Oil,37,81
2024-10-28,Biscuits,125,313
2024-10-28,Soap,51,74
2024-10-28,Shampoo,36,99
2024-10-29,Rice,89,245
2024-10-29,Wheat,85,119
2024-10-29,Sugar,66,117
2024-10-29,Tea,24,29
2024-10-29,Oil,37,62
2024-10-29,Biscuits,108,230
2024-10-29,Soap,48,85
2024-10-29,Shampoo,37,104
2024-10-30,Rice,86,240
2024-10-30,Wheat,69,181
2024-10-30,Sugar,66,157
2024-10-30,Tea,27,38
2024-10-30,Oil,37,58
2024-10-30,Biscuits,94,124
2024-10-30,Soap,56,142
2024-10-30,Shampoo,45,68
2024-10-31,Rice,86,209
2024-10-31,Wheat,74,120
2024-10-31,Sugar,58,134
2024-10-31,Tea,26,65
2024-10-31,Oil,29,52
2024-10-31,Biscuits,93,261
2024-10-31,Soap,43,82
2024-10-31,Shampoo,44,99
2024-11-01,Rice,61,139
2024-11-01,Wheat,50,112
2024-11-01,Sugar,45,98
2024-11-01,Tea,17,21
2024-11-01,Oil,21,41
2024-11-01,Biscuits,74,194
2024-11-01,Soap,30,59
2024-11-01,Shampoo,29,85
2024-11-02,Rice,76,218
2024-11-02,Wheat,57,110
2024-11-02,Sugar,51,113
2024-11-02,Tea,19,51
2024-11-02,Oil,22,29
2024-11-02,Biscuits,80,105
2024-11-02,Soap,49,146
2024-11-02,Shampoo,35,53
2024-11-03,Rice,62,151
2024-11-03,Wheat,68,116
2024-11-03,Sugar,48,72
2024-11-03,Tea,23,68
2024-11-03,Oil,27,33
2024-11-03,Biscuits,78,174
2024-11-03,Soap,41,77
2024-11-03,Shampoo,39,69
2024-11-04,Rice,64,174
2024-11-04,Wheat,48,59
2024-11-04,Sugar,46,123
2024-11-04,Tea,18,52
2024-11-04,Oil,21,61
2024-11-04,Biscuits,59,84
2024-11-04,Soap,33,52
2024-11-04,Shampoo,28,40
2024-11-05,Rice,85,125
2024-11-05,Wheat,79,111
2024-11-05,Sugar,83,243
2024-11-05,Tea,25,73
2024-11-05,Oil,36,78
2024-11-05,Biscuits,117,191
2024-11-05,Soap,51,120
2024-11-05,Shampoo,44,54
2024-11-06,Rice,79,145
2024-11-06,Wheat,78,225
2024-11-06,Sugar,61,129
2024-11-06,Tea,27,45
2024-11-06,Oil,31,46
2024-11-06,Biscuits,105,301
2024-11-06,Soap,53,85
2024-11-06,Shampoo,45,78
2024-11-07,Rice,75,154
2024-11-07,Wheat,71,108
2024-11-07,Sugar,70,150
2024-11-07,Tea,27,74
2024-11-07,Oil,31,56
2024-11-07,Biscuits,97,183
2024-11-07,Soap,47,93
2024-11-07,Shampoo,44,68
2024-11-08,Rice,74,96
2024-11-08,Wheat,79,218
2024-11-08,Sugar,61,119
2024-11-08,Tea,29,85
2024-11-08,Oil,32,41
2024-11-08,Biscuits,96,143
2024-11-08,Soap,53,123
2024-11-08,Shampoo,47,85
2024-11-09,Rice,100,204
2024-11-09,Wheat,79,142
2024-11-09,Sugar,83,206
2024-11-09,Tea,31,91
2024-11-09,Oil,42,108
2024-11-09,Biscuits,125,350
2024-11-09,Soap,65,159
2024-11-09,Shampoo,45,88
2024-11-10,Rice,120,243
2024-11-10,Wheat,93,154
2024-11-10,Sugar,96,252
2024-11-10,Tea,25,45
2024-11-10,Oil,43,96
2024-11-10,Biscuits,126,156
2024-11-10,Soap,56,128
2024-11-10,Shampoo,49,72
2024-11-11,Rice,105,198
2024-11-11,Wheat,75,207
2024-11-11,Sugar,64,140
2024-11-11,Tea,27,63
2024-11-11,Oil,33,89
2024-11-11,Biscuits,107,169
2024-11-11,Soap,49,85
2024-11-11,Shampoo,40,113
2024-11-12,Rice,89,151
2024-11-12,Wheat,62,144
2024-11-12,Sugar,70,118
2024-11-12,Tea,22,57
2024-11-12,Oil,31,82
2024-11-12,Biscuits,118,268
2024-11-12,Soap,51,78
2024-11-12,Shampoo,41,114
2024-11-13,Rice,72,86
2024-11-13,Wheat,71,144
2024-11-13,Sugar,64,184
2024-11-13,Tea,27,62
2024-11-13,Oil,35,58
2024-11-13,Biscuits,107,174
2024-11-13,Soap,59,140
2024-11-13,Shampoo,45,94
2024-11-14,Rice,82,223
2024-11-14,Wheat,80,236
2024-11-14,Sugar,73,132
2024-11-14,Tea,24,42
2024-11-14,Oil,32,67
2024-11-14,Biscuits,91,131
2024-11-14,Soap,48,115
2024-11-14,Shampoo,47,60
2024-11-15,Rice,88,193
2024-11-15,Wheat,66,160
2024-11-15,Sugar,59,81
2024-11-15,Tea,23,58
2024-11-15,Oil,40,96
2024-11-15,Biscuits,103,164
2024-11-15,Soap,57,90
2024-11-15,Shampoo,43,81
2024-11-16,Rice,100,122
2024-11-16,Wheat,108,299
2024-11-16,Sugar,76,119
2024-11-16,Tea,27,34
2024-11-16,Oil,40,62
2024-11-16,Biscuits,141,411
2024-11-16,Soap,64,156
2024-11-16,Shampoo,57,71
2024-11-17,Rice,115,329
2024-11-17,Wheat,106,174
2024-11-17,Sugar,85,159
2024-11-17,Tea,33,45
2024-11-17,Oil,38,62
2024-11-17,Biscuits,122,307
2024-11-17,Soap,58,130
2024-11-17,Shampoo,58,98
2024-11-18,Rice,83,206
2024-11-18,Wheat,75,104
2024-11-18,Sugar,70,114
2024-11-18,Tea,24,53
2024-11-18,Oil,33,60
2024-11-18,Biscuits,95,114
2024-11-18,Soap,51,89
2024-11-18,Shampoo,40,98
2024-11-19,Rice,86,187
2024-11-19,Wheat,84,147
2024-11-19,Sugar,64,134
2024-11-19,Tea,25,43
2024-11-19,Oil,33,67
2024-11-19,Biscuits,94,208
2024-11-19,Soap,49,118
2024-11-19,Shampoo,47,85
2024-11-20,Rice,50,92
2024-11-20,Wheat,53,85
2024-11-20,Sugar,52,63
2024-11-20,Tea,18,51
2024-11-20,Oil,20,34
2024-11-20,Biscuits,69,91
2024-11-20,Soap,36,54
2024-11-20,Shampoo,25,71
2024-11-21,Rice,48,61
2024-11-21,Wheat,47,70
2024-11-21,Sugar,50,126
2024-11-21,Tea,16,42
2024-11-21,Oil,21,38
2024-11-21,Biscuits,81,227
2024-11-21,Soap,34,54
2024-11-21,Shampoo,22,29
2024-11-22,Rice,53,101
2024-11-22,Wheat,54,102
2024-11-22,Sugar,43,87
2024-11-22,Tea,19,36
2024-11-22,Oil,23,45
2024-11-22,Biscuits,68,157
2024-11-22,Soap,36,62
2024-11-22,Shampoo,33,82
2024-11-23,Rice,76,91
2024-11-23,Wheat,55,155
2024-11-23,Sugar,53,90
2024-11-23,Tea,21,57
2024-11-23,Oil,30,66
2024-11-23,Biscuits,89,114
2024-11-23,Soap,45,133
2024-11-23,Shampoo,34,51
2024-11-24,Rice,72,89
2024-11-24,Wheat,52,123
2024-11-24,Sugar,54,114
2024-11-24,Tea,17,50
2024-11-24,Oil,28,54
2024-11-24,Biscuits,91,226
2024-11-24,Soap,32,71
2024-11-24,Shampoo,34,71
2024-11-25,Rice,68,118
2024-11-25,Wheat,46,89
2024-11-25,Sugar,40,69
2024-11-25,Tea,17,27
2024-11-25,Oil,20,36
2024-11-25,Biscuits,81,203
2024-11-25,Soap,33,70
2024-11-25,Shampoo,35,44
2024-11-26,Rice,51,114
2024-11-26,Wheat,50,139
2024-11-26,Sugar,45,81
2024-11-26,Tea,17,28
2024-11-26,Oil,21,35
2024-11-26,Biscuits,63,173
2024-11-26,Soap,28,63
2024-11-26,Shampoo,28,56
2024-11-27,Rice,53,113
2024-11-27,Wheat,57,94
2024-11-27,Sugar,43,87
2024-11-27,Tea,15,41
2024-11-27,Oil,23,29
2024-11-27,Biscuits,70,134
2024-11-27,Soap,36,73
2024-11-27,Shampoo,27,68
2024-11-28,Rice,59,140
2024-11-28,Wheat,58,116
2024-11-28,Sugar,46,79
2024-11-28,Tea,17,27
2024-11-28,Oil,19,50
2024-11-28,Biscuits,71,106
2024-11-28,Soap,35,73
2024-11-28,Shampoo,32,69
2024-11-29,Rice,66,103
2024-11-29,Wheat,51,104
2024-11-29,Sugar,47,100
2024-11-29,Tea,17,34
2024-11-29,Oil,22,57
2024-11-29,Biscuits,72,92
2024-11-29,Soap,33,88
2024-11-29,Shampoo,22,26
2024-11-30,Rice,61,142
2024-11-30,Wheat,69,102
2024-11-30,Sugar,55,129
2024-11-30,Tea,15,32
2024-11-30,Oil,21,30
2024-11-30,Biscuits,74,106
2024-11-30,Soap,42,122
2024-11-30,Shampoo,34,49
2024-12-01,Rice,66,87
2024-12-01,Wheat,62,111
2024-12-01,Sugar,56,91
2024-12-01,Tea,19,44
2024-12-01,Oil,30,81
2024-12-01,Biscuits,83,217
2024-12-01,Soap,43,80
2024-12-01,Shampoo,34,49
2024-12-02,Rice,57,123
2024-12-02,Wheat,51,84
2024-12-02,Sugar,50,91
2024-12-02,Tea,15,28
2024-12-02,Oil,21,45
2024-12-02,Biscuits,54,78
2024-12-02,Soap,39,98
2024-12-02,Shampoo,22,63
2024-12-03,Rice,62,78
2024-12-03,Wheat,57,135
2024-12-03,Sugar,45,99
2024-12-03,Tea,16,36
2024-12-03,Oil,24,36
2024-12-03,Biscuits,73,193
2024-12-03,Soap,31,39
2024-12-03,Shampoo,28,77
2024-12-04,Rice,57,102
2024-12-04,Wheat,45,109
2024-12-04,Sugar,41,89
2024-12-04,Tea,17,38
2024-12-04,Oil,19,32
2024-12-04,Biscuits,67,104
2024-12-04,Soap,34,64
2024-12-04,Shampoo,28,44
2024-12-05,Rice,62,131
2024-12-05,Wheat,51,70
2024-12-05,Sugar,48,75
2024-12-05,Tea,17,47
2024-12-05,Oil,25,47
2024-12-05,Biscuits,66,190
2024-12-05,Soap,33,75
2024-12-05,Shampoo,25,71
2024-12-06,Rice,63,171
2024-12-06,Wheat,55,67
2024-12-06,Sugar,53,96
2024-12-06,Tea,15,40
2024-12-06,Oil,25,61
2024-12-06,Biscuits,80,225
2024-12-06,Soap,36,73
2024-12-06,Shampoo,28,53
2024-12-07,Rice,71,161
2024-12-07,Wheat,59,170
2024-12-07,Sugar,55,123
2024-12-07,Tea,16,21
2024-12-07,Oil,24,59
2024-12-07,Biscuits,87,244
2024-12-07,Soap,35,85
2024-12-07,Shampoo,31,49
2024-12-08,Rice,65,150
2024-12-08,Wheat,63,104
2024-12-08,Sugar,64,117
2024-12-08,Tea,25,68
2024-12-08,Oil,24,59
2024-12-08,Biscuits,83,124
2024-12-08,Soap,52,122
2024-12-08,Shampoo,31,72
2024-12-09,Rice,55,162
2024-12-09,Wheat,53,70
2024-12-09,Sugar,40,87
2024-12-09,Tea,19,31
2024-12-09,Oil,26,45
2024-12-09,Biscuits,62,180
2024-12-09,Soap,32,47
2024-12-09,Shampoo,31,61
2024-12-10,Rice,50,98
2024-12-10,Wheat,54,103
2024-12-10,Sugar,42,88
2024-12-10,Tea,17,37
2024-12-10,Oil,22,27
2024-12-10,Biscuits,57,103
2024-12-10,Soap,36,67
2024-12-10,Shampoo,32,85
2024-12-11,Rice,62,153
2024-12-11,Wheat,65,190
2024-12-11,Sugar,47,104
2024-12-11,Tea,15,39
2024-12-11,Oil,24,48
2024-12-11,Biscuits,62,122
2024-12-11,Soap,34,69
2024-12-11,Shampoo,30,81
2024-12-12,Rice,53,128
2024-12-12,Wheat,58,150
2024-12-12,Sugar,51,70
2024-12-12,Tea,17,38
2024-12-12,Oil,22,63
2024-12-12,Biscuits,56,103
2024-12-12,Soap,34,77
2024-12-12,Shampoo,28,70
2024-12-13,Rice,53,100
2024-12-13,Wheat,54,64
2024-12-13,Sugar,37,107
2024-12-13,Tea,17,36
2024-12-13,Oil,21,54
2024-12-13,Biscuits,64,130
2024-12-13,Soap,32,44
2024-12-13,Shampoo,20,24
2024-12-14,Rice,58,138
2024-12-14,Wheat,62,139
2024-12-14,Sugar,60,161
2024-12-14,Tea,22,38
2024-12-14,Oil,24,59
2024-12-14,Biscuits,79,100
2024-12-14,Soap,48,72
2024-12-14,Shampoo,35,91
2024-12-15,Rice,76,164
2024-12-15,Wheat,59,132
2024-12-15,Sugar,46,67
2024-12-15,Tea,22,46
2024-12-15,Oil,29,35
2024-12-15,Biscuits,87,135
2024-12-15,Soap,41,105
2024-12-15,Shampoo,34,66
2024-12-16,Rice,54,78
2024-12-16,Wheat,47,133
2024-12-16,Sugar,44,62
2024-12-16,Tea,16,40
2024-12-16,Oil,24,34
2024-12-16,Biscuits,72,112
2024-12-16,Soap,33,50
2024-12-16,Shampoo,28,56
2024-12-17,Rice,69,126
2024-12-17,Wheat,54,109
2024-12-17,Sugar,51,86
2024-12-17,Tea,19,53
2024-12-17,Oil,24,43
2024-12-17,Biscuits,75,103
2024-12-17,Soap,34,59
2024-12-17,Shampoo,27,40
2024-12-18,Rice,101,285
2024-12-18,Wheat,81,216
2024-12-18,Sugar,65,85
2024-12-18,Tea,28,66
2024-12-18,Oil,34,47
2024-12-18,Biscuits,95,192
2024-12-18,Soap,53,148
2024-12-18,Shampoo,45,128
2024-12-19,Rice,104,296
2024-12-19,Wheat,79,127
2024-12-19,Sugar,74,171
2024-12-19,Tea,22,40
2024-12-19,Oil,32,69
2024-12-19,Biscuits,111,202
2024-12-19,Soap,50,84
2024-12-19,Shampoo,41,100
2024-12-20,Rice,96,234
2024-12-20,Wheat,74,214
2024-12-20,Sugar,65,107
2024-12-20,Tea,30,55
2024-12-20,Oil,33,58
2024-12-20,Biscuits,120,353
2024-12-20,Soap,55,135
2024-12-20,Shampoo,45,132
2024-12-21,Rice,98,131
2024-12-21,Wheat,87,126
2024-12-21,Sugar,77,204
2024-12-21,Tea,27,57
2024-12-21,Oil,41,97
2024-12-21,Biscuits,126,370
2024-12-21,Soap,60,166
2024-12-21,Shampoo,44,82
2024-12-22,Rice,105,256
2024-12-22,Wheat,103,155
2024-12-22,Sugar,79,223
2024-12-22,Tea,28,71
2024-12-22,Oil,37,76
2024-12-22,Biscuits,140,397
2024-12-22,Soap,58,125
2024-12-22,Shampoo,45,120
2024-12-23,Rice,81,114
2024-12-23,Wheat,74,177
2024-12-23,Sugar,71,116
2024-12-23,Tea,30,70
2024-12-23,Oil,31,84
2024-12-23,Biscuits,94,139
2024-12-23,Soap,57,120
2024-12-23,Shampoo,40,105
2024-12-24,Rice,100,135
2024-12-24,Wheat,79,99
2024-12-24,Sugar,66,158
2024-12-24,Tea,21,44
2024-12-24,Oil,28,65
2024-12-24,Biscuits,102,288
2024-12-24,Soap,55,108
2024-12-24,Shampoo,45,114
2024-12-25,Rice,83,119
2024-12-25,Wheat,81,180
2024-12-25,Sugar,67,108
2024-12-25,Tea,28,76
2024-12-25,Oil,33,49
2024-12-25,Biscuits,103,275
2024-12-25,Soap,59,134
2024-12-25,Shampoo,39,95
2024-12-26,Rice,66,125
2024-12-26,Wheat,84,150
2024-12-26,Sugar,71,107
2024-12-26,Tea,26,47
2024-12-26,Oil,41,75
2024-12-26,Biscuits,98,140
2024-12-26,Soap,47,115
2024-12-26,Shampoo,38,81
2024-12-27,Rice,86,225
2024-12-27,Wheat,80,178
2024-12-27,Sugar,67,148
2024-12-27,Tea,30,62
2024-12-27,Oil,34,48
2024-12-27,Biscuits,94,137
2024-12-27,Soap,52,94
2024-12-27,Shampoo,48,114
2024-12-28,Rice,96,252
2024-12-28,Wheat,95,152
2024-12-28,Sugar,80,114
2024-12-28,Tea,36,95
2024-12-28,Oil,44,120
2024-12-28,Biscuits,116,191
2024-12-28,Soap,65,185
2024-12-28,Shampoo,59,108
2024-12-29,Rice,99,273
2024-12-29,Wheat,87,211
2024-12-29,Sugar,96,216
2024-12-29,Tea,34,46
2024-12-29,Oil,39,50
2024-12-29,Biscuits,98,176
2024-12-29,Soap,63,87
2024-12-29,Shampoo,54,127
2024-12-30,Rice,90,117
2024-12-30,Wheat,81,147
2024-12-30,Sugar,64,93
2024-12-30,Tea,27,56
2024-12-30,Oil,29,75
2024-12-30,Biscuits,114,139
2024-12-30,Soap,52,106
2024-12-30,Shampoo,47,83
2024-12-31,Rice,96,262
2024-12-31,Wheat,80,155
2024-12-31,Sugar,79,210
2024-12-31,Tea,28,76
2024-12-31,Oil,35,82
2024-12-31,Biscuits,102,226
2024-12-31,Soap,59,89
2024-12-31,Shampoo,36,80
2025-01-01,Rice,77,196
2025-01-01,Wheat,80,205
2025-01-01,Sugar,66,92
2025-01-01,Tea,23,32
2025-01-01,Oil,39,106
2025-01-01,Biscuits,95,237
2025-01-01,Soap,58,138
2025-01-01,Shampoo,36,64
2025-01-02,Rice,77,222
2025-01-02,Wheat,90,166
2025-01-02,Sugar,76,195
2025-01-02,Tea,28,73
2025-01-02,Oil,36,79
2025-01-02,Biscuits,124,203
2025-01-02,Soap,53,149
2025-01-02,Shampoo,53,117
2025-01-03,Rice,101,203
2025-01-03,Wheat,76,170
2025-01-03,Sugar,65,146
2025-01-03,Tea,28,35
2025-01-03,Oil,38,72
2025-01-03,Biscuits,116,342
2025-01-03,Soap,48,104
2025-01-03,Shampoo,42,93
2025-01-04,Rice,126,372
2025-01-04,Wheat,85,192
2025-01-04,Sugar,87,201
2025-01-04,Tea,30,61
2025-01-04,Oil,40,61
2025-01-04,Biscuits,122,352
2025-01-04,Soap,61,146
2025-01-04,Shampoo,52,146
2025-01-05,Rice,106,131
2025-01-05,Wheat,90,234
2025-01-05,Sugar,82,147
2025-01-05,Tea,33,85
2025-01-05,Oil,46,73
2025-01-05,Biscuits,125,313
2025-01-05,Soap,63,83
2025-01-05,Shampoo,53,80
2025-01-06,Rice,91,254
2025-01-06,Wheat,83,102
2025-01-06,Sugar,68,190
2025-01-06,Tea,23,39
2025-01-06,Oil,35,60
2025-01-06,Biscuits,111,216
2025-01-06,Soap,51,149
2025-01-06,Shampoo,45,72
2025-01-07,Rice,95,168
2025-01-07,Wheat,77,112
2025-01-07,Sugar,74,205
2025-01-07,Tea,28,61
2025-01-07,Oil,25,37
2025-01-07,Biscuits,109,213
2025-01-07,Soap,54,88
2025-01-07,Shampoo,52,83
2025-01-08,Rice,106,263
2025-01-08,Wheat,90,143
2025-01-08,Sugar,69,177
2025-01-08,Tea,25,44
2025-01-08,Oil,36,96
2025-01-08,Biscuits,96,130
2025-01-08,Soap,52,115
2025-01-08,Shampoo,44,131
2025-01-09,Rice,78,165
2025-01-09,Wheat,80,109
2025-01-09,Sugar,65,167
2025-01-09,Tea,23,36
2025-01-09,Oil,39,78
2025-01-09,Biscuits,110,239
2025-01-09,Soap,47,119
2025-01-09,Shampoo,47,86
2025-01-10,Rice,79,157
2025-01-10,Wheat,70,93
2025-01-10,Sugar,58,123
2025-01-10,Tea,26,44
2025-01-10,Oil,34,50
2025-01-10,Biscuits,108,179
2025-01-10,Soap,39,77
2025-01-10,Shampoo,45,115
2025-01-11,Rice,89,243
2025-01-11,Wheat,82,213
2025-01-11,Sugar,77,122
2025-01-11,Tea,32,40
2025-01-11,Oil,36,99
2025-01-11,Biscuits,116,243
2025-01-11,Soap,58,118
2025-01-11,Shampoo,52,123
2025-01-12,Rice,92,254
2025-01-12,Wheat,96,177
2025-01-12,Sugar,80,190
2025-01-12,Tea,32,68
2025-01-12,Oil,39,48
2025-01-12,Biscuits,131,223
2025-01-12,Soap,63,97
2025-01-12,Shampoo,53,66
2025-01-13,Rice,60,98
2025-01-13,Wheat,77,94
2025-01-13,Sugar,71,114
2025-01-13,Tea,26,48
2025-01-13,Oil,39,78
2025-01-13,Biscuits,126,365
2025-01-13,Soap,61,99
2025-01-13,Shampoo,50,136
2025-01-14,Rice,110,223
2025-01-14,Wheat,74,217
2025-01-14,Sugar,66,163
2025-01-14,Tea,24,30
2025-01-14,Oil,33,49
2025-01-14,Biscuits,92,129
2025-01-14,Soap,61,88
2025-01-14,Shampoo,47,81
2025-01-15,Rice,84,172
2025-01-15,Wheat,85,203
2025-01-15,Sugar,80,175
2025-01-15,Tea,28,78
2025-01-15,Oil,34,97
2025-01-15,Biscuits,116,334
2025-01-15,Soap,55,92
2025-01-15,Shampoo,42,54
2025-01-16,Rice,82,187
2025-01-16,Wheat,77,142
2025-01-16,Sugar,69,118
2025-01-16,Tea,26,60
2025-01-16,Oil,34,50
2025-01-16,Biscuits,105,166
2025-01-16,Soap,50,115
2025-01-16,Shampoo,44,129
2025-01-17,Rice,80,236
2025-01-17,Wheat,75,98
2025-01-17,Sugar,47,100
2025-01-17,Tea,27,36
2025-01-17,Oil,43,103
2025-01-17,Biscuits,107,283
2025-01-17,Soap,55,133
2025-01-17,Shampoo,47,70
2025-01-18,Rice,99,290
2025-01-18,Wheat,89,145
2025-01-18,Sugar,81,149
2025-01-18,Tea,28,52
2025-01-18,Oil,45,108
2025-01-18,Biscuits,135,322
2025-01-18,Soap,63,112
2025-01-18,Shampoo,48,71
2025-01-19,Rice,108,187
2025-01-19,Wheat,84,224
2025-01-19,Sugar,75,105
2025-01-19,Tea,28,72
2025-01-19,Oil,40,96
2025-01-19,Biscuits,131,266
2025-01-19,Soap,62,177
2025-01-19,Shampoo,50,71
2025-01-20,Rice,101,174
2025-01-20,Wheat,79,126
2025-01-20,Sugar,79,186
2025-01-20,Tea,29,62
2025-01-20,Oil,38,70
2025-01-20,Biscuits,96,115
2025-01-20,Soap,50,127
2025-01-20,Shampoo,50,119
2025-01-21,Rice,92,123
2025-01-21,Wheat,79,218
2025-01-21,Sugar,64,120
2025-01-21,Tea,22,65
2025-01-21,Oil,40,84
2025-01-21,Biscuits,91,272
2025-01-21,Soap,44,60
2025-01-21,Shampoo,46,71
2025-01-22,Rice,98,184
2025-01-22,Wheat,85,225
2025-01-22,Sugar,67,183
2025-01-22,Tea,20,34
2025-01-22,Oil,35,73
2025-01-22,Biscuits,98,284
2025-01-22,Soap,48,70
2025-01-22,Shampoo,40,110
2025-01-23,Rice,66,169
2025-01-23,Wheat,56,109
2025-01-23,Sugar,55,106
2025-01-23,Tea,16,20
2025-01-23,Oil,21,62
2025-01-23,Biscuits,73,92
2025-01-23,Soap,34,95
2025-01-23,Shampoo,25,44
2025-01-24,Rice,55,79
2025-01-24,Wheat,50,114
2025-01-24,Sugar,48,87
2025-01-24,Tea,16,36
2025-01-24,Oil,23,43
2025-01-24,Biscuits,75,192
2025-01-24,Soap,35,88
2025-01-24,Shampoo,26,37
2025-01-25,Rice,65,153
2025-01-25,Wheat,67,184
2025-01-25,Sugar,53,132
2025-01-25,Tea,19,23
2025-01-25,Oil,27,69
2025-01-25,Biscuits,82,161
2025-01-25,Soap,44,79
2025-01-25,Shampoo,39,88
2025-01-26,Rice,75,125
2025-01-26,Wheat,63,185
2025-01-26,Sugar,62,143
2025-01-26,Tea,23,52
2025-01-26,Oil,28,41
2025-01-26,Biscuits,82,173
2025-01-26,Soap,39,67
2025-01-26,Shampoo,37,89
2025-01-27,Rice,48,81
2025-01-27,Wheat,49,141
2025-01-27,Sugar,47,80
2025-01-27,Tea,14,17
2025-01-27,Oil,28,58
2025-01-27,Biscuits,89,231
2025-01-27,Soap,35,80
2025-01-27,Shampoo,25,56
2025-01-28,Rice,53,106
2025-01-28,Wheat,52,142
2025-01-28,Sugar,47,123
2025-01-28,Tea,15,22
2025-01-28,Oil,20,58
2025-01-28,Biscuits,66,186
2025-01-28,Soap,36,65
2025-01-28,Shampoo,31,51
2025-01-29,Rice,62,147
2025-01-29,Wheat,56,141
2025-01-29,Sugar,44,57
2025-01-29,Tea,17,50
2025-01-29,Oil,25,42
2025-01-29,Biscuits,75,111
2025-01-29,Soap,36,107
2025-01-29,Shampoo,30,81
2025-01-30,Rice,73,165
2025-01-30,Wheat,47,119
2025-01-30,Sugar,59,124
2025-01-30,Tea,17,34
2025-01-30,Oil,25,51
2025-01-30,Biscuits,71,178
2025-01-30,Soap,32,70
2025-01-30,Shampoo,27,68
2025-01-31,Rice,60,103
2025-01-31,Wheat,48,127
2025-01-31,Sugar,43,121
2025-01-31,Tea,16,43
2025-01-31,Oil,24,55
2025-01-31,Biscuits,70,130
2025-01-31,Soap,31,52
2025-01-31,Shampoo,23,59
2025-02-01,Rice,74,147
2025-02-01,Wheat,63,111
2025-02-01,Sugar,52,134
2025-02-01,Tea,23,47
2025-02-01,Oil,25,72
2025-02-01,Biscuits,92,233
2025-02-01,Soap,49,107
2025-02-01,Shampoo,35,51
2025-02-02,Rice,65,190
2025-02-02,Wheat,72,157
2025-02-02,Sugar,65,78
2025-02-02,Tea,20,45
2025-02-02,Oil,29,60
2025-02-02,Biscuits,101,167
2025-02-02,Soap,46,107
2025-02-02,Shampoo,33,81
2025-02-03,Rice,56,103
2025-02-03,Wheat,49,79
2025-02-03,Sugar,42,110
2025-02-03,Tea,16,34
2025-02-03,Oil,23,61
2025-02-03,Biscuits,78,195
2025-02-03,Soap,31,52
2025-02-03,Shampoo,31,56
2025-02-04,Rice,59,109
2025-02-04,Wheat,51,93
2025-02-04,Sugar,47,140
2025-02-04,Tea,14,19
2025-02-04,Oil,20,55
2025-02-04,Biscuits,72,148
2025-02-04,Soap,38,100
2025-02-04,Shampoo,28,64
2025-02-05,Rice,65,94
2025-02-05,Wheat,48,138
2025-02-05,Sugar,38,72
2025-02-05,Tea,16,35
2025-02-05,Oil,27,68
2025-02-05,Biscuits,67,191
2025-02-05,Soap,33,46
2025-02-05,Shampoo,30,53
2025-02-06,Rice,57,118
2025-02-06,Wheat,49,121
2025-02-06,Sugar,43,115
2025-02-06,Tea,17,27
2025-02-06,Oil,22,52
2025-02-06,Biscuits,70,157
2025-02-06,Soap,33,42
2025-02-06,Shampoo,26,56
2025-02-07,Rice,55,110
2025-02-07,Wheat,48,108
2025-02-07,Sugar,53,86
2025-02-07,Tea,21,44
2025-02-07,Oil,20,36
2025-02-07,Biscuits,72,153
2025-02-07,Soap,35,98
2025-02-07,Shampoo,30,79
2025-02-08,Rice,84,133
2025-02-08,Wheat,57,86
2025-02-08,Sugar,60,98
2025-02-08,Tea,19,56
2025-02-08,Oil,26,65
2025-02-08,Biscuits,86,227
2025-02-08,Soap,38,86
2025-02-08,Shampoo,32,64
2025-02-09,Rice,74,166
2025-02-09,Wheat,65,126
2025-02-09,Sugar,63,153
2025-02-09,Tea,24,55
2025-02-09,Oil,31,42
2025-02-09,Biscuits,84,177
2025-02-09,Soap,48,72
2025-02-09,Shampoo,32,64
2025-02-10,Rice,65,84
2025-02-10,Wheat,45,94
2025-02-10,Sugar,55,141
2025-02-10,Tea,15,22
2025-02-10,Oil,22,27
2025-02-10,Biscuits,65,102
2025-02-10,Soap,36,74
2025-02-10,Shampoo,29,53
2025-02-11,Rice,62,105
2025-02-11,Wheat,43,117
2025-02-11,Sugar,41,62
2025-02-11,Tea,14,33
2025-02-11,Oil,25,73
2025-02-11,Biscuits,61,77
2025-02-11,Soap,38,98
2025-02-11,Shampoo,29,81
2025-02-12,Rice,48,67
2025-02-12,Wheat,41,73
2025-02-12,Sugar,47,69
2025-02-12,Tea,21,49
2025-02-12,Oil,24,42
2025-02-12,Biscuits,82,219
2025-02-12,Soap,36,62
2025-02-12,Shampoo,27,50
2025-02-13,Rice,51,119
2025-02-13,Wheat,56,165
2025-02-13,Sugar,50,61
2025-02-13,Tea,16,45
2025-02-13,Oil,21,32
2025-02-13,Biscuits,65,130
2025-02-13,Soap,31,52
2025-02-13,Shampoo,24,58
2025-02-14,Rice,57,99
2025-02-14,Wheat,49,81
2025-02-14,Sugar,43,78
2025-02-14,Tea,17,34
2025-02-14,Oil,22,62
2025-02-14,Biscuits,77,179
2025-02-14,Soap,31,80
2025-02-14,Shampoo,31,43
2025-02-15,Rice,82,215
2025-02-15,Wheat,49,115
2025-02-15,Sugar,65,178
2025-02-15,Tea,23,48
2025-02-15,Oil,22,38
2025-02-15,Biscuits,79,156
2025-02-15,Soap,47,97
2025-02-15,Shampoo,37,101
2025-02-16,Rice,66,179
2025-02-16,Wheat,65,148
2025-02-16,Sugar,55,143
2025-02-16,Tea,16,32
2025-02-16,Oil,24,48
2025-02-16,Biscuits,92,226
2025-02-16,Soap,40,50
2025-02-16,Shampoo,32,90
2025-02-17,Rice,49,123
2025-02-17,Wheat,46,96
2025-02-17,Sugar,52,155
2025-02-17,Tea,19,52
2025-02-17,Oil,26,44
2025-02-17,Biscuits,75,183
2025-02-17,Soap,45,127
2025-02-17,Shampoo,28,55
2025-02-18,Rice,61,158
2025-02-18,Wheat,52,107
2025-02-18,Sugar,48,97
2025-02-18,Tea,13,24
2025-02-18,Oil,24,45
2025-02-18,Biscuits,66,128
2025-02-18,Soap,33,78
2025-02-18,Shampoo,35,84
2025-02-19,Rice,62,176
2025-02-19,Wheat,57,120
2025-02-19,Sugar,42,117
2025-02-19,Tea,18,34
2025-02-19,Oil,22,65
2025-02-19,Biscuits,76,124
2025-02-19,Soap,34,48
2025-02-19,Shampoo,30,76
2025-02-20,Rice,64,169
2025-02-20,Wheat,54,86
2025-02-20,Sugar,43,105
2025-02-20,Tea,16,29
2025-02-20,Oil,22,61
2025-02-20,Biscuits,71,181
2025-02-20,Soap,30,76
2025-02-20,Shampoo,28,37
2025-02-21,Rice,62,166
2025-02-21,Wheat,57,142
2025-02-21,Sugar,49,99
2025-02-21,Tea,16,46
2025-02-21,Oil,25,64
2025-02-21,Biscuits,63,124
2025-02-21,Soap,29,42
2025-02-21,Shampoo,28,67
2025-02-22,Rice,77,173
2025-02-22,Wheat,54,100
2025-02-22,Sugar,54,157
2025-02-22,Tea,19,30
2025-02-22,Oil,27,61
2025-02-22,Biscuits,76,121
2025-02-22,Soap,45,117
2025-02-22,Shampoo,36,102
2025-02-23,Rice,68,198
2025-02-23,Wheat,52,99
2025-02-23,Sugar,54,78
2025-02-23,Tea,24,64
2025-02-23,Oil,24,60
2025-02-23,Biscuits,85,213
2025-02-23,Soap,45,99
2025-02-23,Shampoo,36,74
2025-02-24,Rice,54,136
2025-02-24,Wheat,51,145
2025-02-24,Sugar,49,90
2025-02-24,Tea,19,49
2025-02-24,Oil,24,41
2025-02-24,Biscuits,69,148
2025-02-24,Soap,36,71
2025-02-24,Shampoo,28,57
2025-02-25,Rice,56,114
2025-02-25,Wheat,44,61
2025-02-25,Sugar,47,120
2025-02-25,Tea,17,34
2025-02-25,Oil,23,56
2025-02-25,Biscuits,71,206
2025-02-25,Soap,36,64
2025-02-25,Shampoo,30,70
2025-02-26,Rice,60,143
2025-02-26,Wheat,42,68
2025-02-26,Sugar,48,79
2025-02-26,Tea,19,28
2025-02-26,Oil,22,48
2025-02-26,Biscuits,77,190
2025-02-26,Soap,32,92
2025-02-26,Shampoo,36,105
2025-02-27,Rice,57,113
2025-02-27,Wheat,45,79
2025-02-27,Sugar,44,78
2025-02-27,Tea,14,25
2025-02-27,Oil,22,28
2025-02-27,Biscuits,68,202
2025-02-27,Soap,31,56
2025-02-27,Shampoo,36,44
2025-02-28,Rice,70,182
2025-02-28,Wheat,45,106
2025-02-28,Sugar,51,140
2025-02-28,Tea,18,32
2025-02-28,Oil,24,33
2025-02-28,Biscuits,69,205
2025-02-28,Soap,37,68
2025-02-28,Shampoo,33,79
2025-03-01,Rice,75,128
2025-03-01,Wheat,63,155
2025-03-01,Sugar,60,149
2025-03-01,Tea,21,47
2025-03-01,Oil,30,54
2025-03-01,Biscuits,87,147
2025-03-01,Soap,47,59
2025-03-01,Shampoo,40,115
2025-03-02,Rice,54,93
2025-03-02,Wheat,66,166
2025-03-02,Sugar,59,163
2025-03-02,Tea,20,59
2025-03-02,Oil,18,33
2025-03-02,Biscuits,84,176
2025-03-02,Soap,39,89
2025-03-02,Shampoo,29,59
2025-03-03,Rice,49,110
2025-03-03,Wheat,58,156
2025-03-03,Sugar,44,109
2025-03-03,Tea,14,31
2025-03-03,Oil,23,44
2025-03-03,Biscuits,67,84
2025-03-03,Soap,29,47
2025-03-03,Shampoo,25,61
2025-03-04,Rice,59,129
2025-03-04,Wheat,51,77
2025-03-04,Sugar,35,84
2025-03-04,Tea,17,30
2025-03-04,Oil,18,32
2025-03-04,Biscuits,60,151
2025-03-04,Soap,32,81
2025-03-04,Shampoo,30,58
2025-03-05,Rice,51,99
2025-03-05,Wheat,50,81
2025-03-05,Sugar,49,64
2025-03-05,Tea,19,48
2025-03-05,Oil,23,48
2025-03-05,Biscuits,63,83
2025-03-05,Soap,39,92
2025-03-05,Shampoo,23,46
2025-03-06,Rice,58,118
2025-03-06,Wheat,51,140
2025-03-06,Sugar,44,70
2025-03-06,Tea,16,21
2025-03-06,Oil,24,39
2025-03-06,Biscuits,73,194
2025-03-06,Soap,27,55
2025-03-06,Shampoo,32,90
2025-03-07,Rice,55,137
2025-03-07,Wheat,57,123
2025-03-07,Sugar,53,101
2025-03-07,Tea,17,37
2025-03-07,Oil,25,61
2025-03-07,Biscuits,66,172
2025-03-07,Soap,36,85
2025-03-07,Shampoo,29,79
2025-03-08,Rice,69,116
2025-03-08,Wheat,66,125
2025-03-08,Sugar,64,78
2025-03-08,Tea,19,47
2025-03-08,Oil,26,42
2025-03-08,Biscuits,84,100
2025-03-08,Soap,42,61
2025-03-08,Shampoo,35,56
2025-03-09,Rice,75,100
2025-03-09,Wheat,59,131
2025-03-09,Sugar,61,104
2025-03-09,Tea,19,26
2025-03-09,Oil,23,34
2025-03-09,Biscuits,83,229
2025-03-09,Soap,37,66
2025-03-09,Shampoo,33,68
2025-03-10,Rice,52,116
2025-03-10,Wheat,51,68
2025-03-10,Sugar,44,121
2025-03-10,Tea,17,40
2025-03-10,Oil,22,54
2025-03-10,Biscuits,66,112
2025-03-10,Soap,35,92
2025-03-10,Shampoo,25,50
2025-03-11,Rice,51,109
2025-03-11,Wheat,54,108
2025-03-11,Sugar,46,121
2025-03-11,Tea,20,39
2025-03-11,Oil,21,41
2025-03-11,Biscuits,46,108
2025-03-11,Soap,34,68
2025-03-11,Shampoo,33,69
2025-03-12,Rice,57,163
2025-03-12,Wheat,48,106
2025-03-12,Sugar,40,76
2025-03-12,Tea,19,31
2025-03-12,Oil,24,33
2025-03-12,Biscuits,71,142
2025-03-12,Soap,33,82
2025-03-12,Shampoo,28,57
2025-03-13,Rice,63,123
2025-03-13,Wheat,46,103
2025-03-13,Sugar,56,73
2025-03-13,Tea,16,24
2025-03-13,Oil,25,62
2025-03-13,Biscuits,55,71
2025-03-13,Soap,33,90
2025-03-13,Shampoo,29,79
2025-03-14,Rice,55,79
2025-03-14,Wheat,52,91
2025-03-14,Sugar,44,107
2025-03-14,Tea,17,36
2025-03-14,Oil,19,53
2025-03-14,Biscuits,66,193
2025-03-14,Soap,33,69
2025-03-14,Shampoo,30,56
2025-03-15,Rice,77,218
2025-03-15,Wheat,57,155
2025-03-15,Sugar,57,143
2025-03-15,Tea,21,26
2025-03-15,Oil,26,75
2025-03-15,Biscuits,81,197
2025-03-15,Soap,35,76
2025-03-15,Shampoo,30,89
2025-03-16,Rice,73,186
2025-03-16,Wheat,60,113
2025-03-16,Sugar,57,103
2025-03-16,Tea,25,33
2025-03-16,Oil,27,76
2025-03-16,Biscuits,78,141
2025-03-16,Soap,48,125
2025-03-16,Shampoo,31,59
2025-03-17,Rice,57,83
2025-03-17,Wheat,51,132
2025-03-17,Sugar,49,132
2025-03-17,Tea,20,24
2025-03-17,Oil,27,39
2025-03-17,Biscuits,75,197
2025-03-17,Soap,31,65
2025-03-17,Shampoo,27,50
2025-03-18,Rice,59,134
2025-03-18,Wheat,58,100
2025-03-18,Sugar,42,69
2025-03-18,Tea,19,23
2025-03-18,Oil,26,61
2025-03-18,Biscuits,64,122
2025-03-18,Soap,36,92
2025-03-18,Shampoo,28,65
2025-03-19,Rice,60,119
2025-03-19,Wheat,55,157
2025-03-19,Sugar,42,117
2025-03-19,Tea,20,26
2025-03-19,Oil,21,49
2025-03-19,Biscuits,63,115
2025-03-19,Soap,40,84
2025-03-19,Shampoo,32,84
2025-03-20,Rice,64,121
2025-03-20,Wheat,56,139
2025-03-20,Sugar,52,81
2025-03-20,Tea,16,32
2025-03-20,Oil,22,29
2025-03-20,Biscuits,78,230
2025-03-20,Soap,41,62
2025-03-20,Shampoo,30,70
2025-03-21,Rice,50,85
2025-03-21,Wheat,47,113
2025-03-21,Sugar,51,143
2025-03-21,Tea,19,25
2025-03-21,Oil,23,62
2025-03-21,Biscuits,67,144
2025-03-21,Soap,41,89
2025-03-21,Shampoo,28,66
2025-03-22,Rice,57,149
2025-03-22,Wheat,51,142
2025-03-22,Sugar,56,139
2025-03-22,Tea,20,39
2025-03-22,Oil,36,107
2025-03-22,Biscuits,81,147
2025-03-22,Soap,45,73
2025-03-22,Shampoo,32,69
2025-03-23,Rice,74,177
2025-03-23,Wheat,54,98
2025-03-23,Sugar,47,131
2025-03-23,Tea,20,50
2025-03-23,Oil,29,63
2025-03-23,Biscuits,80,196
2025-03-23,Soap,40,51
2025-03-23,Shampoo,33,61
2025-03-24,Rice,66,123
2025-03-24,Wheat,57,101
2025-03-24,Sugar,37,44
2025-03-24,Tea,13,18
2025-03-24,Oil,20,45
2025-03-24,Biscuits,68,87
2025-03-24,Soap,33,85
2025-03-24,Shampoo,28,41
2025-03-25,Rice,53,101
2025-03-25,Wheat,61,87
2025-03-25,Sugar,52,119
2025-03-25,Tea,18,51
2025-03-25,Oil,23,51
2025-03-25,Biscuits,67,127
2025-03-25,Soap,32,82
2025-03-25,Shampoo,27,46
2025-03-26,Rice,44,75
2025-03-26,Wheat,57,89
2025-03-26,Sugar,51,150
2025-03-26,Tea,18,51
2025-03-26,Oil,27,65
2025-03-26,Biscuits,70,166
2025-03-26,Soap,33,49
2025-03-26,Shampoo,24,66
2025-03-27,Rice,56,88
2025-03-27,Wheat,54,128
2025-03-27,Sugar,51,87
2025-03-27,Tea,14,31
2025-03-27,Oil,25,72
2025-03-27,Biscuits,59,102
2025-03-27,Soap,36,45
2025-03-27,Shampoo,33,73
2025-03-28,Rice,56,115
2025-03-28,Wheat,49,87
2025-03-28,Sugar,39,76
2025-03-28,Tea,19,27
2025-03-28,Oil,21,60
2025-03-28,Biscuits,72,150
2025-03-28,Soap,30,48
2025-03-28,Shampoo,31,59
2025-03-29,Rice,84,188
2025-03-29,Wheat,66,81
2025-03-29,Sugar,49,60
2025-03-29,Tea,19,44
2025-03-29,Oil,24,49
2025-03-29,Biscuits,66,180
2025-03-29,Soap,39,70
2025-03-29,Shampoo,34,97
2025-03-30,Rice,67,86
2025-03-30,Wheat,62,121
2025-03-30,Sugar,62,112
2025-03-30,Tea,16,20
2025-03-30,Oil,28,63
2025-03-30,Biscuits,80,202
2025-03-30,Soap,35,103
2025-03-30,Shampoo,37,84
2025-03-31,Rice,55,159
2025-03-31,Wheat,53,97
2025-03-31,Sugar,42,101
2025-03-31,Tea,17,28
2025-03-31,Oil,24,37
2025-03-31,Biscuits,67,95
2025-03-31,Soap,31,57
2025-03-31,Shampoo,31,57
2025-04-01,Rice,60,149
2025-04-01,Wheat,58,153
2025-04-01,Sugar,50,96
2025-04-01,Tea,16,23
2025-04-01,Oil,21,50
2025-04-01,Biscuits,56,86
2025-04-01,Soap,35,72
2025-04-01,Shampoo,30,59
2025-04-02,Rice,61,79
2025-04-02,Wheat,52,113
2025-04-02,Sugar,50,105
2025-04-02,Tea,15,22
2025-04-02,Oil,23,63
2025-04-02,Biscuits,71,105
2025-04-02,Soap,35,47
2025-04-02,Shampoo,24,68
2025-04-03,Rice,57,147
2025-04-03,Wheat,54,126
2025-04-03,Sugar,53,84
2025-04-03,Tea,18,47
2025-04-03,Oil,20,57
2025-04-03,Biscuits,76,162
2025-04-03,Soap,39,72
2025-04-03,Shampoo,30,47
2025-04-04,Rice,61,94
2025-04-04,Wheat,48,137
2025-04-04,Sugar,50,132
2025-04-04,Tea,17,34
2025-04-04,Oil,24,71
2025-04-04,Biscuits,84,221
2025-04-04,Soap,32,49
2025-04-04,Shampoo,28,39
2025-04-05,Rice,77,215
2025-04-05,Wheat,64,122
2025-04-05,Sugar,53,109
2025-04-05,Tea,22,47
2025-04-05,Oil,29,39
2025-04-05,Biscuits,92,250
2025-04-05,Soap,45,82
2025-04-05,Shampoo,31,37
2025-04-06,Rice,64,190
2025-04-06,Wheat,71,138
2025-04-06,Sugar,58,96
2025-04-06,Tea,20,48
2025-04-06,Oil,25,50
2025-04-06,Biscuits,81,207
2025-04-06,Soap,43,58
2025-04-06,Shampoo,32,86
2025-04-07,Rice,61,168
2025-04-07,Wheat,42,60
2025-04-07,Sugar,50,142
2025-04-07,Tea,16,29
2025-04-07,Oil,21,28
2025-04-07,Biscuits,70,175
2025-04-07,Soap,39,99
2025-04-07,Shampoo,33,70
2025-04-08,Rice,66,124
2025-04-08,Wheat,60,96
2025-04-08,Sugar,42,74
2025-04-08,Tea,20,48
2025-04-08,Oil,23,65
2025-04-08,Biscuits,54,133
2025-04-08,Soap,34,88
2025-04-08,Shampoo,25,72
2025-04-09,Rice,60,105
2025-04-09,Wheat,46,90
2025-04-09,Sugar,46,95
2025-04-09,Tea,18,41
2025-04-09,Oil,23,42
2025-04-09,Biscuits,57,93
2025-04-09,Soap,38,101
2025-04-09,Shampoo,28,48
2025-04-10,Rice,55,75
2025-04-10,Wheat,50,100
2025-04-10,Sugar,43,126
2025-04-10,Tea,17,41
2025-04-10,Oil,21,57
2025-04-10,Biscuits,69,98
2025-04-10,Soap,32,95
2025-04-10,Shampoo,30,60
2025-04-11,Rice,56,166
2025-04-11,Wheat,45,87
2025-04-11,Sugar,45,114
2025-04-11,Tea,16,28
2025-04-11,Oil,19,33
2025-04-11,Biscuits,64,160
2025-04-11,Soap,29,77
2025-04-11,Shampoo,28,77
2025-04-12,Rice,78,176
2025-04-12,Wheat,63,90
2025-04-12,Sugar,60,159
2025-04-12,Tea,19,48
2025-04-12,Oil,34,54
2025-04-12,Biscuits,75,151
2025-04-12,Soap,46,131
2025-04-12,Shampoo,37,95
2025-04-13,Rice,71,167
2025-04-13,Wheat,63,97
2025-04-13,Sugar,49,65
2025-04-13,Tea,21,50
2025-04-13,Oil,30,75
2025-04-13,Biscuits,82,245
2025-04-13,Soap,48,103
2025-04-13,Shampoo,34,50
2025-04-14,Rice,52,65
2025-04-14,Wheat,53,121
2025-04-14,Sugar,51,82
2025-04-14,Tea,15,27
2025-04-14,Oil,23,35
2025-04-14,Biscuits,72,105
2025-04-14,Soap,32,51
2025-04-14,Shampoo,31,88
2025-04-15,Rice,59,101
2025-04-15,Wheat,45,79
2025-04-15,Sugar,41,57
2025-04-15,Tea,17,35
2025-04-15,Oil,22,44
2025-04-15,Biscuits,55,161
2025-04-15,Soap,37,110
2025-04-15,Shampoo,26,72
2025-04-16,Rice,60,115
2025-04-16,Wheat,62,162
2025-04-16,Sugar,56,107
2025-04-16,Tea,18,36
2025-04-16,Oil,22,42
2025-04-16,Biscuits,69,101
2025-04-16,Soap,34,48
2025-04-16,Shampoo,33,81
2025-04-17,Rice,65,160
2025-04-17,Wheat,53,149
2025-04-17,Sugar,46,81
2025-04-17,Tea,18,49
2025-04-17,Oil,25,33
2025-04-17,Biscuits,70,201
2025-04-17,Soap,32,55
2025-04-17,Shampoo,31,87
2025-04-18,Rice,50,120
2025-04-18,Wheat,60,117
2025-04-18,Sugar,47,64
2025-04-18,Tea,18,39
2025-04-18,Oil,23,45
2025-04-18,Biscuits,81,167
2025-04-18,Soap,34,88
2025-04-18,Shampoo,32,70
2025-04-19,Rice,69,89
2025-04-19,Wheat,67,101
2025-04-19,Sugar,48,61
2025-04-19,Tea,20,34
2025-04-19,Oil,26,42
2025-04-19,Biscuits,88,224
2025-04-19,Soap,34,98
2025-04-19,Shampoo,34,66
2025-04-20,Rice,73,103
2025-04-20,Wheat,57,77
2025-04-20,Sugar,52,120
2025-04-20,Tea,20,27
2025-04-20,Oil,26,67
2025-04-20,Biscuits,76,133
2025-04-20,Soap,46,70
2025-04-20,Shampoo,39,103
2025-04-21,Rice,55,102
2025-04-21,Wheat,55,164
2025-04-21,Sugar,44,129
2025-04-21,Tea,15,31
2025-04-21,Oil,24,40
2025-04-21,Biscuits,67,161
2025-04-21,Soap,34,65
2025-04-21,Shampoo,27,32
2025-04-22,Rice,43,126
2025-04-22,Wheat,56,98
2025-04-22,Sugar,47,139
2025-04-22,Tea,18,33
2025-04-22,Oil,20,35
2025-04-22,Biscuits,55,115
2025-04-22,Soap,34,66
2025-04-22,Shampoo,31,62
2025-04-23,Rice,58,107
2025-04-23,Wheat,56,74
2025-04-23,Sugar,42,56
2025-04-23,Tea,17,47
2025-04-23,Oil,22,59
2025-04-23,Biscuits,81,144
2025-04-23,Soap,40,113
2025-04-23,Shampoo,39,69
2025-04-24,Rice,58,154
2025-04-24,Wheat,51,94
2025-04-24,Sugar,47,106
2025-04-24,Tea,18,34
2025-04-24,Oil,22,59
2025-04-24,Biscuits,71,199
2025-04-24,Soap,31,52
2025-04-24,Shampoo,27,51
2025-04-25,Rice,60,172
2025-04-25,Wheat,51,138
2025-04-25,Sugar,46,84
2025-04-25,Tea,16,35
2025-04-25,Oil,24,69
2025-04-25,Biscuits,63,168
2025-04-25,Soap,35,102
2025-04-25,Shampoo,27,65
2025-04-26,Rice,76,98
2025-04-26,Wheat,70,120
2025-04-26,Sugar,52,84
2025-04-26,Tea,21,38
2025-04-26,Oil,24,40
2025-04-26,Biscuits,78,212
2025-04-26,Soap,40,96
2025-04-26,Shampoo,35,92
2025-04-27,Rice,73,185
2025-04-27,Wheat,63,110
2025-04-27,Sugar,54,110
2025-04-27,Tea,20,55
2025-04-27,Oil,33,63
2025-04-27,Biscuits,81,97
2025-04-27,Soap,39,92
2025-04-27,Shampoo,29,56
2025-04-28,Rice,65,134
2025-04-28,Wheat,53,141
2025-04-28,Sugar,40,81
2025-04-28,Tea,18,43
2025-04-28,Oil,24,69
2025-04-28,Biscuits,67,194
2025-04-28,Soap,39,90
2025-04-28,Shampoo,24,48
2025-04-29,Rice,70,202
2025-04-29,Wheat,47,97
2025-04-29,Sugar,53,78
2025-04-29,Tea,19,41
2025-04-29,Oil,19,27
2025-04-29,Biscuits,68,128
2025-04-29,Soap,33,48
2025-04-29,Shampoo,34,80
2025-04-30,Rice,53,100
2025-04-30,Wheat,47,130
2025-04-30,Sugar,38,104
2025-04-30,Tea,20,42
2025-04-30,Oil,22,45
2025-04-30,Biscuits,73,199
2025-04-30,Soap,37,96
2025-04-30,Shampoo,33,59
2025-05-01,Rice,64,160
2025-05-01,Wheat,58,137
2025-05-01,Sugar,48,111
2025-05-01,Tea,19,31
2025-05-01,Oil,28,53
2025-05-01,Biscuits,72,125
2025-05-01,Soap,37,62
2025-05-01,Shampoo,27,79
2025-05-02,Rice,65,137
2025-05-02,Wheat,54,88
2025-05-02,Sugar,44,115
2025-05-02,Tea,17,36
2025-05-02,Oil,25,41
2025-05-02,Biscuits,70,149
2025-05-02,Soap,40,52
2025-05-02,Shampoo,27,67
2025-05-03,Rice,69,117
2025-05-03,Wheat,48,84
2025-05-03,Sugar,61,101
2025-05-03,Tea,22,35
2025-05-03,Oil,24,46
2025-05-03,Biscuits,87,219
2025-05-03,Soap,39,99
2025-05-03,Shampoo,38,87
2025-05-04,Rice,71,134
2025-05-04,Wheat,68,192
2025-05-04,Sugar,52,118
2025-05-04,Tea,20,57
2025-05-04,Oil,26,69
2025-05-04,Biscuits,90,230
2025-05-04,Soap,38,56
2025-05-04,Shampoo,41,114
2025-05-05,Rice,63,133
2025-05-05,Wheat,54,112
2025-05-05,Sugar,46,63
2025-05-05,Tea,18,27
2025-05-05,Oil,24,62
2025-05-05,Biscuits,80,165
2025-05-05,Soap,36,79
2025-05-05,Shampoo,32,77
2025-05-06,Rice,47,62
2025-05-06,Wheat,54,156
2025-05-06,Sugar,41,97
2025-05-06,Tea,16,21
2025-05-06,Oil,24,48
2025-05-06,Biscuits,74,196
2025-05-06,Soap,35,80
2025-05-06,Shampoo,31,62
2025-05-07,Rice,66,117
2025-05-07,Wheat,53,74
2025-05-07,Sugar,49,102
2025-05-07,Tea,20,42
2025-05-07,Oil,23,62
2025-05-07,Biscuits,68,121
2025-05-07,Soap,32,66
2025-05-07,Shampoo,30,81
2025-05-08,Rice,61,157
2025-05-08,Wheat,52,66
2025-05-08,Sugar,43,106
2025-05-08,Tea,20,36
2025-05-08,Oil,24,43
2025-05-08,Biscuits,72,163
2025-05-08,Soap,33,58
2025-05-08,Shampoo,27,45
2025-05-09,Rice,55,132
2025-05-09,Wheat,47,79
2025-05-09,Sugar,44,113
2025-05-09,Tea,18,28
2025-05-09,Oil,22,37
2025-05-09,Biscuits,72,150
2025-05-09,Soap,34,89
2025-05-09,Shampoo,25,71
2025-05-10,Rice,65,182
2025-05-10,Wheat,60,137
2025-05-10,Sugar,60,147
2025-05-10,Tea,19,36
2025-05-10,Oil,27,59
2025-05-10,Biscuits,84,133
2025-05-10,Soap,39,89
2025-05-10,Shampoo,31,72
2025-05-11,Rice,66,113
2025-05-11,Wheat,62,102
2025-05-11,Sugar,52,88
2025-05-11,Tea,20,59
2025-05-11,Oil,28,60
2025-05-11,Biscuits,89,262
2025-05-11,Soap,44,101
2025-05-11,Shampoo,34,56
2025-05-12,Rice,58,152
2025-05-12,Wheat,45,99
2025-05-12,Sugar,47,94
2025-05-12,Tea,15,19
2025-05-12,Oil,24,38
2025-05-12,Biscuits,73,93
2025-05-12,Soap,31,79
2025-05-12,Shampoo,28,39
2025-05-13,Rice,59,96
2025-05-13,Wheat,46,92
2025-05-13,Sugar,43,98
2025-05-13,Tea,19,33
2025-05-13,Oil,21,60
2025-05-13,Biscuits,57,137
2025-05-13,Soap,35,69
2025-05-13,Shampoo,24,64
2025-05-14,Rice,55,147
2025-05-14,Wheat,51,62
2025-05-14,Sugar,47,96
2025-05-14,Tea,15,24
2025-05-14,Oil,24,43
2025-05-14,Biscuits,74,173
2025-05-14,Soap,38,104
2025-05-14,Shampoo,31,51
2025-05-15,Rice,48,108
2025-05-15,Wheat,61,140
2025-05-15,Sugar,42,89
2025-05-15,Tea,17,40
2025-05-15,Oil,21,34
2025-05-15,Biscuits,79,163
2025-05-15,Soap,31,50
2025-05-15,Shampoo,25,31
2025-05-16,Rice,56,91
2025-05-16,Wheat,57,159
2025-05-16,Sugar,50,102
2025-05-16,Tea,17,22
2025-05-16,Oil,28,42
2025-05-16,Biscuits,66,139
2025-05-16,Soap,38,93
2025-05-16,Shampoo,32,42
2025-05-17,Rice,67,137
2025-05-17,Wheat,69,169
2025-05-17,Sugar,59,113
2025-05-17,Tea,21,28
2025-05-17,Oil,27,42
2025-05-17,Biscuits,82,156
2025-05-17,Soap,38,66
2025-05-17,Shampoo,38,59
2025-05-18,Rice,73,213
2025-05-18,Wheat,71,95
2025-05-18,Sugar,54,120
2025-05-18,Tea,16,29
2025-05-18,Oil,24,33
2025-05-18,Biscuits,91,163
2025-05-18,Soap,38,107
2025-05-18,Shampoo,38,86
2025-05-19,Rice,54,96
2025-05-19,Wheat,47,60
2025-05-19,Sugar,38,100
2025-05-19,Tea,15,22
2025-05-19,Oil,27,66
2025-05-19,Biscuits,74,109
2025-05-19,Soap,33,85
2025-05-19,Shampoo,31,71
2025-05-20,Rice,55,160
2025-05-20,Wheat,56,106
2025-05-20,Sugar,40,119
2025-05-20,Tea,14,32
2025-05-20,Oil,27,55
2025-05-20,Biscuits,69,200
2025-05-20,Soap,37,77
2025-05-20,Shampoo,27,62
2025-05-21,Rice,58,79
2025-05-21,Wheat,51,149
2025-05-21,Sugar,51,113
2025-05-21,Tea,16,32
2025-05-21,Oil,24,39
2025-05-21,Biscuits,80,157
2025-05-21,Soap,27,61
2025-05-21,Shampoo,26,56
2025-05-22,Rice,59,72
2025-05-22,Wheat,58,162
2025-05-22,Sugar,47,66
2025-05-22,Tea,18,44
2025-05-22,Oil,27,63
2025-05-22,Biscuits,76,112
2025-05-22,Soap,38,54
2025-05-22,Shampoo,34,78
2025-05-23,Rice,63,119
2025-05-23,Wheat,41,116
2025-05-23,Sugar,46,116
2025-05-23,Tea,18,27
2025-05-23,Oil,22,55
2025-05-23,Biscuits,78,179
2025-05-23,Soap,32,86
2025-05-23,Shampoo,26,33
2025-05-24,Rice,69,144
2025-05-24,Wheat,55,86
2025-05-24,Sugar,56,72
2025-05-24,Tea,15,34
2025-05-24,Oil,28,56
2025-05-24,Biscuits,80,238
2025-05-24,Soap,33,58
2025-05-24,Shampoo,41,61
2025-05-25,Rice,78,220
2025-05-25,Wheat,61,133
2025-05-25,Sugar,46,90
2025-05-25,Tea,24,36
2025-05-25,Oil,24,62
2025-05-25,Biscuits,95,248
2025-05-25,Soap,38,50
2025-05-25,Shampoo,31,82
2025-05-26,Rice,61,138
2025-05-26,Wheat,53,139
2025-05-26,Sugar,44,59
2025-05-26,Tea,17,24
2025-05-26,Oil,22,46
2025-05-26,Biscuits,78,211
2025-05-26,Soap,33,49
2025-05-26,Shampoo,32,52
2025-05-27,Rice,64,189
2025-05-27,Wheat,54,81
2025-05-27,Sugar,47,64
2025-05-27,Tea,16,47
2025-05-27,Oil,27,75
2025-05-27,Biscuits,64,156
2025-05-27,Soap,37,46
2025-05-27,Shampoo,31,71
2025-05-28,Rice,57,92
2025-05-28,Wheat,48,132
2025-05-28,Sugar,41,89
2025-05-28,Tea,20,43
2025-05-28,Oil,21,49
2025-05-28,Biscuits,82,132
2025-05-28,Soap,35,79
2025-05-28,Shampoo,24,40
2025-05-29,Rice,58,103
2025-05-29,Wheat,58,85
2025-05-29,Sugar,48,113
2025-05-29,Tea,19,33
2025-05-29,Oil,24,40
2025-05-29,Biscuits,68,149
2025-05-29,Soap,37,50
2025-05-29,Shampoo,28,42
2025-05-30,Rice,65,142
2025-05-30,Wheat,59,127
2025-05-30,Sugar,46,67
2025-05-30,Tea,16,25
2025-05-30,Oil,24,44
2025-05-30,Biscuits,62,174
2025-05-30,Soap,32,41
2025-05-30,Shampoo,28,78
2025-05-31,Rice,61,93
2025-05-31,Wheat,76,170
2025-05-31,Sugar,60,74
2025-05-31,Tea,22,45
2025-05-31,Oil,30,73
2025-05-31,Biscuits,81,147
2025-05-31,Soap,33,53
2025-05-31,Shampoo,33,87
2025-06-01,Rice,72,159
2025-06-01,Wheat,58,158
2025-06-01,Sugar,64,155
2025-06-01,Tea,19,48
2025-06-01,Oil,29,54
2025-06-01,Biscuits,80,155
2025-06-01,Soap,41,68
2025-06-01,Shampoo,31,46
2025-06-02,Rice,61,79
2025-06-02,Wheat,47,104
2025-06-02,Sugar,48,101
2025-06-02,Tea,16,29
2025-06-02,Oil,18,53
2025-06-02,Biscuits,61,97
2025-06-02,Soap,34,49
2025-06-02,Shampoo,34,66
2025-06-03,Rice,60,119
2025-06-03,Wheat,53,106
2025-06-03,Sugar,49,124
2025-06-03,Tea,18,50
2025-06-03,Oil,23,57
2025-06-03,Biscuits,73,205
2025-06-03,Soap,40,76
2025-06-03,Shampoo,31,52
2025-06-04,Rice,55,101
2025-06-04,Wheat,57,133
2025-06-04,Sugar,43,86
2025-06-04,Tea,21,51
2025-06-04,Oil,23,36
2025-06-04,Biscuits,75,220
2025-06-04,Soap,32,76
2025-06-04,Shampoo,24,71
2025-06-05,Rice,66,84
2025-06-05,Wheat,58,160
2025-06-05,Sugar,41,120
2025-06-05,Tea,13,32
2025-06-05,Oil,24,61
2025-06-05,Biscuits,81,220
2025-06-05,Soap,38,81
2025-06-05,Shampoo,30,38
2025-06-06,Rice,61,91
2025-06-06,Wheat,51,148
2025-06-06,Sugar,44,123
2025-06-06,Tea,20,41
2025-06-06,Oil,23,62
2025-06-06,Biscuits,75,220
2025-06-06,Soap,31,59
2025-06-06,Shampoo,28,49
2025-06-07,Rice,75,151
2025-06-07,Wheat,58,164
2025-06-07,Sugar,53,70
2025-06-07,Tea,24,55
2025-06-07,Oil,27,71
2025-06-07,Biscuits,90,259
2025-06-07,Soap,39,62
2025-06-07,Shampoo,41,120
2025-06-08,Rice,69,187
2025-06-08,Wheat,59,143
2025-06-08,Sugar,50,122
2025-06-08,Tea,19,27
2025-06-08,Oil,29,80
2025-06-08,Biscuits,85,134
2025-06-08,Soap,38,81
2025-06-08,Shampoo,32,53
2025-06-09,Rice,56,135
2025-06-09,Wheat,54,74
2025-06-09,Sugar,51,121
2025-06-09,Tea,19,46
2025-06-09,Oil,21,51
2025-06-09,Biscuits,64,117
2025-06-09,Soap,33,70
2025-06-09,Shampoo,34,72
2025-06-10,Rice,49,119
2025-06-10,Wheat,52,143
2025-06-10,Sugar,50,117
2025-06-10,Tea,17,25
2025-06-10,Oil,24,55
2025-06-10,Biscuits,78,184
2025-06-10,Soap,40,80
2025-06-10,Shampoo,29,38
2025-06-11,Rice,55,105
2025-06-11,Wheat,59,124
2025-06-11,Sugar,43,66
2025-06-11,Tea,18,52
2025-06-11,Oil,21,59
2025-06-11,Biscuits,73,218
2025-06-11,Soap,39,60
2025-06-11,Shampoo,24,50
2025-06-12,Rice,57,89
2025-06-12,Wheat,53,106
2025-06-12,Sugar,44,74
2025-06-12,Tea,18,30
2025-06-12,Oil,22,60
2025-06-12,Biscuits,76,212
2025-06-12,Soap,40,104
2025-06-12,Shampoo,24,71
2025-06-13,Rice,60,173
2025-06-13,Wheat,55,79
2025-06-13,Sugar,47,102
2025-06-13,Tea,15,34
2025-06-13,Oil,21,50
2025-06-13,Biscuits,70,107
2025-06-13,Soap,42,83
2025-06-13,Shampoo,26,31
2025-06-14,Rice,77,142
2025-06-14,Wheat,56,138
2025-06-14,Sugar,56,135
2025-06-14,Tea,23,32
2025-06-14,Oil,26,42
2025-06-14,Biscuits,93,270
2025-06-14,Soap,44,119
2025-06-14,Shampoo,26,37
2025-06-15,Rice,70,146
2025-06-15,Wheat,63,142
2025-06-15,Sugar,63,77
2025-06-15,Tea,18,36
2025-06-15,Oil,28,73
2025-06-15,Biscuits,86,248
2025-06-15,Soap,43,55
2025-06-15,Shampoo,41,111
2025-06-16,Rice,55,125
2025-06-16,Wheat,58,165
2025-06-16,Sugar,47,88
2025-06-16,Tea,20,29
2025-06-16,Oil,21,55
2025-06-16,Biscuits,74,184
2025-06-16,Soap,35,75
2025-06-16,Shampoo,29,82
2025-06-17,Rice,56,88
2025-06-17,Wheat,48,79
2025-06-17,Sugar,47,81
2025-06-17,Tea,17,50
2025-06-17,Oil,22,28
2025-06-17,Biscuits,66,87
2025-06-17,Soap,37,47
2025-06-17,Shampoo,30,89
2025-06-18,Rice,55,146
2025-06-18,Wheat,56,117
2025-06-18,Sugar,47,56
2025-06-18,Tea,18,28
2025-06-18,Oil,26,69
2025-06-18,Biscuits,74,173
2025-06-18,Soap,33,83
2025-06-18,Shampoo,33,47
2025-06-19,Rice,55,146
2025-06-19,Wheat,48,138
2025-06-19,Sugar,45,80
2025-06-19,Tea,15,32
2025-06-19,Oil,25,56
2025-06-19,Biscuits,83,200
2025-06-19,Soap,45,110
2025-06-19,Shampoo,31,86
2025-06-20,Rice,57,83
2025-06-20,Wheat,54,110
2025-06-20,Sugar,41,59
2025-06-20,Tea,16,24
2025-06-20,Oil,18,39
2025-06-20,Biscuits,72,137
2025-06-20,Soap,35,68
2025-06-20,Shampoo,33,41
2025-06-21,Rice,80,149
2025-06-21,Wheat,63,110
2025-06-21,Sugar,46,137
2025-06-21,Tea,20,40
2025-06-21,Oil,27,51
2025-06-21,Biscuits,92,143
2025-06-21,Soap,40,51
2025-06-21,Shampoo,33,62
2025-06-22,Rice,63,135
2025-06-22,Wheat,56,105
2025-06-22,Sugar,47,129
2025-06-22,Tea,19,30
2025-06-22,Oil,34,86
2025-06-22,Biscuits,88,132
2025-06-22,Soap,48,132
2025-06-22,Shampoo,37,56
2025-06-23,Rice,60,81
2025-06-23,Wheat,47,138
2025-06-23,Sugar,43,82
2025-06-23,Tea,14,23
2025-06-23,Oil,24,66
2025-06-23,Biscuits,59,143
2025-06-23,Soap,35,53
2025-06-23,Shampoo,33,57
2025-06-24,Rice,61,118
2025-06-24,Wheat,55,90
2025-06-24,Sugar,43,65
2025-06-24,Tea,16,43
2025-06-24,Oil,25,45
2025-06-24,Biscuits,74,173
2025-06-24,Soap,31,79
2025-06-24,Shampoo,27,39
2025-06-25,Rice,64,146
2025-06-25,Wheat,63,187
2025-06-25,Sugar,48,91
2025-06-25,Tea,17,27
2025-06-25,Oil,24,46
2025-06-25,Biscuits,69,152
2025-06-25,Soap,35,64
2025-06-25,Shampoo,30,83
2025-06-26,Rice,57,112
2025-06-26,Wheat,58,162
2025-06-26,Sugar,48,70
2025-06-26,Tea,15,36
2025-06-26,Oil,20,30
2025-06-26,Biscuits,71,152
2025-06-26,Soap,31,71
2025-06-26,Shampoo,30,56
2025-06-27,Rice,65,152
2025-06-27,Wheat,52,75
2025-06-27,Sugar,50,80
2025-06-27,Tea,13,21
2025-06-27,Oil,27,53
2025-06-27,Biscuits,71,190
2025-06-27,Soap,35,67
2025-06-27,Shampoo,33,58
2025-06-28,Rice,64,88
2025-06-28,Wheat,60,110
2025-06-28,Sugar,49,105
2025-06-28,Tea,24,60
2025-06-28,Oil,30,72
2025-06-28,Biscuits,89,111
2025-06-28,Soap,50,139
2025-06-28,Shampoo,33,92
2025-06-29,Rice,80,111
2025-06-29,Wheat,70,175
2025-06-29,Sugar,59,171
2025-06-29,Tea,24,67
2025-06-29,Oil,24,69
2025-06-29,Biscuits,84,148
2025-06-29,Soap,36,101
2025-06-29,Shampoo,47,97
2025-06-30,Rice,56,143
2025-06-30,Wheat,63,165
2025-06-30,Sugar,47,57
2025-06-30,Tea,16,24
2025-06-30,Oil,21,51
2025-06-30,Biscuits,74,209
2025-06-30,Soap,35,54
2025-06-30,Shampoo,29,39
2025-07-01,Rice,51,133
2025-07-01,Wheat,45,101
2025-07-01,Sugar,60,77
2025-07-01,Tea,17,39
2025-07-01,Oil,24,70
2025-07-01,Biscuits,75,142
2025-07-01,Soap,39,51
2025-07-01,Shampoo,27,52
2025-07-02,Rice,68,94
2025-07-02,Wheat,56,97
2025-07-02,Sugar,48,93
2025-07-02,Tea,19,54
2025-07-02,Oil,23,56
2025-07-02,Biscuits,66,103
2025-07-02,Soap,27,41
2025-07-02,Shampoo,30,85
2025-07-03,Rice,55,138
2025-07-03,Wheat,58,166
2025-07-03,Sugar,50,147
2025-07-03,Tea,18,41
2025-07-03,Oil,23,43
2025-07-03,Biscuits,76,160
2025-07-03,Soap,39,48
2025-07-03,Shampoo,30,60
2025-07-04,Rice,49,94
2025-07-04,Wheat,40,69
2025-07-04,Sugar,47,106
2025-07-04,Tea,14,26
2025-07-04,Oil,23,35
2025-07-04,Biscuits,75,204
2025-07-04,Soap,37,65
2025-07-04,Shampoo,29,35
2025-07-05,Rice,69,166
2025-07-05,Wheat,63,76
2025-07-05,Sugar,49,120
2025-07-05,Tea,23,37
2025-07-05,Oil,29,61
2025-07-05,Biscuits,72,178
2025-07-05,Soap,40,69
2025-07-05,Shampoo,41,72
2025-07-06,Rice,72,168
2025-07-06,Wheat,70,137
2025-07-06,Sugar,57,162
2025-07-06,Tea,15,35
2025-07-06,Oil,28,41
2025-07-06,Biscuits,84,152
2025-07-06,Soap,41,73
2025-07-06,Shampoo,36,70
2025-07-07,Rice,55,94
2025-07-07,Wheat,55,107
2025-07-07,Sugar,43,70
2025-07-07,Tea,17,29
2025-07-07,Oil,25,69
2025-07-07,Biscuits,66,146
2025-07-07,Soap,35,93
2025-07-07,Shampoo,25,56
2025-07-08,Rice,63,186
2025-07-08,Wheat,46,77
2025-07-08,Sugar,52,130
2025-07-08,Tea,15,38
2025-07-08,Oil,24,47
2025-07-08,Biscuits,86,214
2025-07-08,Soap,31,44
2025-07-08,Shampoo,35,61
2025-07-09,Rice,66,158
2025-07-09,Wheat,55,146
2025-07-09,Sugar,48,128
2025-07-09,Tea,19,44
2025-07-09,Oil,27,48
2025-07-09,Biscuits,69,133
2025-07-09,Soap,34,46
2025-07-09,Shampoo,27,56
2025-07-10,Rice,57,113
2025-07-10,Wheat,53,74
2025-07-10,Sugar,40,103
2025-07-10,Tea,15,30
2025-07-10,Oil,24,65
2025-07-10,Biscuits,68,110
2025-07-10,Soap,37,95
2025-07-10,Shampoo,25,55
2025-07-11,Rice,57,77
2025-07-11,Wheat,45,88
2025-07-11,Sugar,45,76
2025-07-11,Tea,18,31
2025-07-11,Oil,24,51
2025-07-11,Biscuits,62,90
2025-07-11,Soap,31,46
2025-07-11,Shampoo,26,69
2025-07-12,Rice,69,197
2025-07-12,Wheat,48,61
2025-07-12,Sugar,59,171
2025-07-12,Tea,21,45
2025-07-12,Oil,29,35
2025-07-12,Biscuits,81,150
2025-07-12,Soap,50,134
2025-07-12,Shampoo,37,50
2025-07-13,Rice,68,165
2025-07-13,Wheat,64,175
2025-07-13,Sugar,65,159
2025-07-13,Tea,25,32
2025-07-13,Oil,32,52
2025-07-13,Biscuits,91,256
2025-07-13,Soap,50,120
2025-07-13,Shampoo,38,96
2025-07-14,Rice,72,180
2025-07-14,Wheat,48,126
2025-07-14,Sugar,42,65
2025-07-14,Tea,19,44
2025-07-14,Oil,26,45
2025-07-14,Biscuits,70,100
2025-07-14,Soap,34,80
2025-07-14,Shampoo,31,57
2025-07-15,Rice,55,162
2025-07-15,Wheat,48,119
2025-07-15,Sugar,47,115
2025-07-15,Tea,16,41
2025-07-15,Oil,24,36
2025-07-15,Biscuits,69,189
2025-07-15,Soap,34,49
2025-07-15,Shampoo,28,41
2025-07-16,Rice,62,92
2025-07-16,Wheat,53,146
2025-07-16,Sugar,36,88
2025-07-16,Tea,19,25
2025-07-16,Oil,25,31
2025-07-16,Biscuits,83,138
2025-07-16,Soap,33,72
2025-07-16,Shampoo,29,66
2025-07-17,Rice,60,134
2025-07-17,Wheat,56,159
2025-07-17,Sugar,48,80
2025-07-17,Tea,17,40
2025-07-17,Oil,23,29
2025-07-17,Biscuits,67,133
2025-07-17,Soap,29,42
2025-07-17,Shampoo,30,82
2025-07-18,Rice,65,145
2025-07-18,Wheat,53,64
2025-07-18,Sugar,47,131
2025-07-18,Tea,16,40
2025-07-18,Oil,21,33
2025-07-18,Biscuits,65,155
2025-07-18,Soap,39,49
2025-07-18,Shampoo,30,68
2025-07-19,Rice,63,111
2025-07-19,Wheat,61,127
2025-07-19,Sugar,51,146
2025-07-19,Tea,21,36
2025-07-19,Oil,27,63
2025-07-19,Biscuits,78,179
2025-07-19,Soap,39,92
2025-07-19,Shampoo,31,61
2025-07-20,Rice,80,227
2025-07-20,Wheat,74,153
2025-07-20,Sugar,60,168
2025-07-20,Tea,20,40
2025-07-20,Oil,30,48
2025-07-20,Biscuits,96,228
2025-07-20,Soap,43,91
2025-07-20,Shampoo,33,56
2025-07-21,Rice,62,144
2025-07-21,Wheat,63,139
2025-07-21,Sugar,51,106
2025-07-21,Tea,14,34
2025-07-21,Oil,22,31
2025-07-21,Biscuits,71,124
2025-07-21,Soap,30,73
2025-07-21,Shampoo,28,35
2025-07-22,Rice,63,173
2025-07-22,Wheat,62,142
2025-07-22,Sugar,53,150
2025-07-22,Tea,21,26
2025-07-22,Oil,24,33
2025-07-22,Biscuits,60,90
2025-07-22,Soap,36,99
2025-07-22,Shampoo,29,37
2025-07-23,Rice,59,78
2025-07-23,Wheat,54,142
2025-07-23,Sugar,50,61
2025-07-23,Tea,16,44
2025-07-23,Oil,24,47
2025-07-23,Biscuits,73,195
2025-07-23,Soap,43,58
2025-07-23,Shampoo,30,81
2025-07-24,Rice,56,108
2025-07-24,Wheat,47,81
2025-07-24,Sugar,35,95
2025-07-24,Tea,19,39
2025-07-24,Oil,24,50
2025-07-24,Biscuits,70,140
2025-07-24,Soap,40,103
2025-07-24,Shampoo,30,85
2025-07-25,Rice,68,202
2025-07-25,Wheat,51,77
2025-07-25,Sugar,52,91
2025-07-25,Tea,18,32
2025-07-25,Oil,24,54
2025-07-25,Biscuits,65,130
2025-07-25,Soap,31,92
2025-07-25,Shampoo,29,51
2025-07-26,Rice,81,169
2025-07-26,Wheat,73,92
2025-07-26,Sugar,67,124
2025-07-26,Tea,20,52
2025-07-26,Oil,29,41
2025-07-26,Biscuits,78,119
2025-07-26,Soap,42,105
2025-07-26,Shampoo,38,64
2025-07-27,Rice,69,83
2025-07-27,Wheat,67,126
2025-07-27,Sugar,62,127
2025-07-27,Tea,22,29
2025-07-27,Oil,24,42
2025-07-27,Biscuits,71,188
2025-07-27,Soap,41,115
2025-07-27,Shampoo,32,85
2025-07-28,Rice,50,123
2025-07-28,Wheat,54,158
2025-07-28,Sugar,39,54
2025-07-28,Tea,16,45
2025-07-28,Oil,27,59
2025-07-28,Biscuits,75,209
2025-07-28,Soap,36,57
2025-07-28,Shampoo,26,55
2025-07-29,Rice,59,146
2025-07-29,Wheat,59,82
2025-07-29,Sugar,39,111
2025-07-29,Tea,17,21
2025-07-29,Oil,24,30
2025-07-29,Biscuits,59,126
2025-07-29,Soap,29,43
2025-07-29,Shampoo,29,74
2025-07-30,Rice,59,97
2025-07-30,Wheat,50,119
2025-07-30,Sugar,44,125
2025-07-30,Tea,21,60
2025-07-30,Oil,24,60
2025-07-30,Biscuits,83,113
2025-07-30,Soap,35,57
2025-07-30,Shampoo,26,63
2025-07-31,Rice,59,102
2025-07-31,Wheat,53,146
2025-07-31,Sugar,38,49
2025-07-31,Tea,14,40
2025-07-31,Oil,27,42
2025-07-31,Biscuits,72,133
2025-07-31,Soap,33,58
2025-07-31,Shampoo,28,78
2025-08-01,Rice,54,156
2025-08-01,Wheat,49,89
2025-08-01,Sugar,46,133
2025-08-01,Tea,20,39
2025-08-01,Oil,25,70
2025-08-01,Biscuits,62,169
2025-08-01,Soap,30,60
2025-08-01,Shampoo,29,42
2025-08-02,Rice,76,170
2025-08-02,Wheat,62,95
2025-08-02,Sugar,41,74
2025-08-02,Tea,20,48
2025-08-02,Oil,29,56
2025-08-02,Biscuits,72,137
2025-08-02,Soap,41,72
2025-08-02,Shampoo,35,98
2025-08-03,Rice,69,113
2025-08-03,Wheat,61,130
2025-08-03,Sugar,56,119
2025-08-03,Tea,19,31
2025-08-03,Oil,30,79
2025-08-03,Biscuits,82,188
2025-08-03,Soap,43,82
2025-08-03,Shampoo,35,57
2025-08-04,Rice,68,202
2025-08-04,Wheat,56,165
2025-08-04,Sugar,36,62
2025-08-04,Tea,16,34
2025-08-04,Oil,19,40
2025-08-04,Biscuits,69,193
2025-08-04,Soap,33,88
2025-08-04,Shampoo,31,64
2025-08-05,Rice,61,119
2025-08-05,Wheat,55,111
2025-08-05,Sugar,52,111
2025-08-05,Tea,17,46
2025-08-05,Oil,22,55
2025-08-05,Biscuits,80,129
2025-08-05,Soap,37,62
2025-08-05,Shampoo,27,64
2025-08-06,Rice,59,123
2025-08-06,Wheat,50,100
2025-08-06,Sugar,43,60
2025-08-06,Tea,14,21
2025-08-06,Oil,27,66
2025-08-06,Biscuits,57,144
2025-08-06,Soap,29,82
2025-08-06,Shampoo,24,48
2025-08-07,Rice,61,153
2025-08-07,Wheat,47,106
2025-08-07,Sugar,48,95
2025-08-07,Tea,16,26
2025-08-07,Oil,22,58
2025-08-07,Biscuits,77,144
2025-08-07,Soap,41,97
2025-08-07,Shampoo,30,76
2025-08-08,Rice,69,123
2025-08-08,Wheat,45,123
2025-08-08,Sugar,48,132
2025-08-08,Tea,20,46
2025-08-08,Oil,25,59
2025-08-08,Biscuits,76,94
2025-08-08,Soap,41,92
2025-08-08,Shampoo,26,43
2025-08-09,Rice,55,74
2025-08-09,Wheat,65,114
2025-08-09,Sugar,53,71
2025-08-09,Tea,16,36
2025-08-09,Oil,29,43
2025-08-09,Biscuits,77,139
2025-08-09,Soap,43,117
2025-08-09,Shampoo,39,79
2025-08-10,Rice,73,129
2025-08-10,Wheat,59,175
2025-08-10,Sugar,59,164
2025-08-10,Tea,24,61
2025-08-10,Oil,36,78
2025-08-10,Biscuits,83,106
2025-08-10,Soap,43,91
2025-08-10,Shampoo,34,76
2025-08-11,Rice,61,106
2025-08-11,Wheat,61,124
2025-08-11,Sugar,50,145
2025-08-11,Tea,17,24
2025-08-11,Oil,24,42
2025-08-11,Biscuits,64,191
2025-08-11,Soap,39,71
2025-08-11,Shampoo,32,50
2025-08-12,Rice,56,133
2025-08-12,Wheat,58,122
2025-08-12,Sugar,45,84
2025-08-12,Tea,13,25
2025-08-12,Oil,22,52
2025-08-12,Biscuits,68,127
2025-08-12,Soap,37,64
2025-08-12,Shampoo,33,76
2025-08-13,Rice,49,62
2025-08-13,Wheat,63,100
2025-08-13,Sugar,44,62
2025-08-13,Tea,15,35
2025-08-13,Oil,23,27
2025-08-13,Biscuits,73,91
2025-08-13,Soap,41,57
2025-08-13,Shampoo,26,37
2025-08-14,Rice,59,96
2025-08-14,Wheat,54,149
2025-08-14,Sugar,43,112
2025-08-14,Tea,20,28
2025-08-14,Oil,23,54
2025-08-14,Biscuits,71,160
2025-08-14,Soap,36,66
2025-08-14,Shampoo,31,41
2025-08-15,Rice,55,153
2025-08-15,Wheat,45,119
2025-08-15,Sugar,51,65
2025-08-15,Tea,15,37
2025-08-15,Oil,22,42
2025-08-15,Biscuits,72,181
2025-08-15,Soap,43,87
2025-08-15,Shampoo,27,76
2025-08-16,Rice,64,80
2025-08-16,Wheat,63,152
2025-08-16,Sugar,47,71
2025-08-16,Tea,18,51
2025-08-16,Oil,28,76
2025-08-16,Biscuits,97,185
2025-08-16,Soap,40,113
2025-08-16,Shampoo,36,49
2025-08-17,Rice,68,157
2025-08-17,Wheat,71,208
2025-08-17,Sugar,61,155
2025-08-17,Tea,20,59
2025-08-17,Oil,26,43
2025-08-17,Biscuits,88,176
2025-08-17,Soap,37,66
2025-08-17,Shampoo,32,84
2025-08-18,Rice,51,107
2025-08-18,Wheat,47,96
2025-08-18,Sugar,47,115
2025-08-18,Tea,19,52
2025-08-18,Oil,23,60
2025-08-18,Biscuits,60,90
2025-08-18,Soap,39,81
2025-08-18,Shampoo,26,72
2025-08-19,Rice,61,175
2025-08-19,Wheat,52,141
2025-08-19,Sugar,53,152
2025-08-19,Tea,17,42
2025-08-19,Oil,23,54
2025-08-19,Biscuits,73,186
2025-08-19,Soap,31,90
2025-08-19,Shampoo,31,54
2025-08-20,Rice,57,160
2025-08-20,Wheat,60,175
2025-08-20,Sugar,53,127
2025-08-20,Tea,19,44
2025-08-20,Oil,27,73
2025-08-20,Biscuits,77,145
2025-08-20,Soap,34,84
2025-08-20,Shampoo,29,70
2025-08-21,Rice,55,97
2025-08-21,Wheat,56,119
2025-08-21,Sugar,40,105
2025-08-21,Tea,14,17
2025-08-21,Oil,21,28
2025-08-21,Biscuits,60,123
2025-08-21,Soap,36,105
2025-08-21,Shampoo,28,66
2025-08-22,Rice,48,120
2025-08-22,Wheat,64,93
2025-08-22,Sugar,44,104
2025-08-22,Tea,18,27
2025-08-22,Oil,27,76
2025-08-22,Biscuits,66,187
2025-08-22,Soap,29,46
2025-08-22,Shampoo,29,49
2025-08-23,Rice,72,110
2025-08-23,Wheat,66,106
2025-08-23,Sugar,65,149
2025-08-23,Tea,20,57
2025-08-23,Oil,25,68
2025-08-23,Biscuits,86,172
2025-08-23,Soap,37,108
2025-08-23,Shampoo,34,46
2025-08-24,Rice,68,131
2025-08-24,Wheat,60,141
2025-08-24,Sugar,64,90
2025-08-24,Tea,24,62
2025-08-24,Oil,30,43
2025-08-24,Biscuits,90,138
2025-08-24,Soap,38,81
2025-08-24,Shampoo,30,38
2025-08-25,Rice,56,91
2025-08-25,Wheat,55,120
2025-08-25,Sugar,38,51
2025-08-25,Tea,17,47
2025-08-25,Oil,28,70
2025-08-25,Biscuits,64,183
2025-08-25,Soap,29,35
2025-08-25,Shampoo,32,56
2025-08-26,Rice,52,128
2025-08-26,Wheat,47,99
2025-08-26,Sugar,44,77
2025-08-26,Tea,19,39
2025-08-26,Oil,25,31
2025-08-26,Biscuits,62,120
2025-08-26,Soap,36,58
2025-08-26,Shampoo,23,58
2025-08-27,Rice,64,154
2025-08-27,Wheat,66,165
2025-08-27,Sugar,48,79
2025-08-27,Tea,18,23
2025-08-27,Oil,24,33
2025-08-27,Biscuits,73,214
2025-08-27,Soap,36,80
2025-08-27,Shampoo,28,61
2025-08-28,Rice,63,82
2025-08-28,Wheat,47,75
2025-08-28,Sugar,53,125
2025-08-28,Tea,19,55
2025-08-28,Oil,21,36
2025-08-28,Biscuits,62,159
2025-08-28,Soap,32,76
2025-08-28,Shampoo,28,41
2025-08-29,Rice,48,135
2025-08-29,Wheat,48,65
2025-08-29,Sugar,47,124
2025-08-29,Tea,18,38
2025-08-29,Oil,23,29
2025-08-29,Biscuits,81,182
2025-08-29,Soap,35,56
2025-08-29,Shampoo,34,98
2025-08-30,Rice,70,207
2025-08-30,Wheat,60,151
2025-08-30,Sugar,54,90
2025-08-30,Tea,22,46
2025-08-30,Oil,29,57
2025-08-30,Biscuits,88,165
2025-08-30,Soap,47,63
2025-08-30,Shampoo,37,104
2025-08-31,Rice,82,212
2025-08-31,Wheat,67,110
2025-08-31,Sugar,53,150
2025-08-31,Tea,17,25
2025-08-31,Oil,33,87
2025-08-31,Biscuits,94,154
2025-08-31,Soap,48,77
2025-08-31,Shampoo,36,47
2025-09-01,Rice,66,190
2025-09-01,Wheat,53,65
2025-09-01,Sugar,48,69
2025-09-01,Tea,20,46
2025-09-01,Oil,20,48
2025-09-01,Biscuits,69,172
2025-09-01,Soap,34,52
2025-09-01,Shampoo,33,75
2025-09-02,Rice,56,115
2025-09-02,Wheat,55,72
2025-09-02,Sugar,58,152
2025-09-02,Tea,18,41
2025-09-02,Oil,17,30
2025-09-02,Biscuits,63,148
2025-09-02,Soap,33,66
2025-09-02,Shampoo,32,57
2025-09-03,Rice,66,97
2025-09-03,Wheat,63,100
2025-09-03,Sugar,48,115
2025-09-03,Tea,16,33
2025-09-03,Oil,24,69
2025-09-03,Biscuits,61,102
2025-09-03,Soap,33,86
2025-09-03,Shampoo,30,78
2025-09-04,Rice,63,181
2025-09-04,Wheat,50,66
2025-09-04,Sugar,48,118
2025-09-04,Tea,15,23
2025-09-04,Oil,22,47
2025-09-04,Biscuits,81,233
2025-09-04,Soap,36,76
2025-09-04,Shampoo,30,58
2025-09-05,Rice,57,112
2025-09-05,Wheat,54,155
2025-09-05,Sugar,47,73
2025-09-05,Tea,18,41
2025-09-05,Oil,27,80
2025-09-05,Biscuits,68,85
2025-09-05,Soap,31,84
2025-09-05,Shampoo,27,42
2025-09-06,Rice,63,133
2025-09-06,Wheat,52,124
2025-09-06,Sugar,61,90
2025-09-06,Tea,20,51
2025-09-06,Oil,28,79
2025-09-06,Biscuits,99,236
2025-09-06,Soap,40,106
2025-09-06,Shampoo,34,55
2025-09-07,Rice,62,137
2025-09-07,Wheat,56,81
2025-09-07,Sugar,51,65
2025-09-07,Tea,16,40
2025-09-07,Oil,27,73
2025-09-07,Biscuits,82,112
2025-09-07,Soap,48,128
2025-09-07,Shampoo,40,118
2025-09-08,Rice,64,180
2025-09-08,Wheat,60,143
2025-09-08,Sugar,46,72
2025-09-08,Tea,16,27
2025-09-08,Oil,19,37
2025-09-08,Biscuits,63,98
2025-09-08,Soap,37,95
2025-09-08,Shampoo,23,55
2025-09-09,Rice,69,203
2025-09-09,Wheat,42,94
2025-09-09,Sugar,54,95
2025-09-09,Tea,16,26
2025-09-09,Oil,19,41
2025-09-09,Biscuits,70,172
2025-09-09,Soap,33,47
2025-09-09,Shampoo,34,57
2025-09-10,Rice,52,84
2025-09-10,Wheat,54,117
2025-09-10,Sugar,40,108
2025-09-10,Tea,18,42
2025-09-10,Oil,22,61
2025-09-10,Biscuits,64,91
2025-09-10,Soap,34,53
2025-09-10,Shampoo,31,38
2025-09-11,Rice,67,197
2025-09-11,Wheat,40,93
2025-09-11,Sugar,39,73
2025-09-11,Tea,15,40
2025-09-11,Oil,24,46
2025-09-11,Biscuits,69,95
2025-09-11,Soap,31,85
2025-09-11,Shampoo,33,79
2025-09-12,Rice,53,151
2025-09-12,Wheat,55,69
2025-09-12,Sugar,42,101
2025-09-12,Tea,19,37
2025-09-12,Oil,22,26
2025-09-12,Biscuits,70,106
2025-09-12,Soap,30,87
2025-09-12,Shampoo,31,47
2025-09-13,Rice,76,199
2025-09-13,Wheat,70,190
2025-09-13,Sugar,72,158
2025-09-13,Tea,21,32
2025-09-13,Oil,22,63
2025-09-13,Biscuits,87,254
2025-09-13,Soap,38,97
2025-09-13,Shampoo,30,72
2025-09-14,Rice,76,210
2025-09-14,Wheat,51,122
2025-09-14,Sugar,61,120
2025-09-14,Tea,14,35
2025-09-14,Oil,26,50
2025-09-14,Biscuits,85,183
2025-09-14,Soap,42,88
2025-09-14,Shampoo,39,71
2025-09-15,Rice,50,120
2025-09-15,Wheat,49,74
2025-09-15,Sugar,55,81
2025-09-15,Tea,20,37
2025-09-15,Oil,23,30
2025-09-15,Biscuits,68,185
2025-09-15,Soap,41,100
2025-09-15,Shampoo,26,73
2025-09-16,Rice,54,134
2025-09-16,Wheat,45,124
2025-09-16,Sugar,46,123
2025-09-16,Tea,20,51
2025-09-16,Oil,22,35
2025-09-16,Biscuits,59,89
2025-09-16,Soap,34,94
2025-09-16,Shampoo,26,69
2025-09-17,Rice,63,168
2025-09-17,Wheat,60,175
2025-09-17,Sugar,50,90
2025-09-17,Tea,19,41
2025-09-17,Oil,20,46
2025-09-17,Biscuits,53,92
2025-09-17,Soap,38,62
2025-09-17,Shampoo,30,52
2025-09-18,Rice,68,165
2025-09-18,Wheat,47,93
2025-09-18,Sugar,47,109
2025-09-18,Tea,17,48
2025-09-18,Oil,21,51
2025-09-18,Biscuits,60,115
2025-09-18,Soap,35,46
2025-09-18,Shampoo,31,62
2025-09-19,Rice,51,124
2025-09-19,Wheat,38,87
2025-09-19,Sugar,41,97
2025-09-19,Tea,19,34
2025-09-19,Oil,21,37
2025-09-19,Biscuits,63,107
2025-09-19,Soap,36,104
2025-09-19,Shampoo,32,88
2025-09-20,Rice,59,120
2025-09-20,Wheat,57,124
2025-09-20,Sugar,63,126
2025-09-20,Tea,19,55
2025-09-20,Oil,28,39
2025-09-20,Biscuits,71,143
2025-09-20,Soap,35,73
2025-09-20,Shampoo,33,96
2025-09-21,Rice,71,198
2025-09-21,Wheat,58,141
2025-09-21,Sugar,54,81
2025-09-21,Tea,20,46
2025-09-21,Oil,29,67
2025-09-21,Biscuits,83,128
2025-09-21,Soap,46,73
2025-09-21,Shampoo,32,40
2025-09-22,Rice,62,78
2025-09-22,Wheat,56,72
2025-09-22,Sugar,42,120
2025-09-22,Tea,16,37
2025-09-22,Oil,21,36
2025-09-22,Biscuits,71,152
2025-09-22,Soap,33,49
2025-09-22,Shampoo,30,88
2025-09-23,Rice,58,119
2025-09-23,Wheat,43,98
2025-09-23,Sugar,54,105
2025-09-23,Tea,19,56
2025-09-23,Oil,23,35
2025-09-23,Biscuits,77,135
2025-09-23,Soap,39,65
2025-09-23,Shampoo,31,48
2025-09-24,Rice,65,130
2025-09-24,Wheat,55,96
2025-09-24,Sugar,54,74
2025-09-24,Tea,19,49
2025-09-24,Oil,24,43
2025-09-24,Biscuits,57,142
2025-09-24,Soap,33,98
2025-09-24,Shampoo,29,66
2025-09-25,Rice,61,99
2025-09-25,Wheat,49,63
2025-09-25,Sugar,43,53
2025-09-25,Tea,19,27
2025-09-25,Oil,21,35
2025-09-25,Biscuits,72,101
2025-09-25,Soap,38,47
2025-09-25,Shampoo,34,70
2025-09-26,Rice,57,112
2025-09-26,Wheat,45,90
2025-09-26,Sugar,46,110
2025-09-26,Tea,19,35
2025-09-26,Oil,23,30
2025-09-26,Biscuits,66,190
2025-09-26,Soap,32,86
2025-09-26,Shampoo,29,49
2025-09-27,Rice,76,141
2025-09-27,Wheat,69,95
2025-09-27,Sugar,54,121
2025-09-27,Tea,18,40
2025-09-27,Oil,26,36
2025-09-27,Biscuits,91,135
2025-09-27,Soap,40,52
2025-09-27,Shampoo,34,97
2025-09-28,Rice,68,142
2025-09-28,Wheat,66,110
2025-09-28,Sugar,60,171
2025-09-28,Tea,24,36
2025-09-28,Oil,25,44
2025-09-28,Biscuits,75,119
2025-09-28,Soap,40,75
2025-09-28,Shampoo,29,68
2025-09-29,Rice,59,73
2025-09-29,Wheat,51,62
2025-09-29,Sugar,47,101
2025-09-29,Tea,16,23
2025-09-29,Oil,22,58
2025-09-29,Biscuits,78,198
2025-09-29,Soap,33,41
2025-09-29,Shampoo,35,104
2025-09-30,Rice,71,106
2025-09-30,Wheat,58,104
2025-09-30,Sugar,49,69
2025-09-30,Tea,17,44
2025-09-30,Oil,23,68
2025-09-30,Biscuits,72,201
2025-09-30,Soap,38,76
2025-09-30,Shampoo,27,43
2025-10-01,Rice,55,153
2025-10-01,Wheat,40,81
2025-10-01,Sugar,59,91
2025-10-01,Tea,17,21
2025-10-01,Oil,21,56
2025-10-01,Biscuits,63,97
2025-10-01,Soap,30,57
2025-10-01,Shampoo,23,68
2025-10-02,Rice,53,94
2025-10-02,Wheat,53,104
2025-10-02,Sugar,42,123
2025-10-02,Tea,15,33
2025-10-02,Oil,19,42
2025-10-02,Biscuits,76,219
2025-10-02,Soap,39,93
2025-10-02,Shampoo,28,55
2025-10-03,Rice,71,200
2025-10-03,Wheat,55,159
2025-10-03,Sugar,47,70
2025-10-03,Tea,16,19
2025-10-03,Oil,19,51
2025-10-03,Biscuits,63,149
2025-10-03,Soap,33,50
2025-10-03,Shampoo,29,57
2025-10-04,Rice,71,182
2025-10-04,Wheat,64,181
2025-10-04,Sugar,55,161
2025-10-04,Tea,18,39
2025-10-04,Oil,26,56
2025-10-04,Biscuits,74,118
2025-10-04,Soap,41,80
2025-10-04,Shampoo,32,88
2025-10-05,Rice,67,188
2025-10-05,Wheat,62,111
2025-10-05,Sugar,52,98
2025-10-05,Tea,20,39
2025-10-05,Oil,26,33
2025-10-05,Biscuits,79,156
2025-10-05,Soap,45,70
2025-10-05,Shampoo,33,50
2025-10-06,Rice,54,148
2025-10-06,Wheat,55,113
2025-10-06,Sugar,46,120
2025-10-06,Tea,17,37
2025-10-06,Oil,22,39
2025-10-06,Biscuits,68,193
2025-10-06,Soap,35,95
2025-10-06,Shampoo,31,58
2025-10-07,Rice,61,94
2025-10-07,Wheat,60,76
2025-10-07,Sugar,49,81
2025-10-07,Tea,16,31
2025-10-07,Oil,23,32
2025-10-07,Biscuits,80,119
2025-10-07,Soap,35,51
2025-10-07,Shampoo,34,61
2025-10-08,Rice,50,82
2025-10-08,Wheat,55,148
2025-10-08,Sugar,42,67
2025-10-08,Tea,19,54
2025-10-08,Oil,24,48
2025-10-08,Biscuits,77,117
2025-10-08,Soap,39,91
2025-10-08,Shampoo,31,79
2025-10-09,Rice,74,97
2025-10-09,Wheat,54,137
2025-10-09,Sugar,49,83
2025-10-09,Tea,19,55
2025-10-09,Oil,24,67
2025-10-09,Biscuits,79,132
2025-10-09,Soap,29,40
2025-10-09,Shampoo,29,37
2025-10-10,Rice,49,126
2025-10-10,Wheat,53,140
2025-10-10,Sugar,51,121
2025-10-10,Tea,17,27
2025-10-10,Oil,22,35
2025-10-10,Biscuits,69,141
2025-10-10,Soap,36,81
2025-10-10,Shampoo,28,77
2025-10-11,Rice,89,166
2025-10-11,Wheat,74,109
2025-10-11,Sugar,66,141
2025-10-11,Tea,19,23
2025-10-11,Oil,28,34
2025-10-11,Biscuits,80,204
2025-10-11,Soap,36,72
2025-10-11,Shampoo,39,93
2025-10-12,Rice,68,151
2025-10-12,Wheat,71,193
2025-10-12,Sugar,40,100
2025-10-12,Tea,23,45
2025-10-12,Oil,22,35
2025-10-12,Biscuits,87,168
2025-10-12,Soap,42,98
2025-10-12,Shampoo,24,68
2025-10-13,Rice,61,99
2025-10-13,Wheat,53,83
2025-10-13,Sugar,46,121
2025-10-13,Tea,16,23
2025-10-13,Oil,24,48
2025-10-13,Biscuits,80,158
2025-10-13,Soap,35,50
2025-10-13,Shampoo,35,101
2025-10-14,Rice,66,84
2025-10-14,Wheat,49,143
2025-10-14,Sugar,48,114
2025-10-14,Tea,16,28
2025-10-14,Oil,24,43
2025-10-14,Biscuits,78,195
2025-10-14,Soap,35,80
2025-10-14,Shampoo,27,33
2025-10-15,Rice,60,123
2025-10-15,Wheat,45,54
2025-10-15,Sugar,47,96
2025-10-15,Tea,18,22
2025-10-15,Oil,23,46
2025-10-15,Biscuits,66,118
2025-10-15,Soap,41,56
2025-10-15,Shampoo,30,72
2025-10-16,Rice,69,171
2025-10-16,Wheat,58,156
2025-10-16,Sugar,46,135
2025-10-16,Tea,19,51
2025-10-16,Oil,25,40
2025-10-16,Biscuits,77,157
2025-10-16,Soap,31,52
2025-10-16,Shampoo,29,38
2025-10-17,Rice,89,195
2025-10-17,Wheat,77,230
2025-10-17,Sugar,77,154
2025-10-17,Tea,24,64
2025-10-17,Oil,32,38
2025-10-17,Biscuits,94,231
2025-10-17,Soap,49,143
2025-10-17,Shampoo,42,71
2025-10-18,Rice,101,130
2025-10-18,Wheat,87,186
2025-10-18,Sugar,77,185
2025-10-18,Tea,35,93
2025-10-18,Oil,41,119
2025-10-18,Biscuits,99,141
2025-10-18,Soap,57,95
2025-10-18,Shampoo,47,64
2025-10-19,Rice,90,177
2025-10-19,Wheat,96,191
2025-10-19,Sugar,84,225
2025-10-19,Tea,30,85
2025-10-19,Oil,44,126
2025-10-19,Biscuits,109,176
2025-10-19,Soap,69,125
2025-10-19,Shampoo,42,89
2025-10-20,Rice,89,189
2025-10-20,Wheat,86,195
2025-10-20,Sugar,79,192
2025-10-20,Tea,34,95
2025-10-20,Oil,35,58
2025-10-20,Biscuits,110,215
2025-10-20,Soap,56,83
2025-10-20,Shampoo,44,104
2025-10-21,Rice,92,179
2025-10-21,Wheat,66,86
2025-10-21,Sugar,72,201
2025-10-21,Tea,26,53
2025-10-21,Oil,38,101
2025-10-21,Biscuits,108,291
2025-10-21,Soap,57,136
2025-10-21,Shampoo,40,55
2025-10-22,Rice,85,214
2025-10-22,Wheat,75,145
2025-10-22,Sugar,79,195
2025-10-22,Tea,24,29
2025-10-22,Oil,42,81
2025-10-22,Biscuits,111,255
2025-10-22,Soap,55,145
2025-10-22,Shampoo,48,82
2025-10-23,Rice,94,218
2025-10-23,Wheat,79,205
2025-10-23,Sugar,67,151
2025-10-23,Tea,30,37
2025-10-23,Oil,29,59
2025-10-23,Biscuits,127,307
2025-10-23,Soap,57,81
2025-10-23,Shampoo,39,95
2025-10-24,Rice,96,262
2025-10-24,Wheat,82,211
2025-10-24,Sugar,68,128
2025-10-24,Tea,27,67
2025-10-24,Oil,44,123
2025-10-24,Biscuits,123,343
2025-10-24,Soap,47,105
2025-10-24,Shampoo,45,54
2025-10-25,Rice,108,293
2025-10-25,Wheat,98,138
2025-10-25,Sugar,82,113
2025-10-25,Tea,31,62
2025-10-25,Oil,50,124
2025-10-25,Biscuits,130,317
2025-10-25,Soap,74,178
2025-10-25,Shampoo,54,65
2025-10-26,Rice,120,159
2025-10-26,Wheat,110,169
2025-10-26,Sugar,74,106
2025-10-26,Tea,33,49
2025-10-26,Oil,38,69
2025-10-26,Biscuits,156,388
2025-10-26,Soap,62,133
2025-10-26,Shampoo,34,44
2025-10-27,Rice,87,232
2025-10-27,Wheat,91,222
2025-10-27,Sugar,65,110
2025-10-27,Tea,23,65
2025-10-27,Oil,37,45
2025-10-27,Biscuits,113,243
2025-10-27,Soap,53,98
2025-10-27,Shampoo,45,95
2025-10-28,Rice,79,151
2025-10-28,Wheat,76,120
2025-10-28,Sugar,61,105
2025-10-28,Tea,27,59
2025-10-28,Oil,36,49
2025-10-28,Biscuits,109,190
2025-10-28,Soap,51,74
2025-10-28,Shampoo,42,84
2025-10-29,Rice,94,208
2025-10-29,Wheat,82,117
2025-10-29,Sugar,70,141
2025-10-29,Tea,27,78
2025-10-29,Oil,33,97
2025-10-29,Biscuits,107,258
2025-10-29,Soap,49,64
2025-10-29,Shampoo,46,130
2025-10-30,Rice,100,277
2025-10-30,Wheat,88,244
2025-10-30,Sugar,71,138
2025-10-30,Tea,27,65
2025-10-30,Oil,32,79
2025-10-30,Biscuits,108,241
2025-10-30,Soap,54,134
2025-10-30,Shampoo,43,97
2025-10-31,Rice,71,167
2025-10-31,Wheat,82,99
2025-10-31,Sugar,75,190
2025-10-31,Tea,23,32
2025-10-31,Oil,37,76
2025-10-31,Biscuits,110,301
2025-10-31,Soap,49,74
2025-10-31,Shampoo,48,89
2025-11-01,Rice,73,179
2025-11-01,Wheat,68,142
2025-11-01,Sugar,50,120
2025-11-01,Tea,22,27
2025-11-01,Oil,30,40
2025-11-01,Biscuits,87,110
2025-11-01,Soap,34,101
2025-11-01,Shampoo,39,105
2025-11-02,Rice,76,207
2025-11-02,Wheat,54,97
2025-11-02,Sugar,57,71
2025-11-02,Tea,19,35
2025-11-02,Oil,30,49
2025-11-02,Biscuits,91,168
2025-11-02,Soap,45,110
2025-11-02,Shampoo,36,89
2025-11-03,Rice,60,136
2025-11-03,Wheat,54,70
2025-11-03,Sugar,49,116
2025-11-03,Tea,18,24
2025-11-03,Oil,21,53
2025-11-03,Biscuits,87,115
2025-11-03,Soap,34,56
2025-11-03,Shampoo,28,68
2025-11-04,Rice,57,109
2025-11-04,Wheat,52,139
2025-11-04,Sugar,53,96
2025-11-04,Tea,21,29
2025-11-04,Oil,21,36
2025-11-04,Biscuits,64,84
2025-11-04,Soap,36,54
2025-11-04,Shampoo,29,66
2025-11-05,Rice,97,186
2025-11-05,Wheat,82,162
2025-11-05,Sugar,60,150
2025-11-05,Tea,31,86
2025-11-05,Oil,35,69
2025-11-05,Biscuits,86,122
2025-11-05,Soap,50,103
2025-11-05,Shampoo,42,51
2025-11-06,Rice,101,196
2025-11-06,Wheat,82,156
2025-11-06,Sugar,66,90
2025-11-06,Tea,26,45
2025-11-06,Oil,37,107
2025-11-06,Biscuits,103,172
2025-11-06,Soap,50,61
2025-11-06,Shampoo,42,58
2025-11-07,Rice,101,195
2025-11-07,Wheat,85,234
2025-11-07,Sugar,60,134
2025-11-07,Tea,27,55
2025-11-07,Oil,37,63
2025-11-07,Biscuits,96,179
2025-11-07,Soap,45,111
2025-11-07,Shampoo,54,151
2025-11-08,Rice,128,277
2025-11-08,Wheat,93,131
2025-11-08,Sugar,104,286
2025-11-08,Tea,35,75
2025-11-08,Oil,37,105
2025-11-08,Biscuits,125,251
2025-11-08,Soap,53,149
2025-11-08,Shampoo,56,99
2025-11-09,Rice,110,144
2025-11-09,Wheat,104,140
2025-11-09,Sugar,93,223
2025-11-09,Tea,35,58
2025-11-09,Oil,41,99
2025-11-09,Biscuits,104,273
2025-11-09,Soap,69,154
2025-11-09,Shampoo,57,111
2025-11-10,Rice,91,253
2025-11-10,Wheat,77,195
2025-11-10,Sugar,60,135
2025-11-10,Tea,31,50
2025-11-10,Oil,34,85
2025-11-10,Biscuits,112,271
2025-11-10,Soap,53,105
2025-11-10,Shampoo,42,93
2025-11-11,Rice,99,160
2025-11-11,Wheat,78,223
2025-11-11,Sugar,64,103
2025-11-11,Tea,26,60
2025-11-11,Oil,35,61
2025-11-11,Biscuits,103,254
2025-11-11,Soap,61,171
2025-11-11,Shampoo,37,100
2025-11-12,Rice,87,222
2025-11-12,Wheat,88,255
2025-11-12,Sugar,55,71
2025-11-12,Tea,24,52
2025-11-12,Oil,34,63
2025-11-12,Biscuits,103,212
2025-11-12,Soap,49,87
2025-11-12,Shampoo,49,113
2025-11-13,Rice,101,135
2025-11-13,Wheat,80,143
2025-11-13,Sugar,71,211
2025-11-13,Tea,24,31
2025-11-13,Oil,33,53
2025-11-13,Biscuits,117,308
2025-11-13,Soap,58,84
2025-11-13,Shampoo,46,133
2025-11-14,Rice,109,171
2025-11-14,Wheat,78,142
2025-11-14,Sugar,80,163
2025-11-14,Tea,28,49
2025-11-14,Oil,33,61
2025-11-14,Biscuits,107,205
2025-11-14,Soap,64,83
2025-11-14,Shampoo,45,110
2025-11-15,Rice,128,288
2025-11-15,Wheat,93,270
2025-11-15,Sugar,89,151
2025-11-15,Tea,30,89
2025-11-15,Oil,45,118
2025-11-15,Biscuits,104,249
2025-11-15,Soap,65,190
2025-11-15,Shampoo,60,176
2025-11-16,Rice,120,163
2025-11-16,Wheat,83,191
2025-11-16,Sugar,74,141
2025-11-16,Tea,34,69
2025-11-16,Oil,42,112
2025-11-16,Biscuits,116,178
2025-11-16,Soap,66,123
2025-11-16,Shampoo,62,77
2025-11-17,Rice,94,209
2025-11-17,Wheat,91,173
2025-11-17,Sugar,77,196
2025-11-17,Tea,25,68
2025-11-17,Oil,34,50
2025-11-17,Biscuits,114,294
2025-11-17,Soap,43,62
2025-11-17,Shampoo,51,74
2025-11-18,Rice,84,143
2025-11-18,Wheat,69,170
2025-11-18,Sugar,73,121
2025-11-18,Tea,25,55
2025-11-18,Oil,34,82
2025-11-18,Biscuits,103,182
2025-11-18,Soap,36,62
2025-11-18,Shampoo,42,123
2025-11-19,Rice,93,184
2025-11-19,Wheat,91,196
2025-11-19,Sugar,74,154
2025-11-19,Tea,24,61
2025-11-19,Oil,41,56
2025-11-19,Biscuits,117,151
2025-11-19,Soap,47,81
2025-11-19,Shampoo,41,71
2025-11-20,Rice,58,164
2025-11-20,Wheat,54,71
2025-11-20,Sugar,52,149
2025-11-20,Tea,17,36
2025-11-20,Oil,24,34
2025-11-20,Biscuits,71,102
2025-11-20,Soap,30,84
2025-11-20,Shampoo,30,89
2025-11-21,Rice,52,152
2025-11-21,Wheat,52,120
2025-11-21,Sugar,43,62
2025-11-21,Tea,15,38
2025-11-21,Oil,23,68
2025-11-21,Biscuits,64,175
2025-11-21,Soap,33,97
2025-11-21,Shampoo,26,34
2025-11-22,Rice,72,129
2025-11-22,Wheat,81,175
2025-11-22,Sugar,59,107
2025-11-22,Tea,23,31
2025-11-22,Oil,29,61
2025-11-22,Biscuits,85,218
2025-11-22,Soap,46,104
2025-11-22,Shampoo,32,72
2025-11-23,Rice,73,203
2025-11-23,Wheat,71,164
2025-11-23,Sugar,56,116
2025-11-23,Tea,25,73
2025-11-23,Oil,28,40
2025-11-23,Biscuits,83,117
2025-11-23,Soap,44,129
2025-11-23,Shampoo,34,45
2025-11-24,Rice,51,80
2025-11-24,Wheat,53,126
2025-11-24,Sugar,51,122
2025-11-24,Tea,16,23
2025-11-24,Oil,21,32
2025-11-24,Biscuits,82,134
2025-11-24,Soap,34,53
2025-11-24,Shampoo,23,43
2025-11-25,Rice,58,150
2025-11-25,Wheat,48,103
2025-11-25,Sugar,53,91
2025-11-25,Tea,17,46
2025-11-25,Oil,28,37
2025-11-25,Biscuits,73,150
2025-11-25,Soap,36,54
2025-11-25,Shampoo,24,71
2025-11-26,Rice,48,76
2025-11-26,Wheat,54,85
2025-11-26,Sugar,49,67
2025-11-26,Tea,20,46
2025-11-26,Oil,27,74
2025-11-26,Biscuits,61,78
2025-11-26,Soap,39,86
2025-11-26,Shampoo,36,46
2025-11-27,Rice,62,180
2025-11-27,Wheat,47,90
2025-11-27,Sugar,57,80
2025-11-27,Tea,17,32
2025-11-27,Oil,24,51
2025-11-27,Biscuits,69,113
2025-11-27,Soap,33,94
2025-11-27,Shampoo,29,61
2025-11-28,Rice,60,108
2025-11-28,Wheat,51,138
2025-11-28,Sugar,39,68
2025-11-28,Tea,14,36
2025-11-28,Oil,24,34
2025-11-28,Biscuits,55,82
2025-11-28,Soap,39,60
2025-11-28,Shampoo,24,69
2025-11-29,Rice,81,123
2025-11-29,Wheat,67,130
2025-11-29,Sugar,56,158
2025-11-29,Tea,22,55
2025-11-29,Oil,29,53
2025-11-29,Biscuits,92,156
2025-11-29,Soap,35,80
2025-11-29,Shampoo,34,84
2025-11-30,Rice,68,195
2025-11-30,Wheat,61,105
2025-11-30,Sugar,55,75
2025-11-30,Tea,23,43
2025-11-30,Oil,27,40
2025-11-30,Biscuits,85,242
2025-11-30,Soap,31,65
2025-11-30,Shampoo,33,91
2025-12-01,Rice,69,109
2025-12-01,Wheat,54,75
2025-12-01,Sugar,45,130
2025-12-01,Tea,16,44
2025-12-01,Oil,17,29
2025-12-01,Biscuits,56,79
2025-12-01,Soap,30,69
2025-12-01,Shampoo,30,43
2025-12-02,Rice,58,161
2025-12-02,Wheat,46,74
2025-12-02,Sugar,43,60
2025-12-02,Tea,15,31
2025-12-02,Oil,29,63
2025-12-02,Biscuits,82,158
2025-12-02,Soap,35,104
2025-12-02,Shampoo,33,46
2025-12-03,Rice,63,84
2025-12-03,Wheat,55,101
2025-12-03,Sugar,44,72
2025-12-03,Tea,14,22
2025-12-03,Oil,25,44
2025-12-03,Biscuits,72,138
2025-12-03,Soap,33,46
2025-12-03,Shampoo,26,50
2025-12-04,Rice,55,67
2025-12-04,Wheat,60,156
2025-12-04,Sugar,44,94
2025-12-04,Tea,21,51
2025-12-04,Oil,26,58
2025-12-04,Biscuits,88,158
2025-12-04,Soap,33,65
2025-12-04,Shampoo,31,64
2025-12-05,Rice,55,134
2025-12-05,Wheat,61,120
2025-12-05,Sugar,39,86
2025-12-05,Tea,21,45
2025-12-05,Oil,23,64
2025-12-05,Biscuits,74,181
2025-12-05,Soap,33,41
2025-12-05,Shampoo,29,81
2025-12-06,Rice,82,175
2025-12-06,Wheat,75,136
2025-12-06,Sugar,60,104
2025-12-06,Tea,22,52
2025-12-06,Oil,29,65
2025-12-06,Biscuits,80,188
2025-12-06,Soap,40,113
2025-12-06,Shampoo,36,55
2025-12-07,Rice,68,172
2025-12-07,Wheat,62,113
2025-12-07,Sugar,54,158
2025-12-07,Tea,22,38
2025-12-07,Oil,34,72
2025-12-07,Biscuits,77,153
2025-12-07,Soap,36,43
2025-12-07,Shampoo,35,74
2025-12-08,Rice,54,142
2025-12-08,Wheat,57,132
2025-12-08,Sugar,47,129
2025-12-08,Tea,20,49
2025-12-08,Oil,23,59
2025-12-08,Biscuits,70,156
2025-12-08,Soap,34,97
2025-12-08,Shampoo,25,41
2025-12-09,Rice,54,149
2025-12-09,Wheat,54,153
2025-12-09,Sugar,46,60
2025-12-09,Tea,17,22
2025-12-09,Oil,24,31
2025-12-09,Biscuits,71,194
2025-12-09,Soap,33,53
2025-12-09,Shampoo,35,46
2025-12-10,Rice,63,165
2025-12-10,Wheat,44,108
2025-12-10,Sugar,51,90
2025-12-10,Tea,17,46
2025-12-10,Oil,24,48
2025-12-10,Biscuits,75,113
2025-12-10,Soap,35,78
2025-12-10,Shampoo,25,62
2025-12-11,Rice,57,94
2025-12-11,Wheat,52,131
2025-12-11,Sugar,53,76
2025-12-11,Tea,16,37
2025-12-11,Oil,21,35
2025-12-11,Biscuits,67,115
2025-12-11,Soap,30,47
2025-12-11,Shampoo,30,60
2025-12-12,Rice,44,82
2025-12-12,Wheat,45,64
2025-12-12,Sugar,47,75
2025-12-12,Tea,14,20
2025-12-12,Oil,23,68
2025-12-12,Biscuits,71,206
2025-12-12,Soap,39,109
2025-12-12,Shampoo,31,67
2025-12-13,Rice,75,150
2025-12-13,Wheat,62,90
2025-12-13,Sugar,49,139
2025-12-13,Tea,19,37
2025-12-13,Oil,30,60
2025-12-13,Biscuits,74,148
2025-12-13,Soap,38,53
2025-12-13,Shampoo,43,123
2025-12-14,Rice,83,242
2025-12-14,Wheat,64,88
2025-12-14,Sugar,57,91
2025-12-14,Tea,21,52
2025-12-14,Oil,28,38
2025-12-14,Biscuits,96,212
2025-12-14,Soap,38,64
2025-12-14,Shampoo,36,89
2025-12-15,Rice,53,96
2025-12-15,Wheat,43,126
2025-12-15,Sugar,52,129
2025-12-15,Tea,19,36
2025-12-15,Oil,22,58
2025-12-15,Biscuits,69,168
2025-12-15,Soap,39,63
2025-12-15,Shampoo,25,73
2025-12-16,Rice,66,139
2025-12-16,Wheat,49,105
2025-12-16,Sugar,52,106
2025-12-16,Tea,15,40
2025-12-16,Oil,30,89
2025-12-16,Biscuits,65,137
2025-12-16,Soap,32,84
2025-12-16,Shampoo,29,68
2025-12-17,Rice,59,121
2025-12-17,Wheat,61,159
2025-12-17,Sugar,51,65
2025-12-17,Tea,14,23
2025-12-17,Oil,25,44
2025-12-17,Biscuits,78,190
2025-12-17,Soap,34,86
2025-12-17,Shampoo,30,36
2025-12-18,Rice,96,119
2025-12-18,Wheat,86,118
2025-12-18,Sugar,72,127
2025-12-18,Tea,29,63
2025-12-18,Oil,27,67
2025-12-18,Biscuits,109,164
2025-12-18,Soap,56,150
2025-12-18,Shampoo,44,78
2025-12-19,Rice,102,281
2025-12-19,Wheat,79,171
2025-12-19,Sugar,64,84
2025-12-19,Tea,26,34
2025-12-19,Oil,42,125
2025-12-19,Biscuits,99,119
2025-12-19,Soap,56,123
2025-12-19,Shampoo,39,90
2025-12-20,Rice,109,275
2025-12-20,Wheat,105,268
2025-12-20,Sugar,82,152
2025-12-20,Tea,29,49
2025-12-20,Oil,46,117
2025-12-20,Biscuits,123,327
2025-12-20,Soap,70,181
2025-12-20,Shampoo,47,76
2025-12-21,Rice,90,196
2025-12-21,Wheat,99,191
2025-12-21,Sugar,85,204
2025-12-21,Tea,28,74
2025-12-21,Oil,45,88
2025-12-21,Biscuits,139,268
2025-12-21,Soap,57,121
2025-12-21,Shampoo,56,85
2025-12-22,Rice,81,230
2025-12-22,Wheat,76,169
2025-12-22,Sugar,66,160
2025-12-22,Tea,27,39
2025-12-22,Oil,41,96
2025-12-22,Biscuits,124,329
2025-12-22,Soap,57,114
2025-12-22,Shampoo,43,51
2025-12-23,Rice,109,224
2025-12-23,Wheat,78,178
2025-12-23,Sugar,74,91
2025-12-23,Tea,26,39
2025-12-23,Oil,36,72
2025-12-23,Biscuits,89,147
2025-12-23,Soap,55,117
2025-12-23,Shampoo,47,112
2025-12-24,Rice,109,189
2025-12-24,Wheat,79,123
2025-12-24,Sugar,70,104
2025-12-24,Tea,24,46
2025-12-24,Oil,29,85
2025-12-24,Biscuits,112,335
2025-12-24,Soap,57,136
2025-12-24,Shampoo,46,128
2025-12-25,Rice,92,218
2025-12-25,Wheat,75,139
2025-12-25,Sugar,62,134
2025-12-25,Tea,21,62
2025-12-25,Oil,30,51
2025-12-25,Biscuits,90,219
2025-12-25,Soap,56,159
2025-12-25,Shampoo,44,64
2025-12-26,Rice,89,121
2025-12-26,Wheat,79,212
2025-12-26,Sugar,75,129
2025-12-26,Tea,25,35
2025-12-26,Oil,32,42
2025-12-26,Biscuits,95,263
2025-12-26,Soap,53,75
2025-12-26,Shampoo,45,125
2025-12-27,Rice,111,312
2025-12-27,Wheat,89,238
2025-12-27,Sugar,89,238
2025-12-27,Tea,28,78
2025-12-27,Oil,41,60
2025-12-27,Biscuits,127,350
2025-12-27,Soap,61,101
2025-12-27,Shampoo,52,63
2025-12-28,Rice,116,234
2025-12-28,Wheat,121,326
2025-12-28,Sugar,90,124
2025-12-28,Tea,37,72
2025-12-28,Oil,41,77
2025-12-28,Biscuits,142,324
2025-12-28,Soap,59,101
2025-12-28,Shampoo,54,86
2025-12-29,Rice,94,251
2025-12-29,Wheat,58,155
2025-12-29,Sugar,76,161
2025-12-29,Tea,24,55
2025-12-29,Oil,36,101
2025-12-29,Biscuits,114,241
2025-12-29,Soap,49,78
2025-12-29,Shampoo,37,99
2025-12-30,Rice,81,188
2025-12-30,Wheat,76,98
2025-12-30,Sugar,64,113
2025-12-30,Tea,26,67
2025-12-30,Oil,35,68
2025-12-30,Biscuits,106,186
2025-12-30,Soap,52,111
2025-12-30,Shampoo,50,120
2025-12-31,Rice,93,182
2025-12-31,Wheat,93,206
2025-12-31,Sugar,58,156
2025-12-31,Tea,24,35
2025-12-31,Oil,36,50
2025-12-31,Biscuits,96,266
2025-12-31,Soap,53,149
2025-12-31,Shampoo,42,124
2026-01-01,Rice,91,118
2026-01-01,Wheat,76,186
2026-01-01,Sugar,71,166
2026-01-01,Tea,28,77
2026-01-01,Oil,34,46
2026-01-01,Biscuits,110,328
2026-01-01,Soap,50,126
2026-01-01,Shampoo,43,65
2026-01-02,Rice,97,117
2026-01-02,Wheat,80,125
2026-01-02,Sugar,64,143
2026-01-02,Tea,25,74
2026-01-02,Oil,35,70
2026-01-02,Biscuits,115,264
2026-01-02,Soap,48,81
2026-01-02,Shampoo,46,83
2026-01-03,Rice,107,150
2026-01-03,Wheat,92,171
2026-01-03,Sugar,75,164
2026-01-03,Tea,33,75
2026-01-03,Oil,44,56
2026-01-03,Biscuits,139,270
2026-01-03,Soap,57,73
2026-01-03,Shampoo,55,123
2026-01-04,Rice,112,243
2026-01-04,Wheat,82,198
2026-01-04,Sugar,85,135
2026-01-04,Tea,32,59
2026-01-04,Oil,39,79
2026-01-04,Biscuits,160,471
2026-01-04,Soap,70,100
2026-01-04,Shampoo,60,98
2026-01-05,Rice,67,132
2026-01-05,Wheat,88,134
2026-01-05,Sugar,71,150
2026-01-05,Tea,30,44
2026-01-05,Oil,38,69
2026-01-05,Biscuits,108,163
2026-01-05,Soap,59,74
2026-01-05,Shampoo,46,116
2026-01-06,Rice,92,182
2026-01-06,Wheat,80,186
2026-01-06,Sugar,57,95
2026-01-06,Tea,23,37
2026-01-06,Oil,27,80
2026-01-06,Biscuits,109,158
2026-01-06,Soap,61,111
2026-01-06,Shampoo,42,100
2026-01-07,Rice,90,138
2026-01-07,Wheat,80,151
2026-01-07,Sugar,77,95
2026-01-07,Tea,30,73
2026-01-07,Oil,33,78
2026-01-07,Biscuits,106,166
2026-01-07,Soap,66,194
2026-01-07,Shampoo,41,80
2026-01-08,Rice,90,243
2026-01-08,Wheat,92,235
2026-01-08,Sugar,63,179
2026-01-08,Tea,24,34
2026-01-08,Oil,35,46
2026-01-08,Biscuits,122,273
2026-01-08,Soap,47,114
2026-01-08,Shampoo,47,95
2026-01-09,Rice,78,233
2026-01-09,Wheat,80,222
2026-01-09,Sugar,70,148
2026-01-09,Tea,26,74
2026-01-09,Oil,36,53
2026-01-09,Biscuits,114,191
2026-01-09,Soap,57,165
2026-01-09,Shampoo,46,133
2026-01-10,Rice,77,166
2026-01-10,Wheat,80,156
2026-01-10,Sugar,74,131
2026-01-10,Tea,40,77
2026-01-10,Oil,40,106
2026-01-10,Biscuits,124,200
2026-01-10,Soap,58,117
2026-01-10,Shampoo,53,116
2026-01-11,Rice,109,239
2026-01-11,Wheat,97,198
2026-01-11,Sugar,98,226
2026-01-11,Tea,32,81
2026-01-11,Oil,43,117
2026-01-11,Biscuits,140,409
2026-01-11,Soap,70,126
2026-01-11,Shampoo,53,86
2026-01-12,Rice,100,148
2026-01-12,Wheat,76,94
2026-01-12,Sugar,72,117
2026-01-12,Tea,24,54
2026-01-12,Oil,33,41
2026-01-12,Biscuits,117,189
2026-01-12,Soap,55,95
2026-01-12,Shampoo,45,130
2026-01-13,Rice,84,171
2026-01-13,Wheat,76,117
2026-01-13,Sugar,64,88
2026-01-13,Tea,27,57
2026-01-13,Oil,36,78
2026-01-13,Biscuits,107,282
2026-01-13,Soap,58,91
2026-01-13,Shampoo,41,92
2026-01-14,Rice,92,155
2026-01-14,Wheat,78,174
2026-01-14,Sugar,60,99
2026-01-14,Tea,33,79
2026-01-14,Oil,32,84
2026-01-14,Biscuits,106,269
2026-01-14,Soap,42,66
2026-01-14,Shampoo,40,68
2026-01-15,Rice,88,168
2026-01-15,Wheat,77,167
2026-01-15,Sugar,72,157
2026-01-15,Tea,29,68
2026-01-15,Oil,39,113
2026-01-15,Biscuits,107,151
2026-01-15,Soap,43,57
2026-01-15,Shampoo,43,101
2026-01-16,Rice,69,166
2026-01-16,Wheat,80,109
2026-01-16,Sugar,74,160
2026-01-16,Tea,27,35
2026-01-16,Oil,33,60
2026-01-16,Biscuits,95,188
2026-01-16,Soap,69,191
2026-01-16,Shampoo,36,103
2026-01-17,Rice,108,241
2026-01-17,Wheat,99,149
2026-01-17,Sugar,82,162
2026-01-17,Tea,25,46
2026-01-17,Oil,47,94
2026-01-17,Biscuits,116,310
2026-01-17,Soap,60,179
2026-01-17,Shampoo,49,73
2026-01-18,Rice,114,249
2026-01-18,Wheat,96,157
2026-01-18,Sugar,100,130
2026-01-18,Tea,35,58
2026-01-18,Oil,38,100
2026-01-18,Biscuits,125,303
2026-01-18,Soap,70,99
2026-01-18,Shampoo,45,120
2026-01-19,Rice,89,233
2026-01-19,Wheat,79,110
2026-01-19,Sugar,82,162
2026-01-19,Tea,22,51
2026-01-19,Oil,25,58
2026-01-19,Biscuits,104,125
2026-01-19,Soap,52,149
2026-01-19,Shampoo,39,79
2026-01-20,Rice,96,285
2026-01-20,Wheat,96,177
2026-01-20,Sugar,67,180
2026-01-20,Tea,26,32
2026-01-20,Oil,37,101
2026-01-20,Biscuits,89,190
2026-01-20,Soap,50,148
2026-01-20,Shampoo,50,80
2026-01-21,Rice,82,193
2026-01-21,Wheat,78,107
2026-01-21,Sugar,75,184
2026-01-21,Tea,27,34
2026-01-21,Oil,39,72
2026-01-21,Biscuits,105,142
2026-01-21,Soap,48,138
2026-01-21,Shampoo,42,79
2026-01-22,Rice,94,268
2026-01-22,Wheat,96,184
2026-01-22,Sugar,71,199
2026-01-22,Tea,29,46
2026-01-22,Oil,36,53
2026-01-22,Biscuits,103,232
2026-01-22,Soap,60,91
2026-01-22,Shampoo,51,83
2026-01-23,Rice,49,67
2026-01-23,Wheat,52,96
2026-01-23,Sugar,53,126
2026-01-23,Tea,16,22
2026-01-23,Oil,21,32
2026-01-23,Biscuits,73,160
2026-01-23,Soap,35,101
2026-01-23,Shampoo,33,52
2026-01-24,Rice,70,102
2026-01-24,Wheat,60,145
2026-01-24,Sugar,60,107
2026-01-24,Tea,20,57
2026-01-24,Oil,30,39
2026-01-24,Biscuits,92,150
2026-01-24,Soap,45,103
2026-01-24,Shampoo,37,73
2026-01-25,Rice,74,207
2026-01-25,Wheat,64,188
2026-01-25,Sugar,65,139
2026-01-25,Tea,17,22
2026-01-25,Oil,27,64
2026-01-25,Biscuits,72,130
2026-01-25,Soap,42,100
2026-01-25,Shampoo,35,59
2026-01-26,Rice,61,158
2026-01-26,Wheat,61,131
2026-01-26,Sugar,50,140
2026-01-26,Tea,19,28
2026-01-26,Oil,22,39
2026-01-26,Biscuits,63,133
2026-01-26,Soap,43,84
2026-01-26,Shampoo,32,84
2026-01-27,Rice,52,79
2026-01-27,Wheat,60,96
2026-01-27,Sugar,41,49
2026-01-27,Tea,15,26
2026-01-27,Oil,26,53
2026-01-27,Biscuits,78,213
2026-01-27,Soap,32,63
2026-01-27,Shampoo,27,72
2026-01-28,Rice,56,105
2026-01-28,Wheat,46,61
2026-01-28,Sugar,47,111
2026-01-28,Tea,19,32
2026-01-28,Oil,27,73
2026-01-28,Biscuits,82,230
2026-01-28,Soap,32,86
2026-01-28,Shampoo,29,50
2026-01-29,Rice,59,76
2026-01-29,Wheat,52,90
2026-01-29,Sugar,53,110
2026-01-29,Tea,17,41
2026-01-29,Oil,28,47
2026-01-29,Biscuits,74,211
2026-01-29,Soap,35,100
2026-01-29,Shampoo,33,79
2026-01-30,Rice,67,163
2026-01-30,Wheat,59,112
2026-01-30,Sugar,56,79
2026-01-30,Tea,17,39
2026-01-30,Oil,28,62
2026-01-30,Biscuits,68,112
2026-01-30,Soap,44,106
2026-01-30,Shampoo,30,52
2026-01-31,Rice,52,103
2026-01-31,Wheat,81,151
2026-01-31,Sugar,57,142
2026-01-31,Tea,26,36
2026-01-31,Oil,31,71
2026-01-31,Biscuits,96,213
2026-01-31,Soap,49,142
2026-01-31,Shampoo,33,45
2026-02-01,Rice,86,155
2026-02-01,Wheat,73,102
2026-02-01,Sugar,54,152
2026-02-01,Tea,20,57
2026-02-01,Oil,30,81
2026-02-01,Biscuits,70,99
2026-02-01,Soap,44,78
2026-02-01,Shampoo,34,80
2026-02-02,Rice,66,178
2026-02-02,Wheat,58,107
2026-02-02,Sugar,45,105
2026-02-02,Tea,14,35
2026-02-02,Oil,25,51
2026-02-02,Biscuits,77,186
2026-02-02,Soap,31,51
2026-02-02,Shampoo,36,105
2026-02-03,Rice,61,120
2026-02-03,Wheat,57,83
2026-02-03,Sugar,45,88
2026-02-03,Tea,17,39
2026-02-03,Oil,24,49
2026-02-03,Biscuits,72,94
2026-02-03,Soap,36,77
2026-02-03,Shampoo,24,33
2026-02-04,Rice,64,107
2026-02-04,Wheat,56,141
2026-02-04,Sugar,46,124
2026-02-04,Tea,20,27
2026-02-04,Oil,23,35
2026-02-04,Biscuits,66,133
2026-02-04,Soap,28,48
2026-02-04,Shampoo,31,59
2026-02-05,Rice,58,135
2026-02-05,Wheat,50,115
2026-02-05,Sugar,49,136
2026-02-05,Tea,19,31
2026-02-05,Oil,25,52
2026-02-05,Biscuits,66,107
2026-02-05,Soap,35,94
2026-02-05,Shampoo,24,33
2026-02-06,Rice,60,129
2026-02-06,Wheat,60,94
2026-02-06,Sugar,53,131
2026-02-06,Tea,20,36
2026-02-06,Oil,24,65
2026-02-06,Biscuits,79,161
2026-02-06,Soap,33,70
2026-02-06,Shampoo,23,55
2026-02-07,Rice,69,127
2026-02-07,Wheat,61,106
2026-02-07,Sugar,50,62
2026-02-07,Tea,20,59
2026-02-07,Oil,26,76
2026-02-07,Biscuits,82,133
2026-02-07,Soap,42,72
2026-02-07,Shampoo,37,103
2026-02-08,Rice,75,139
2026-02-08,Wheat,68,95
2026-02-08,Sugar,57,85
2026-02-08,Tea,20,56
2026-02-08,Oil,31,62
2026-02-08,Biscuits,75,162
2026-02-08,Soap,40,112
2026-02-08,Shampoo,41,60
2026-02-09,Rice,68,111
2026-02-09,Wheat,52,149
2026-02-09,Sugar,45,84
2026-02-09,Tea,14,34
2026-02-09,Oil,25,30
2026-02-09,Biscuits,64,120
2026-02-09,Soap,42,60
2026-02-09,Shampoo,31,72
2026-02-10,Rice,54,121
2026-02-10,Wheat,58,119
2026-02-10,Sugar,49,61
2026-02-10,Tea,17,24
2026-02-10,Oil,24,50
2026-02-10,Biscuits,66,188
2026-02-10,Soap,39,91
2026-02-10,Shampoo,32,50
2026-02-11,Rice,52,66
2026-02-11,Wheat,48,75
2026-02-11,Sugar,43,64
2026-02-11,Tea,19,30
2026-02-11,Oil,22,63
2026-02-11,Biscuits,70,194
2026-02-11,Soap,33,93
2026-02-11,Shampoo,26,36
2026-02-12,Rice,54,147
2026-02-12,Wheat,52,76
2026-02-12,Sugar,45,64
2026-02-12,Tea,19,55
2026-02-12,Oil,25,56
2026-02-12,Biscuits,70,140
2026-02-12,Soap,42,85
2026-02-12,Shampoo,33,68
2026-02-13,Rice,57,140
2026-02-13,Wheat,51,97
2026-02-13,Sugar,51,71
2026-02-13,Tea,18,30
2026-02-13,Oil,24,40
2026-02-13,Biscuits,85,128
2026-02-13,Soap,39,55
2026-02-13,Shampoo,26,47
2026-02-14,Rice,71,128
2026-02-14,Wheat,70,138
2026-02-14,Sugar,48,94
2026-02-14,Tea,25,43
2026-02-14,Oil,30,56
2026-02-14,Biscuits,87,208
2026-02-14,Soap,53,97
2026-02-14,Shampoo,31,76
2026-02-15,Rice,67,151
2026-02-15,Wheat,71,101
2026-02-15,Sugar,56,151
2026-02-15,Tea,23,56
2026-02-15,Oil,24,68
2026-02-15,Biscuits,96,184
2026-02-15,Soap,47,118
2026-02-15,Shampoo,33,43
2026-02-16,Rice,68,118
2026-02-16,Wheat,55,78
2026-02-16,Sugar,46,125
2026-02-16,Tea,16,41
2026-02-16,Oil,23,58
2026-02-16,Biscuits,76,148
2026-02-16,Soap,31,66
2026-02-16,Shampoo,27,56
